"","Begin_Date","Begin_Hour","Transit","Notes","SiteID"
"1",2020-02-08,0,0,NA,"MRE"
"2",2020-02-08,1,0,NA,"MRE"
"3",2020-02-08,2,0,NA,"MRE"
"4",2020-02-08,3,0,NA,"MRE"
"5",2020-02-08,4,0,NA,"MRE"
"6",2020-02-08,5,0,NA,"MRE"
"7",2020-02-08,6,0,NA,"MRE"
"8",2020-02-08,7,0,NA,"MRE"
"9",2020-02-08,8,0,NA,"MRE"
"10",2020-02-08,9,0,NA,"MRE"
"11",2020-02-08,10,0,NA,"MRE"
"12",2020-02-08,11,0,NA,"MRE"
"13",2020-02-08,12,0,NA,"MRE"
"14",2020-02-08,13,0,NA,"MRE"
"15",2020-02-08,14,0,NA,"MRE"
"16",2020-02-08,15,0,NA,"MRE"
"17",2020-02-08,16,0,NA,"MRE"
"18",2020-02-08,17,0,NA,"MRE"
"19",2020-02-08,18,0,NA,"MRE"
"20",2020-02-08,19,0,NA,"MRE"
"21",2020-02-08,20,0,NA,"MRE"
"22",2020-02-08,21,0,NA,"MRE"
"23",2020-02-08,22,0,NA,"MRE"
"24",2020-02-08,23,0,NA,"MRE"
"25",2020-02-09,0,0,NA,"MRE"
"26",2020-02-09,1,0,NA,"MRE"
"27",2020-02-09,2,0,NA,"MRE"
"28",2020-02-09,3,0,NA,"MRE"
"29",2020-02-09,4,0,NA,"MRE"
"30",2020-02-09,5,0,NA,"MRE"
"31",2020-02-09,6,0,NA,"MRE"
"32",2020-02-09,7,0,NA,"MRE"
"33",2020-02-09,8,0,NA,"MRE"
"34",2020-02-09,9,0,NA,"MRE"
"35",2020-02-09,10,0,NA,"MRE"
"36",2020-02-09,11,0,NA,"MRE"
"37",2020-02-09,12,0,NA,"MRE"
"38",2020-02-09,13,0,NA,"MRE"
"39",2020-02-09,14,0,NA,"MRE"
"40",2020-02-09,15,0,NA,"MRE"
"41",2020-02-09,16,0,NA,"MRE"
"42",2020-02-09,17,0,NA,"MRE"
"43",2020-02-09,18,0,NA,"MRE"
"44",2020-02-09,19,0,NA,"MRE"
"45",2020-02-09,20,0,NA,"MRE"
"46",2020-02-09,21,0,NA,"MRE"
"47",2020-02-09,22,0,NA,"MRE"
"48",2020-02-09,23,0,NA,"MRE"
"49",2020-02-10,0,0,NA,"MRE"
"50",2020-02-10,1,0,NA,"MRE"
"51",2020-02-10,2,0,NA,"MRE"
"52",2020-02-10,3,0,NA,"MRE"
"53",2020-02-10,4,0,NA,"MRE"
"54",2020-02-10,5,0,NA,"MRE"
"55",2020-02-10,6,0,NA,"MRE"
"56",2020-02-10,7,0,NA,"MRE"
"57",2020-02-10,8,0,NA,"MRE"
"58",2020-02-10,9,0,NA,"MRE"
"59",2020-02-10,10,0,NA,"MRE"
"60",2020-02-10,11,0,NA,"MRE"
"61",2020-02-10,12,0,NA,"MRE"
"62",2020-02-10,13,0,NA,"MRE"
"63",2020-02-10,14,0,NA,"MRE"
"64",2020-02-10,15,0,NA,"MRE"
"65",2020-02-10,16,0,NA,"MRE"
"66",2020-02-10,17,0,NA,"MRE"
"67",2020-02-10,18,0,NA,"MRE"
"68",2020-02-10,19,0,NA,"MRE"
"69",2020-02-10,20,0,NA,"MRE"
"70",2020-02-10,21,0,NA,"MRE"
"71",2020-02-10,22,0,NA,"MRE"
"72",2020-02-10,23,0,NA,"MRE"
"73",2020-02-11,0,0,NA,"MRE"
"74",2020-02-11,1,0,NA,"MRE"
"75",2020-02-11,2,0,NA,"MRE"
"76",2020-02-11,3,0,NA,"MRE"
"77",2020-02-11,4,0,NA,"MRE"
"78",2020-02-11,5,0,NA,"MRE"
"79",2020-02-11,6,0,NA,"MRE"
"80",2020-02-11,7,0,NA,"MRE"
"81",2020-02-11,8,0,NA,"MRE"
"82",2020-02-11,9,0,NA,"MRE"
"83",2020-02-11,10,0,NA,"MRE"
"84",2020-02-11,11,0,NA,"MRE"
"85",2020-02-11,12,0,NA,"MRE"
"86",2020-02-11,13,0,NA,"MRE"
"87",2020-02-11,14,0,NA,"MRE"
"88",2020-02-11,15,0,NA,"MRE"
"89",2020-02-11,16,0,NA,"MRE"
"90",2020-02-11,17,0,NA,"MRE"
"91",2020-02-11,18,0,NA,"MRE"
"92",2020-02-11,19,0,NA,"MRE"
"93",2020-02-11,20,0,NA,"MRE"
"94",2020-02-11,21,0,NA,"MRE"
"95",2020-02-11,22,0,NA,"MRE"
"96",2020-02-11,23,0,NA,"MRE"
"97",2020-02-12,0,0,NA,"MRE"
"98",2020-02-12,1,0,NA,"MRE"
"99",2020-02-12,2,0,NA,"MRE"
"100",2020-02-12,3,0,NA,"MRE"
"101",2020-02-12,4,0,NA,"MRE"
"102",2020-02-12,5,0,NA,"MRE"
"103",2020-02-12,6,0,NA,"MRE"
"104",2020-02-12,7,0,NA,"MRE"
"105",2020-02-12,8,0,NA,"MRE"
"106",2020-02-12,9,0,NA,"MRE"
"107",2020-02-12,10,0,NA,"MRE"
"108",2020-02-12,11,0,NA,"MRE"
"109",2020-02-12,12,0,NA,"MRE"
"110",2020-02-12,13,0,NA,"MRE"
"111",2020-02-12,14,0,NA,"MRE"
"112",2020-02-12,15,0,NA,"MRE"
"113",2020-02-12,16,0,NA,"MRE"
"114",2020-02-12,17,0,NA,"MRE"
"115",2020-02-12,18,0,NA,"MRE"
"116",2020-02-12,19,0,NA,"MRE"
"117",2020-02-12,20,0,NA,"MRE"
"118",2020-02-12,21,0,NA,"MRE"
"119",2020-02-12,22,0,NA,"MRE"
"120",2020-02-12,23,0,NA,"MRE"
"121",2020-02-13,0,0,NA,"MRE"
"122",2020-02-13,1,0,NA,"MRE"
"123",2020-02-13,2,0,NA,"MRE"
"124",2020-02-13,3,0,NA,"MRE"
"125",2020-02-13,4,0,NA,"MRE"
"126",2020-02-13,5,0,NA,"MRE"
"127",2020-02-13,6,0,NA,"MRE"
"128",2020-02-13,7,0,NA,"MRE"
"129",2020-02-13,8,0,NA,"MRE"
"130",2020-02-13,9,0,NA,"MRE"
"131",2020-02-13,10,0,NA,"MRE"
"132",2020-02-13,11,0,NA,"MRE"
"133",2020-02-13,12,0,NA,"MRE"
"134",2020-02-13,13,0,NA,"MRE"
"135",2020-02-13,14,0,NA,"MRE"
"136",2020-02-13,15,0,NA,"MRE"
"137",2020-02-13,16,0,NA,"MRE"
"138",2020-02-13,17,0,NA,"MRE"
"139",2020-02-13,18,0,NA,"MRE"
"140",2020-02-13,19,0,NA,"MRE"
"141",2020-02-13,20,0,NA,"MRE"
"142",2020-02-13,21,0,NA,"MRE"
"143",2020-02-13,22,0,NA,"MRE"
"144",2020-02-13,23,0,NA,"MRE"
"145",2020-02-14,0,0,NA,"MRE"
"146",2020-02-14,1,0,NA,"MRE"
"147",2020-02-14,2,0,NA,"MRE"
"148",2020-02-14,3,0,NA,"MRE"
"149",2020-02-14,4,0,NA,"MRE"
"150",2020-02-14,5,0,NA,"MRE"
"151",2020-02-14,6,0,NA,"MRE"
"152",2020-02-14,7,0,NA,"MRE"
"153",2020-02-14,8,0,NA,"MRE"
"154",2020-02-14,9,0,NA,"MRE"
"155",2020-02-14,10,0,NA,"MRE"
"156",2020-02-14,11,0,NA,"MRE"
"157",2020-02-14,12,0,NA,"MRE"
"158",2020-02-14,13,0,NA,"MRE"
"159",2020-02-14,14,0,NA,"MRE"
"160",2020-02-14,15,0,NA,"MRE"
"161",2020-02-14,16,0,NA,"MRE"
"162",2020-02-14,17,0,NA,"MRE"
"163",2020-02-14,18,0,NA,"MRE"
"164",2020-02-14,19,0,NA,"MRE"
"165",2020-02-14,20,0,NA,"MRE"
"166",2020-02-14,21,0,NA,"MRE"
"167",2020-02-14,22,0,NA,"MRE"
"168",2020-02-14,23,0,NA,"MRE"
"169",2020-02-15,0,0,NA,"MRE"
"170",2020-02-15,1,0,NA,"MRE"
"171",2020-02-15,2,0,NA,"MRE"
"172",2020-02-15,3,0,NA,"MRE"
"173",2020-02-15,4,0,NA,"MRE"
"174",2020-02-15,5,0,NA,"MRE"
"175",2020-02-15,6,0,NA,"MRE"
"176",2020-02-15,7,0,NA,"MRE"
"177",2020-02-15,8,0,NA,"MRE"
"178",2020-02-15,9,0,NA,"MRE"
"179",2020-02-15,10,0,NA,"MRE"
"180",2020-02-15,11,0,NA,"MRE"
"181",2020-02-15,12,0,NA,"MRE"
"182",2020-02-15,13,0,NA,"MRE"
"183",2020-02-15,14,0,NA,"MRE"
"184",2020-02-15,15,0,NA,"MRE"
"185",2020-02-15,16,0,NA,"MRE"
"186",2020-02-15,17,0,NA,"MRE"
"187",2020-02-15,18,0,NA,"MRE"
"188",2020-02-15,19,0,NA,"MRE"
"189",2020-02-15,20,0,NA,"MRE"
"190",2020-02-15,21,0,NA,"MRE"
"191",2020-02-15,22,0,NA,"MRE"
"192",2020-02-15,23,0,NA,"MRE"
"193",2020-02-16,0,0,NA,"MRE"
"194",2020-02-16,1,0,NA,"MRE"
"195",2020-02-16,2,0,NA,"MRE"
"196",2020-02-16,3,0,NA,"MRE"
"197",2020-02-16,4,0,NA,"MRE"
"198",2020-02-16,5,0,NA,"MRE"
"199",2020-02-16,6,0,NA,"MRE"
"200",2020-02-16,7,0,NA,"MRE"
"201",2020-02-16,8,0,NA,"MRE"
"202",2020-02-16,9,0,NA,"MRE"
"203",2020-02-16,10,0,NA,"MRE"
"204",2020-02-16,11,0,NA,"MRE"
"205",2020-02-16,12,0,NA,"MRE"
"206",2020-02-16,13,0,NA,"MRE"
"207",2020-02-16,14,0,NA,"MRE"
"208",2020-02-16,15,0,NA,"MRE"
"209",2020-02-16,16,0,NA,"MRE"
"210",2020-02-16,17,0,NA,"MRE"
"211",2020-02-16,18,0,NA,"MRE"
"212",2020-02-16,19,0,NA,"MRE"
"213",2020-02-16,20,0,NA,"MRE"
"214",2020-02-16,21,0,NA,"MRE"
"215",2020-02-16,22,0,NA,"MRE"
"216",2020-02-16,23,0,NA,"MRE"
"217",2020-02-17,0,0,NA,"MRE"
"218",2020-02-17,1,0,NA,"MRE"
"219",2020-02-17,2,0,NA,"MRE"
"220",2020-02-17,3,0,NA,"MRE"
"221",2020-02-17,4,0,NA,"MRE"
"222",2020-02-17,5,0,NA,"MRE"
"223",2020-02-17,6,0,NA,"MRE"
"224",2020-02-17,7,0,NA,"MRE"
"225",2020-02-17,8,0,NA,"MRE"
"226",2020-02-17,9,0,NA,"MRE"
"227",2020-02-17,10,0,NA,"MRE"
"228",2020-02-17,11,0,NA,"MRE"
"229",2020-02-17,12,0,NA,"MRE"
"230",2020-02-17,13,0,NA,"MRE"
"231",2020-02-17,14,0,NA,"MRE"
"232",2020-02-17,15,0,NA,"MRE"
"233",2020-02-17,16,0,NA,"MRE"
"234",2020-02-17,17,0,NA,"MRE"
"235",2020-02-17,18,0,NA,"MRE"
"236",2020-02-17,19,0,NA,"MRE"
"237",2020-02-17,20,0,NA,"MRE"
"238",2020-02-17,21,0,NA,"MRE"
"239",2020-02-17,22,0,NA,"MRE"
"240",2020-02-17,23,0,NA,"MRE"
"241",2020-02-18,0,0,NA,"MRE"
"242",2020-02-18,1,0,NA,"MRE"
"243",2020-02-18,2,0,NA,"MRE"
"244",2020-02-18,3,0,NA,"MRE"
"245",2020-02-18,4,0,NA,"MRE"
"246",2020-02-18,5,0,NA,"MRE"
"247",2020-02-18,6,0,NA,"MRE"
"248",2020-02-18,7,0,NA,"MRE"
"249",2020-02-18,8,0,NA,"MRE"
"250",2020-02-18,9,0,NA,"MRE"
"251",2020-02-18,10,0,NA,"MRE"
"252",2020-02-18,11,0,NA,"MRE"
"253",2020-02-18,12,0,NA,"MRE"
"254",2020-02-18,13,0,NA,"MRE"
"255",2020-02-18,14,0,NA,"MRE"
"256",2020-02-18,15,0,NA,"MRE"
"257",2020-02-18,16,0,NA,"MRE"
"258",2020-02-18,17,0,NA,"MRE"
"259",2020-02-18,18,0,NA,"MRE"
"260",2020-02-18,19,0,NA,"MRE"
"261",2020-02-18,20,0,NA,"MRE"
"262",2020-02-18,21,0,NA,"MRE"
"263",2020-02-18,22,0,NA,"MRE"
"264",2020-02-18,23,0,NA,"MRE"
"265",2020-02-19,0,0,NA,"MRE"
"266",2020-02-19,1,0,NA,"MRE"
"267",2020-02-19,2,0,NA,"MRE"
"268",2020-02-19,3,0,NA,"MRE"
"269",2020-02-19,4,0,NA,"MRE"
"270",2020-02-19,5,0,NA,"MRE"
"271",2020-02-19,6,0,NA,"MRE"
"272",2020-02-19,7,0,NA,"MRE"
"273",2020-02-19,8,0,NA,"MRE"
"274",2020-02-19,9,0,NA,"MRE"
"275",2020-02-19,10,0,NA,"MRE"
"276",2020-02-19,11,0,NA,"MRE"
"277",2020-02-19,12,0,NA,"MRE"
"278",2020-02-19,13,0,NA,"MRE"
"279",2020-02-19,14,0,NA,"MRE"
"280",2020-02-19,15,0,NA,"MRE"
"281",2020-02-19,16,0,NA,"MRE"
"282",2020-02-19,17,0,NA,"MRE"
"283",2020-02-19,18,0,NA,"MRE"
"284",2020-02-19,19,0,NA,"MRE"
"285",2020-02-19,20,0,NA,"MRE"
"286",2020-02-19,21,0,NA,"MRE"
"287",2020-02-19,22,0,NA,"MRE"
"288",2020-02-19,23,0,NA,"MRE"
"289",2020-02-20,0,0,NA,"MRE"
"290",2020-02-20,1,0,NA,"MRE"
"291",2020-02-20,2,0,NA,"MRE"
"292",2020-02-20,3,0,NA,"MRE"
"293",2020-02-20,4,0,NA,"MRE"
"294",2020-02-20,5,0,NA,"MRE"
"295",2020-02-20,6,0,NA,"MRE"
"296",2020-02-20,7,0,NA,"MRE"
"297",2020-02-20,8,0,NA,"MRE"
"298",2020-02-20,9,0,NA,"MRE"
"299",2020-02-20,10,0,NA,"MRE"
"300",2020-02-20,11,0,NA,"MRE"
"301",2020-02-20,12,0,NA,"MRE"
"302",2020-02-20,13,0,NA,"MRE"
"303",2020-02-20,14,0,NA,"MRE"
"304",2020-02-20,15,0,NA,"MRE"
"305",2020-02-20,16,0,NA,"MRE"
"306",2020-02-20,17,0,NA,"MRE"
"307",2020-02-20,18,0,NA,"MRE"
"308",2020-02-20,19,0,NA,"MRE"
"309",2020-02-20,20,0,NA,"MRE"
"310",2020-02-20,21,0,NA,"MRE"
"311",2020-02-20,22,0,NA,"MRE"
"312",2020-02-20,23,0,NA,"MRE"
"313",2020-02-21,0,0,NA,"MRE"
"314",2020-02-21,1,0,NA,"MRE"
"315",2020-02-21,2,0,NA,"MRE"
"316",2020-02-21,3,0,NA,"MRE"
"317",2020-02-21,4,0,NA,"MRE"
"318",2020-02-21,5,0,NA,"MRE"
"319",2020-02-21,6,0,NA,"MRE"
"320",2020-02-21,7,0,NA,"MRE"
"321",2020-02-21,8,0,NA,"MRE"
"322",2020-02-21,9,0,NA,"MRE"
"323",2020-02-21,10,0,NA,"MRE"
"324",2020-02-21,11,0,NA,"MRE"
"325",2020-02-21,12,0,NA,"MRE"
"326",2020-02-21,13,0,NA,"MRE"
"327",2020-02-21,14,0,NA,"MRE"
"328",2020-02-21,15,0,NA,"MRE"
"329",2020-02-21,16,0,NA,"MRE"
"330",2020-02-21,17,0,NA,"MRE"
"331",2020-02-21,18,0,NA,"MRE"
"332",2020-02-21,19,0,NA,"MRE"
"333",2020-02-21,20,0,NA,"MRE"
"334",2020-02-21,21,0,NA,"MRE"
"335",2020-02-21,22,0,NA,"MRE"
"336",2020-02-21,23,0,NA,"MRE"
"337",2020-02-22,0,0,NA,"MRE"
"338",2020-02-22,1,0,NA,"MRE"
"339",2020-02-22,2,0,NA,"MRE"
"340",2020-02-22,3,0,NA,"MRE"
"341",2020-02-22,4,0,NA,"MRE"
"342",2020-02-22,5,0,NA,"MRE"
"343",2020-02-22,6,0,NA,"MRE"
"344",2020-02-22,7,0,NA,"MRE"
"345",2020-02-22,8,0,NA,"MRE"
"346",2020-02-22,9,0,NA,"MRE"
"347",2020-02-22,10,0,NA,"MRE"
"348",2020-02-22,11,0,NA,"MRE"
"349",2020-02-22,12,0,NA,"MRE"
"350",2020-02-22,13,0,NA,"MRE"
"351",2020-02-22,14,0,NA,"MRE"
"352",2020-02-22,15,0,NA,"MRE"
"353",2020-02-22,16,0,NA,"MRE"
"354",2020-02-22,17,0,NA,"MRE"
"355",2020-02-22,18,0,NA,"MRE"
"356",2020-02-22,19,0,NA,"MRE"
"357",2020-02-22,20,0,NA,"MRE"
"358",2020-02-22,21,0,NA,"MRE"
"359",2020-02-22,22,0,NA,"MRE"
"360",2020-02-22,23,0,NA,"MRE"
"361",2020-02-23,0,0,NA,"MRE"
"362",2020-02-23,1,0,NA,"MRE"
"363",2020-02-23,2,0,NA,"MRE"
"364",2020-02-23,3,0,NA,"MRE"
"365",2020-02-23,4,0,NA,"MRE"
"366",2020-02-23,5,0,NA,"MRE"
"367",2020-02-23,6,0,NA,"MRE"
"368",2020-02-23,7,0,NA,"MRE"
"369",2020-02-23,8,0,NA,"MRE"
"370",2020-02-23,9,0,NA,"MRE"
"371",2020-02-23,10,0,NA,"MRE"
"372",2020-02-23,11,0,NA,"MRE"
"373",2020-02-23,12,0,NA,"MRE"
"374",2020-02-23,13,0,NA,"MRE"
"375",2020-02-23,14,0,NA,"MRE"
"376",2020-02-23,15,0,NA,"MRE"
"377",2020-02-23,16,0,NA,"MRE"
"378",2020-02-23,17,0,NA,"MRE"
"379",2020-02-23,18,0,NA,"MRE"
"380",2020-02-23,19,0,NA,"MRE"
"381",2020-02-23,20,0,NA,"MRE"
"382",2020-02-23,21,0,NA,"MRE"
"383",2020-02-23,22,0,NA,"MRE"
"384",2020-02-23,23,0,NA,"MRE"
"385",2020-02-24,0,0,NA,"MRE"
"386",2020-02-24,1,0,NA,"MRE"
"387",2020-02-24,2,0,NA,"MRE"
"388",2020-02-24,3,0,NA,"MRE"
"389",2020-02-24,4,0,NA,"MRE"
"390",2020-02-24,5,0,NA,"MRE"
"391",2020-02-24,6,0,NA,"MRE"
"392",2020-02-24,7,0,NA,"MRE"
"393",2020-02-24,8,0,NA,"MRE"
"394",2020-02-24,9,0,NA,"MRE"
"395",2020-02-24,10,0,NA,"MRE"
"396",2020-02-24,11,0,NA,"MRE"
"397",2020-02-24,12,0,NA,"MRE"
"398",2020-02-24,13,0,NA,"MRE"
"399",2020-02-24,14,0,NA,"MRE"
"400",2020-02-24,15,0,NA,"MRE"
"401",2020-02-24,16,0,NA,"MRE"
"402",2020-02-24,17,0,NA,"MRE"
"403",2020-02-24,18,0,NA,"MRE"
"404",2020-02-24,19,0,NA,"MRE"
"405",2020-02-24,20,0,NA,"MRE"
"406",2020-02-24,21,0,NA,"MRE"
"407",2020-02-24,22,0,NA,"MRE"
"408",2020-02-24,23,0,NA,"MRE"
"409",2020-02-25,0,0,NA,"MRE"
"410",2020-02-25,1,0,NA,"MRE"
"411",2020-02-25,2,0,NA,"MRE"
"412",2020-02-25,3,0,NA,"MRE"
"413",2020-02-25,4,0,NA,"MRE"
"414",2020-02-25,5,0,NA,"MRE"
"415",2020-02-25,6,0,NA,"MRE"
"416",2020-02-25,7,0,NA,"MRE"
"417",2020-02-25,8,0,NA,"MRE"
"418",2020-02-25,9,0,NA,"MRE"
"419",2020-02-25,10,0,NA,"MRE"
"420",2020-02-25,11,0,NA,"MRE"
"421",2020-02-25,12,0,NA,"MRE"
"422",2020-02-25,13,0,NA,"MRE"
"423",2020-02-25,14,0,NA,"MRE"
"424",2020-02-25,15,0,NA,"MRE"
"425",2020-02-25,16,0,NA,"MRE"
"426",2020-02-25,17,0,NA,"MRE"
"427",2020-02-25,18,0,NA,"MRE"
"428",2020-02-25,19,0,NA,"MRE"
"429",2020-02-25,20,0,NA,"MRE"
"430",2020-02-25,21,0,NA,"MRE"
"431",2020-02-25,22,0,NA,"MRE"
"432",2020-02-25,23,0,NA,"MRE"
"433",2020-02-26,0,0,NA,"MRE"
"434",2020-02-26,1,0,NA,"MRE"
"435",2020-02-26,2,0,NA,"MRE"
"436",2020-02-26,3,0,NA,"MRE"
"437",2020-02-26,4,0,NA,"MRE"
"438",2020-02-26,5,0,NA,"MRE"
"439",2020-02-26,6,0,NA,"MRE"
"440",2020-02-26,7,0,NA,"MRE"
"441",2020-02-26,8,0,NA,"MRE"
"442",2020-02-26,9,0,NA,"MRE"
"443",2020-02-26,10,0,NA,"MRE"
"444",2020-02-26,11,0,NA,"MRE"
"445",2020-02-26,12,0,NA,"MRE"
"446",2020-02-26,13,0,NA,"MRE"
"447",2020-02-26,14,0,NA,"MRE"
"448",2020-02-26,15,0,NA,"MRE"
"449",2020-02-26,16,0,NA,"MRE"
"450",2020-02-26,17,0,NA,"MRE"
"451",2020-02-26,18,0,NA,"MRE"
"452",2020-02-26,19,0,NA,"MRE"
"453",2020-02-26,20,0,NA,"MRE"
"454",2020-02-26,21,0,NA,"MRE"
"455",2020-02-26,22,0,NA,"MRE"
"456",2020-02-26,23,0,NA,"MRE"
"457",2020-02-27,0,0,NA,"MRE"
"458",2020-02-27,1,0,NA,"MRE"
"459",2020-02-27,2,0,NA,"MRE"
"460",2020-02-27,3,0,NA,"MRE"
"461",2020-02-27,4,0,NA,"MRE"
"462",2020-02-27,5,0,NA,"MRE"
"463",2020-02-27,6,0,NA,"MRE"
"464",2020-02-27,7,0,NA,"MRE"
"465",2020-02-27,8,0,NA,"MRE"
"466",2020-02-27,9,0,NA,"MRE"
"467",2020-02-27,10,0,NA,"MRE"
"468",2020-02-27,11,0,NA,"MRE"
"469",2020-02-27,12,0,NA,"MRE"
"470",2020-02-27,13,0,NA,"MRE"
"471",2020-02-27,14,0,NA,"MRE"
"472",2020-02-27,15,0,NA,"MRE"
"473",2020-02-27,16,0,NA,"MRE"
"474",2020-02-27,17,0,NA,"MRE"
"475",2020-02-27,18,0,NA,"MRE"
"476",2020-02-27,19,0,NA,"MRE"
"477",2020-02-27,20,0,NA,"MRE"
"478",2020-02-27,21,0,NA,"MRE"
"479",2020-02-27,22,0,NA,"MRE"
"480",2020-02-27,23,0,NA,"MRE"
"481",2020-02-28,0,0,NA,"MRE"
"482",2020-02-28,1,0,NA,"MRE"
"483",2020-02-28,2,0,NA,"MRE"
"484",2020-02-28,3,0,NA,"MRE"
"485",2020-02-28,4,0,NA,"MRE"
"486",2020-02-28,5,0,NA,"MRE"
"487",2020-02-28,6,0,NA,"MRE"
"488",2020-02-28,7,0,NA,"MRE"
"489",2020-02-28,8,0,NA,"MRE"
"490",2020-02-28,9,0,NA,"MRE"
"491",2020-02-28,10,0,NA,"MRE"
"492",2020-02-28,11,0,NA,"MRE"
"493",2020-02-28,12,0,NA,"MRE"
"494",2020-02-28,13,0,NA,"MRE"
"495",2020-02-28,14,0,NA,"MRE"
"496",2020-02-28,15,0,NA,"MRE"
"497",2020-02-28,16,0,NA,"MRE"
"498",2020-02-28,17,0,NA,"MRE"
"499",2020-02-28,18,0,NA,"MRE"
"500",2020-02-28,19,0,NA,"MRE"
"501",2020-02-28,20,0,NA,"MRE"
"502",2020-02-28,21,0,NA,"MRE"
"503",2020-02-28,22,0,NA,"MRE"
"504",2020-02-28,23,0,NA,"MRE"
"505",2020-02-29,0,0,NA,"MRE"
"506",2020-02-29,1,0,NA,"MRE"
"507",2020-02-29,2,0,NA,"MRE"
"508",2020-02-29,3,0,NA,"MRE"
"509",2020-02-29,4,0,NA,"MRE"
"510",2020-02-29,5,0,NA,"MRE"
"511",2020-02-29,6,0,NA,"MRE"
"512",2020-02-29,7,0,NA,"MRE"
"513",2020-02-29,8,0,NA,"MRE"
"514",2020-02-29,9,0,NA,"MRE"
"515",2020-02-29,10,0,NA,"MRE"
"516",2020-02-29,11,0,NA,"MRE"
"517",2020-02-29,12,0,NA,"MRE"
"518",2020-02-29,13,0,NA,"MRE"
"519",2020-02-29,14,0,NA,"MRE"
"520",2020-02-29,15,0,NA,"MRE"
"521",2020-02-29,16,0,NA,"MRE"
"522",2020-02-29,17,0,NA,"MRE"
"523",2020-02-29,18,0,NA,"MRE"
"524",2020-02-29,19,0,NA,"MRE"
"525",2020-02-29,20,0,NA,"MRE"
"526",2020-02-29,21,0,NA,"MRE"
"527",2020-02-29,22,0,NA,"MRE"
"528",2020-02-29,23,0,NA,"MRE"
"529",2020-03-01,0,0,NA,"MRE"
"530",2020-03-01,1,0,NA,"MRE"
"531",2020-03-01,2,0,NA,"MRE"
"532",2020-03-01,3,0,NA,"MRE"
"533",2020-03-01,4,0,NA,"MRE"
"534",2020-03-01,5,0,NA,"MRE"
"535",2020-03-01,6,0,NA,"MRE"
"536",2020-03-01,7,0,NA,"MRE"
"537",2020-03-01,8,0,NA,"MRE"
"538",2020-03-01,9,0,NA,"MRE"
"539",2020-03-01,10,0,NA,"MRE"
"540",2020-03-01,11,0,NA,"MRE"
"541",2020-03-01,12,0,NA,"MRE"
"542",2020-03-01,13,0,NA,"MRE"
"543",2020-03-01,14,0,NA,"MRE"
"544",2020-03-01,15,0,NA,"MRE"
"545",2020-03-01,16,0,NA,"MRE"
"546",2020-03-01,17,0,NA,"MRE"
"547",2020-03-01,18,0,NA,"MRE"
"548",2020-03-01,19,0,NA,"MRE"
"549",2020-03-01,20,0,NA,"MRE"
"550",2020-03-01,21,0,NA,"MRE"
"551",2020-03-01,22,0,NA,"MRE"
"552",2020-03-01,23,0,NA,"MRE"
"553",2020-03-02,0,0,NA,"MRE"
"554",2020-03-02,1,0,NA,"MRE"
"555",2020-03-02,2,0,NA,"MRE"
"556",2020-03-02,3,0,NA,"MRE"
"557",2020-03-02,4,0,NA,"MRE"
"558",2020-03-02,5,0,NA,"MRE"
"559",2020-03-02,6,0,NA,"MRE"
"560",2020-03-02,7,0,NA,"MRE"
"561",2020-03-02,8,0,NA,"MRE"
"562",2020-03-02,9,0,NA,"MRE"
"563",2020-03-02,10,0,NA,"MRE"
"564",2020-03-02,11,0,NA,"MRE"
"565",2020-03-02,12,0,NA,"MRE"
"566",2020-03-02,13,0,NA,"MRE"
"567",2020-03-02,14,0,NA,"MRE"
"568",2020-03-02,15,0,NA,"MRE"
"569",2020-03-02,16,0,NA,"MRE"
"570",2020-03-02,17,0,NA,"MRE"
"571",2020-03-02,18,0,NA,"MRE"
"572",2020-03-02,19,0,NA,"MRE"
"573",2020-03-02,20,0,NA,"MRE"
"574",2020-03-02,21,0,NA,"MRE"
"575",2020-03-02,22,0,NA,"MRE"
"576",2020-03-02,23,0,NA,"MRE"
"577",2020-03-03,0,0,NA,"MRE"
"578",2020-03-03,1,0,NA,"MRE"
"579",2020-03-03,2,0,NA,"MRE"
"580",2020-03-03,3,0,NA,"MRE"
"581",2020-03-03,4,0,NA,"MRE"
"582",2020-03-03,5,0,NA,"MRE"
"583",2020-03-03,6,0,NA,"MRE"
"584",2020-03-03,7,0,NA,"MRE"
"585",2020-03-03,8,0,NA,"MRE"
"586",2020-03-03,9,0,NA,"MRE"
"587",2020-03-03,10,0,NA,"MRE"
"588",2020-03-03,11,0,NA,"MRE"
"589",2020-03-03,12,0,NA,"MRE"
"590",2020-03-03,13,0,NA,"MRE"
"591",2020-03-03,14,0,NA,"MRE"
"592",2020-03-03,15,0,NA,"MRE"
"593",2020-03-03,16,0,NA,"MRE"
"594",2020-03-03,17,0,NA,"MRE"
"595",2020-03-03,18,0,NA,"MRE"
"596",2020-03-03,19,0,NA,"MRE"
"597",2020-03-03,20,0,NA,"MRE"
"598",2020-03-03,21,0,NA,"MRE"
"599",2020-03-03,22,0,NA,"MRE"
"600",2020-03-03,23,0,NA,"MRE"
"601",2020-03-04,0,0,NA,"MRE"
"602",2020-03-04,1,0,NA,"MRE"
"603",2020-03-04,2,0,NA,"MRE"
"604",2020-03-04,3,0,NA,"MRE"
"605",2020-03-04,4,0,NA,"MRE"
"606",2020-03-04,5,0,NA,"MRE"
"607",2020-03-04,6,0,NA,"MRE"
"608",2020-03-04,7,0,NA,"MRE"
"609",2020-03-04,8,0,NA,"MRE"
"610",2020-03-04,9,0,NA,"MRE"
"611",2020-03-04,10,0,NA,"MRE"
"612",2020-03-04,11,0,NA,"MRE"
"613",2020-03-04,12,0,NA,"MRE"
"614",2020-03-04,13,0,NA,"MRE"
"615",2020-03-04,14,0,NA,"MRE"
"616",2020-03-04,15,0,NA,"MRE"
"617",2020-03-04,16,0,NA,"MRE"
"618",2020-03-04,17,0,NA,"MRE"
"619",2020-03-04,18,0,NA,"MRE"
"620",2020-03-04,19,0,NA,"MRE"
"621",2020-03-04,20,0,NA,"MRE"
"622",2020-03-04,21,0,NA,"MRE"
"623",2020-03-04,22,0,NA,"MRE"
"624",2020-03-04,23,0,NA,"MRE"
"625",2020-03-05,0,0,NA,"MRE"
"626",2020-03-05,1,0,NA,"MRE"
"627",2020-03-05,2,0,NA,"MRE"
"628",2020-03-05,3,0,NA,"MRE"
"629",2020-03-05,4,0,NA,"MRE"
"630",2020-03-05,5,0,NA,"MRE"
"631",2020-03-05,6,0,NA,"MRE"
"632",2020-03-05,7,0,NA,"MRE"
"633",2020-03-05,8,0,NA,"MRE"
"634",2020-03-05,9,0,NA,"MRE"
"635",2020-03-05,10,0,NA,"MRE"
"636",2020-03-05,11,0,NA,"MRE"
"637",2020-03-05,12,0,NA,"MRE"
"638",2020-03-05,13,0,NA,"MRE"
"639",2020-03-05,14,0,NA,"MRE"
"640",2020-03-05,15,0,NA,"MRE"
"641",2020-03-05,16,0,NA,"MRE"
"642",2020-03-05,17,0,NA,"MRE"
"643",2020-03-05,18,0,NA,"MRE"
"644",2020-03-05,19,0,NA,"MRE"
"645",2020-03-05,20,0,NA,"MRE"
"646",2020-03-05,21,0,NA,"MRE"
"647",2020-03-05,22,0,NA,"MRE"
"648",2020-03-05,23,0,NA,"MRE"
"649",2020-03-06,0,0,NA,"MRE"
"650",2020-03-06,1,0,NA,"MRE"
"651",2020-03-06,2,0,NA,"MRE"
"652",2020-03-06,3,0,NA,"MRE"
"653",2020-03-06,4,0,NA,"MRE"
"654",2020-03-06,5,0,NA,"MRE"
"655",2020-03-06,6,0,NA,"MRE"
"656",2020-03-06,7,0,NA,"MRE"
"657",2020-03-06,8,0,NA,"MRE"
"658",2020-03-06,9,0,NA,"MRE"
"659",2020-03-06,10,0,NA,"MRE"
"660",2020-03-06,11,0,NA,"MRE"
"661",2020-03-06,12,0,NA,"MRE"
"662",2020-03-06,13,0,NA,"MRE"
"663",2020-03-06,14,0,NA,"MRE"
"664",2020-03-06,15,0,NA,"MRE"
"665",2020-03-06,16,0,NA,"MRE"
"666",2020-03-06,17,0,NA,"MRE"
"667",2020-03-06,18,0,NA,"MRE"
"668",2020-03-06,19,0,NA,"MRE"
"669",2020-03-06,20,0,NA,"MRE"
"670",2020-03-06,21,0,NA,"MRE"
"671",2020-03-06,22,0,NA,"MRE"
"672",2020-03-06,23,0,NA,"MRE"
"673",2020-03-07,0,0,NA,"MRE"
"674",2020-03-07,1,0,NA,"MRE"
"675",2020-03-07,2,0,NA,"MRE"
"676",2020-03-07,3,0,NA,"MRE"
"677",2020-03-07,4,0,NA,"MRE"
"678",2020-03-07,5,0,NA,"MRE"
"679",2020-03-07,6,0,NA,"MRE"
"680",2020-03-07,7,0,NA,"MRE"
"681",2020-03-07,8,0,NA,"MRE"
"682",2020-03-07,9,0,NA,"MRE"
"683",2020-03-07,10,0,NA,"MRE"
"684",2020-03-07,11,0,NA,"MRE"
"685",2020-03-07,12,0,NA,"MRE"
"686",2020-03-07,13,0,NA,"MRE"
"687",2020-03-07,14,0,NA,"MRE"
"688",2020-03-07,15,0,NA,"MRE"
"689",2020-03-07,16,0,NA,"MRE"
"690",2020-03-07,17,0,NA,"MRE"
"691",2020-03-07,18,0,NA,"MRE"
"692",2020-03-07,19,0,NA,"MRE"
"693",2020-03-07,20,0,NA,"MRE"
"694",2020-03-07,21,0,NA,"MRE"
"695",2020-03-07,22,0,NA,"MRE"
"696",2020-03-07,23,0,NA,"MRE"
"697",2020-03-08,0,0,NA,"MRE"
"698",2020-03-08,1,0,NA,"MRE"
"699",2020-03-08,2,0,NA,"MRE"
"700",2020-03-08,3,0,NA,"MRE"
"701",2020-03-08,4,0,NA,"MRE"
"702",2020-03-08,5,0,NA,"MRE"
"703",2020-03-08,6,0,NA,"MRE"
"704",2020-03-08,7,0,NA,"MRE"
"705",2020-03-08,8,0,NA,"MRE"
"706",2020-03-08,9,0,NA,"MRE"
"707",2020-03-08,10,0,NA,"MRE"
"708",2020-03-08,11,0,NA,"MRE"
"709",2020-03-08,12,0,NA,"MRE"
"710",2020-03-08,13,0,NA,"MRE"
"711",2020-03-08,14,0,NA,"MRE"
"712",2020-03-08,15,0,NA,"MRE"
"713",2020-03-08,16,0,NA,"MRE"
"714",2020-03-08,17,0,NA,"MRE"
"715",2020-03-08,18,0,NA,"MRE"
"716",2020-03-08,19,0,NA,"MRE"
"717",2020-03-08,20,0,NA,"MRE"
"718",2020-03-08,21,0,NA,"MRE"
"719",2020-03-08,22,0,NA,"MRE"
"720",2020-03-08,23,0,NA,"MRE"
"721",2020-03-09,0,0,NA,"MRE"
"722",2020-03-09,1,0,NA,"MRE"
"723",2020-03-09,2,0,NA,"MRE"
"724",2020-03-09,3,0,NA,"MRE"
"725",2020-03-09,4,0,NA,"MRE"
"726",2020-03-09,5,0,NA,"MRE"
"727",2020-03-09,6,0,NA,"MRE"
"728",2020-03-09,7,0,NA,"MRE"
"729",2020-03-09,8,0,NA,"MRE"
"730",2020-03-09,9,0,NA,"MRE"
"731",2020-03-09,10,0,NA,"MRE"
"732",2020-03-09,11,0,NA,"MRE"
"733",2020-03-09,12,0,NA,"MRE"
"734",2020-03-09,13,0,NA,"MRE"
"735",2020-03-09,14,0,NA,"MRE"
"736",2020-03-09,15,0,NA,"MRE"
"737",2020-03-09,16,0,NA,"MRE"
"738",2020-03-09,17,0,NA,"MRE"
"739",2020-03-09,18,0,NA,"MRE"
"740",2020-03-09,19,0,NA,"MRE"
"741",2020-03-09,20,0,NA,"MRE"
"742",2020-03-09,21,0,NA,"MRE"
"743",2020-03-09,22,0,NA,"MRE"
"744",2020-03-09,23,0,NA,"MRE"
"745",2020-03-10,0,0,NA,"MRE"
"746",2020-03-10,1,0,NA,"MRE"
"747",2020-03-10,2,0,NA,"MRE"
"748",2020-03-10,3,0,NA,"MRE"
"749",2020-03-10,4,0,NA,"MRE"
"750",2020-03-10,5,0,NA,"MRE"
"751",2020-03-10,6,0,NA,"MRE"
"752",2020-03-10,7,0,NA,"MRE"
"753",2020-03-10,8,0,NA,"MRE"
"754",2020-03-10,9,0,NA,"MRE"
"755",2020-03-10,10,0,NA,"MRE"
"756",2020-03-10,11,0,NA,"MRE"
"757",2020-03-10,12,0,NA,"MRE"
"758",2020-03-10,13,0,NA,"MRE"
"759",2020-03-10,14,0,NA,"MRE"
"760",2020-03-10,15,0,NA,"MRE"
"761",2020-03-10,16,0,NA,"MRE"
"762",2020-03-10,17,0,NA,"MRE"
"763",2020-03-10,18,0,NA,"MRE"
"764",2020-03-10,19,0,NA,"MRE"
"765",2020-03-10,20,0,NA,"MRE"
"766",2020-03-10,21,0,NA,"MRE"
"767",2020-03-10,22,0,NA,"MRE"
"768",2020-03-10,23,0,NA,"MRE"
"769",2020-03-11,0,0,NA,"MRE"
"770",2020-03-11,1,0,NA,"MRE"
"771",2020-03-11,2,0,NA,"MRE"
"772",2020-03-11,3,0,NA,"MRE"
"773",2020-03-11,4,0,NA,"MRE"
"774",2020-03-11,5,0,NA,"MRE"
"775",2020-03-11,6,0,NA,"MRE"
"776",2020-03-11,7,0,NA,"MRE"
"777",2020-03-11,8,0,NA,"MRE"
"778",2020-03-11,9,0,NA,"MRE"
"779",2020-03-11,10,0,NA,"MRE"
"780",2020-03-11,11,0,NA,"MRE"
"781",2020-03-11,12,0,NA,"MRE"
"782",2020-03-11,13,0,NA,"MRE"
"783",2020-03-11,14,0,NA,"MRE"
"784",2020-03-11,15,0,NA,"MRE"
"785",2020-03-11,16,0,NA,"MRE"
"786",2020-03-11,17,0,NA,"MRE"
"787",2020-03-11,18,0,NA,"MRE"
"788",2020-03-11,19,0,NA,"MRE"
"789",2020-03-11,20,0,NA,"MRE"
"790",2020-03-11,21,0,NA,"MRE"
"791",2020-03-11,22,0,NA,"MRE"
"792",2020-03-11,23,0,NA,"MRE"
"793",2020-03-12,0,0,NA,"MRE"
"794",2020-03-12,1,0,NA,"MRE"
"795",2020-03-12,2,0,NA,"MRE"
"796",2020-03-12,3,0,NA,"MRE"
"797",2020-03-12,4,0,NA,"MRE"
"798",2020-03-12,5,0,NA,"MRE"
"799",2020-03-12,6,0,NA,"MRE"
"800",2020-03-12,7,0,NA,"MRE"
"801",2020-03-12,8,0,NA,"MRE"
"802",2020-03-12,9,0,NA,"MRE"
"803",2020-03-12,10,0,NA,"MRE"
"804",2020-03-12,11,0,NA,"MRE"
"805",2020-03-12,12,0,NA,"MRE"
"806",2020-03-12,13,0,NA,"MRE"
"807",2020-03-12,14,0,NA,"MRE"
"808",2020-03-12,15,0,NA,"MRE"
"809",2020-03-12,16,0,NA,"MRE"
"810",2020-03-12,17,0,NA,"MRE"
"811",2020-03-12,18,0,NA,"MRE"
"812",2020-03-12,19,0,NA,"MRE"
"813",2020-03-12,20,0,NA,"MRE"
"814",2020-03-12,21,0,NA,"MRE"
"815",2020-03-12,22,0,NA,"MRE"
"816",2020-03-12,23,0,NA,"MRE"
"817",2020-03-13,0,0,NA,"MRE"
"818",2020-03-13,1,0,NA,"MRE"
"819",2020-03-13,2,0,NA,"MRE"
"820",2020-03-13,3,0,NA,"MRE"
"821",2020-03-13,4,0,NA,"MRE"
"822",2020-03-13,5,0,NA,"MRE"
"823",2020-03-13,6,0,NA,"MRE"
"824",2020-03-13,7,0,NA,"MRE"
"825",2020-03-13,8,0,NA,"MRE"
"826",2020-03-13,9,0,NA,"MRE"
"827",2020-03-13,10,0,NA,"MRE"
"828",2020-03-13,11,0,NA,"MRE"
"829",2020-03-13,12,0,NA,"MRE"
"830",2020-03-13,13,0,NA,"MRE"
"831",2020-03-13,14,0,NA,"MRE"
"832",2020-03-13,15,0,NA,"MRE"
"833",2020-03-13,16,0,NA,"MRE"
"834",2020-03-13,17,0,NA,"MRE"
"835",2020-03-13,18,0,NA,"MRE"
"836",2020-03-13,19,0,NA,"MRE"
"837",2020-03-13,20,0,NA,"MRE"
"838",2020-03-13,21,0,NA,"MRE"
"839",2020-03-13,22,0,NA,"MRE"
"840",2020-03-13,23,0,NA,"MRE"
"841",2020-03-14,0,0,NA,"MRE"
"842",2020-03-14,1,0,NA,"MRE"
"843",2020-03-14,2,0,NA,"MRE"
"844",2020-03-14,3,0,NA,"MRE"
"845",2020-03-14,4,0,NA,"MRE"
"846",2020-03-14,5,0,NA,"MRE"
"847",2020-03-14,6,0,NA,"MRE"
"848",2020-03-14,7,0,NA,"MRE"
"849",2020-03-14,8,0,NA,"MRE"
"850",2020-03-14,9,0,NA,"MRE"
"851",2020-03-14,10,0,NA,"MRE"
"852",2020-03-14,11,0,NA,"MRE"
"853",2020-03-14,12,0,NA,"MRE"
"854",2020-03-14,13,0,NA,"MRE"
"855",2020-03-14,14,0,NA,"MRE"
"856",2020-03-14,15,0,NA,"MRE"
"857",2020-03-14,16,0,NA,"MRE"
"858",2020-03-14,17,0,NA,"MRE"
"859",2020-03-14,18,0,NA,"MRE"
"860",2020-03-14,19,0,NA,"MRE"
"861",2020-03-14,20,0,NA,"MRE"
"862",2020-03-14,21,0,NA,"MRE"
"863",2020-03-14,22,0,NA,"MRE"
"864",2020-03-14,23,0,NA,"MRE"
"865",2020-03-15,0,0,NA,"MRE"
"866",2020-03-15,1,0,NA,"MRE"
"867",2020-03-15,2,0,NA,"MRE"
"868",2020-03-15,3,0,NA,"MRE"
"869",2020-03-15,4,0,NA,"MRE"
"870",2020-03-15,5,0,NA,"MRE"
"871",2020-03-15,6,0,NA,"MRE"
"872",2020-03-15,7,0,NA,"MRE"
"873",2020-03-15,8,0,NA,"MRE"
"874",2020-03-15,9,0,NA,"MRE"
"875",2020-03-15,10,0,NA,"MRE"
"876",2020-03-15,11,0,NA,"MRE"
"877",2020-03-15,12,0,NA,"MRE"
"878",2020-03-15,13,0,NA,"MRE"
"879",2020-03-15,14,0,NA,"MRE"
"880",2020-03-15,15,0,NA,"MRE"
"881",2020-03-15,16,0,NA,"MRE"
"882",2020-03-15,17,0,NA,"MRE"
"883",2020-03-15,18,0,NA,"MRE"
"884",2020-03-15,19,0,NA,"MRE"
"885",2020-03-15,20,0,NA,"MRE"
"886",2020-03-15,21,0,NA,"MRE"
"887",2020-03-15,22,0,NA,"MRE"
"888",2020-03-15,23,0,NA,"MRE"
"889",2020-03-16,0,0,NA,"MRE"
"890",2020-03-16,1,0,NA,"MRE"
"891",2020-03-16,2,0,NA,"MRE"
"892",2020-03-16,3,0,NA,"MRE"
"893",2020-03-16,4,0,NA,"MRE"
"894",2020-03-16,5,0,NA,"MRE"
"895",2020-03-16,6,0,NA,"MRE"
"896",2020-03-16,7,0,NA,"MRE"
"897",2020-03-16,8,0,NA,"MRE"
"898",2020-03-16,9,0,NA,"MRE"
"899",2020-03-16,10,0,NA,"MRE"
"900",2020-03-16,11,0,NA,"MRE"
"901",2020-03-16,12,0,NA,"MRE"
"902",2020-03-16,13,0,NA,"MRE"
"903",2020-03-16,14,0,NA,"MRE"
"904",2020-03-16,15,0,NA,"MRE"
"905",2020-03-16,16,0,NA,"MRE"
"906",2020-03-16,17,0,NA,"MRE"
"907",2020-03-16,18,0,NA,"MRE"
"908",2020-03-16,19,0,NA,"MRE"
"909",2020-03-16,20,0,NA,"MRE"
"910",2020-03-16,21,0,NA,"MRE"
"911",2020-03-16,22,0,NA,"MRE"
"912",2020-03-16,23,0,NA,"MRE"
"913",2020-03-17,0,0,NA,"MRE"
"914",2020-03-17,1,0,NA,"MRE"
"915",2020-03-17,2,0,NA,"MRE"
"916",2020-03-17,3,0,NA,"MRE"
"917",2020-03-17,4,0,NA,"MRE"
"918",2020-03-17,5,0,NA,"MRE"
"919",2020-03-17,6,0,NA,"MRE"
"920",2020-03-17,7,0,NA,"MRE"
"921",2020-03-17,8,0,NA,"MRE"
"922",2020-03-17,9,0,NA,"MRE"
"923",2020-03-17,10,0,NA,"MRE"
"924",2020-03-17,11,0,NA,"MRE"
"925",2020-03-17,12,0,NA,"MRE"
"926",2020-03-17,13,0,NA,"MRE"
"927",2020-03-17,14,0,NA,"MRE"
"928",2020-03-17,15,0,NA,"MRE"
"929",2020-03-17,16,0,NA,"MRE"
"930",2020-03-17,17,0,NA,"MRE"
"931",2020-03-17,18,0,NA,"MRE"
"932",2020-03-17,19,0,NA,"MRE"
"933",2020-03-17,20,0,NA,"MRE"
"934",2020-03-17,21,0,NA,"MRE"
"935",2020-03-17,22,0,NA,"MRE"
"936",2020-03-17,23,0,NA,"MRE"
"937",2020-03-18,0,0,NA,"MRE"
"938",2020-03-18,1,0,NA,"MRE"
"939",2020-03-18,2,0,NA,"MRE"
"940",2020-03-18,3,0,NA,"MRE"
"941",2020-03-18,4,0,NA,"MRE"
"942",2020-03-18,5,0,NA,"MRE"
"943",2020-03-18,6,0,NA,"MRE"
"944",2020-03-18,7,0,NA,"MRE"
"945",2020-03-18,8,0,NA,"MRE"
"946",2020-03-18,9,0,NA,"MRE"
"947",2020-03-18,10,0,NA,"MRE"
"948",2020-03-18,11,0,NA,"MRE"
"949",2020-03-18,12,0,NA,"MRE"
"950",2020-03-18,13,0,NA,"MRE"
"951",2020-03-18,14,0,NA,"MRE"
"952",2020-03-18,15,0,NA,"MRE"
"953",2020-03-18,16,0,NA,"MRE"
"954",2020-03-18,17,0,NA,"MRE"
"955",2020-03-18,18,0,NA,"MRE"
"956",2020-03-18,19,0,NA,"MRE"
"957",2020-03-18,20,0,NA,"MRE"
"958",2020-03-18,21,0,NA,"MRE"
"959",2020-03-18,22,0,NA,"MRE"
"960",2020-03-18,23,0,NA,"MRE"
"961",2020-03-19,0,0,NA,"MRE"
"962",2020-03-19,1,0,NA,"MRE"
"963",2020-03-19,2,0,NA,"MRE"
"964",2020-03-19,3,0,NA,"MRE"
"965",2020-03-19,4,0,NA,"MRE"
"966",2020-03-19,5,0,NA,"MRE"
"967",2020-03-19,6,0,NA,"MRE"
"968",2020-03-19,7,0,NA,"MRE"
"969",2020-03-19,8,0,NA,"MRE"
"970",2020-03-19,9,0,NA,"MRE"
"971",2020-03-19,10,0,NA,"MRE"
"972",2020-03-19,11,0,NA,"MRE"
"973",2020-03-19,12,0,NA,"MRE"
"974",2020-03-19,13,0,NA,"MRE"
"975",2020-03-19,14,0,NA,"MRE"
"976",2020-03-19,15,0,NA,"MRE"
"977",2020-03-19,16,0,NA,"MRE"
"978",2020-03-19,17,0,NA,"MRE"
"979",2020-03-19,18,0,NA,"MRE"
"980",2020-03-19,19,0,NA,"MRE"
"981",2020-03-19,20,0,NA,"MRE"
"982",2020-03-19,21,0,NA,"MRE"
"983",2020-03-19,22,0,NA,"MRE"
"984",2020-03-19,23,0,NA,"MRE"
"985",2020-03-20,0,0,NA,"MRE"
"986",2020-03-20,1,0,NA,"MRE"
"987",2020-03-20,2,0,NA,"MRE"
"988",2020-03-20,3,0,NA,"MRE"
"989",2020-03-20,4,1,"note","MRE"
"990",2020-03-20,5,0,NA,"MRE"
"991",2020-03-20,6,0,NA,"MRE"
"992",2020-03-20,7,0,NA,"MRE"
"993",2020-03-20,8,0,NA,"MRE"
"994",2020-03-20,9,0,NA,"MRE"
"995",2020-03-20,10,0,NA,"MRE"
"996",2020-03-20,11,0,NA,"MRE"
"997",2020-03-20,12,0,NA,"MRE"
"998",2020-03-20,13,0,NA,"MRE"
"999",2020-03-20,14,0,NA,"MRE"
"1000",2020-03-20,15,0,NA,"MRE"
"1001",2020-03-20,16,0,NA,"MRE"
"1002",2020-03-20,17,0,NA,"MRE"
"1003",2020-03-20,18,0,NA,"MRE"
"1004",2020-03-20,19,0,NA,"MRE"
"1005",2020-03-20,20,0,NA,"MRE"
"1006",2020-03-20,21,0,NA,"MRE"
"1007",2020-03-20,22,0,NA,"MRE"
"1008",2020-03-20,23,0,NA,"MRE"
"1009",2020-03-21,0,0,NA,"MRE"
"1010",2020-03-21,1,0,NA,"MRE"
"1011",2020-03-21,2,0,NA,"MRE"
"1012",2020-03-21,3,0,NA,"MRE"
"1013",2020-03-21,4,0,NA,"MRE"
"1014",2020-03-21,5,0,NA,"MRE"
"1015",2020-03-21,6,0,NA,"MRE"
"1016",2020-03-21,7,0,NA,"MRE"
"1017",2020-03-21,8,0,NA,"MRE"
"1018",2020-03-21,9,0,NA,"MRE"
"1019",2020-03-21,10,0,NA,"MRE"
"1020",2020-03-21,11,0,NA,"MRE"
"1021",2020-03-21,12,0,NA,"MRE"
"1022",2020-03-21,13,0,NA,"MRE"
"1023",2020-03-21,14,0,NA,"MRE"
"1024",2020-03-21,15,0,NA,"MRE"
"1025",2020-03-21,16,0,NA,"MRE"
"1026",2020-03-21,17,0,NA,"MRE"
"1027",2020-03-21,18,0,NA,"MRE"
"1028",2020-03-21,19,0,NA,"MRE"
"1029",2020-03-21,20,0,NA,"MRE"
"1030",2020-03-21,21,0,NA,"MRE"
"1031",2020-03-21,22,0,NA,"MRE"
"1032",2020-03-21,23,0,NA,"MRE"
"1033",2020-03-22,0,0,NA,"MRE"
"1034",2020-03-22,1,0,NA,"MRE"
"1035",2020-03-22,2,0,NA,"MRE"
"1036",2020-03-22,3,0,NA,"MRE"
"1037",2020-03-22,4,0,NA,"MRE"
"1038",2020-03-22,5,0,NA,"MRE"
"1039",2020-03-22,6,0,NA,"MRE"
"1040",2020-03-22,7,0,NA,"MRE"
"1041",2020-03-22,8,0,NA,"MRE"
"1042",2020-03-22,9,0,NA,"MRE"
"1043",2020-03-22,10,0,NA,"MRE"
"1044",2020-03-22,11,0,NA,"MRE"
"1045",2020-03-22,12,0,NA,"MRE"
"1046",2020-03-22,13,0,NA,"MRE"
"1047",2020-03-22,14,0,NA,"MRE"
"1048",2020-03-22,15,0,NA,"MRE"
"1049",2020-03-22,16,0,NA,"MRE"
"1050",2020-03-22,17,0,NA,"MRE"
"1051",2020-03-22,18,0,NA,"MRE"
"1052",2020-03-22,19,0,NA,"MRE"
"1053",2020-03-22,20,0,NA,"MRE"
"1054",2020-03-22,21,0,NA,"MRE"
"1055",2020-03-22,22,0,NA,"MRE"
"1056",2020-03-22,23,0,NA,"MRE"
"1057",2020-03-23,0,0,NA,"MRE"
"1058",2020-03-23,1,0,NA,"MRE"
"1059",2020-03-23,2,0,NA,"MRE"
"1060",2020-03-23,3,0,NA,"MRE"
"1061",2020-03-23,4,0,NA,"MRE"
"1062",2020-03-23,5,0,NA,"MRE"
"1063",2020-03-23,6,0,NA,"MRE"
"1064",2020-03-23,7,0,NA,"MRE"
"1065",2020-03-23,8,0,NA,"MRE"
"1066",2020-03-23,9,0,NA,"MRE"
"1067",2020-03-23,10,0,NA,"MRE"
"1068",2020-03-23,11,0,NA,"MRE"
"1069",2020-03-23,12,0,NA,"MRE"
"1070",2020-03-23,13,0,NA,"MRE"
"1071",2020-03-23,14,0,NA,"MRE"
"1072",2020-03-23,15,0,NA,"MRE"
"1073",2020-03-23,16,0,NA,"MRE"
"1074",2020-03-23,17,0,NA,"MRE"
"1075",2020-03-23,18,0,NA,"MRE"
"1076",2020-03-23,19,0,NA,"MRE"
"1077",2020-03-23,20,0,NA,"MRE"
"1078",2020-03-23,21,0,NA,"MRE"
"1079",2020-03-23,22,0,NA,"MRE"
"1080",2020-03-23,23,0,NA,"MRE"
"1081",2020-03-24,0,0,NA,"MRE"
"1082",2020-03-24,1,0,NA,"MRE"
"1083",2020-03-24,2,0,NA,"MRE"
"1084",2020-03-24,3,0,NA,"MRE"
"1085",2020-03-24,4,0,NA,"MRE"
"1086",2020-03-24,5,0,NA,"MRE"
"1087",2020-03-24,6,0,NA,"MRE"
"1088",2020-03-24,7,0,NA,"MRE"
"1089",2020-03-24,8,0,NA,"MRE"
"1090",2020-03-24,9,0,NA,"MRE"
"1091",2020-03-24,10,0,NA,"MRE"
"1092",2020-03-24,11,0,NA,"MRE"
"1093",2020-03-24,12,0,NA,"MRE"
"1094",2020-03-24,13,0,NA,"MRE"
"1095",2020-03-24,14,0,NA,"MRE"
"1096",2020-03-24,15,0,NA,"MRE"
"1097",2020-03-24,16,0,NA,"MRE"
"1098",2020-03-24,17,0,NA,"MRE"
"1099",2020-03-24,18,0,NA,"MRE"
"1100",2020-03-24,19,0,NA,"MRE"
"1101",2020-03-24,20,0,NA,"MRE"
"1102",2020-03-24,21,0,NA,"MRE"
"1103",2020-03-24,22,0,NA,"MRE"
"1104",2020-03-24,23,0,NA,"MRE"
"1105",2020-03-25,0,0,NA,"MRE"
"1106",2020-03-25,1,0,NA,"MRE"
"1107",2020-03-25,2,0,NA,"MRE"
"1108",2020-03-25,3,0,NA,"MRE"
"1109",2020-03-25,4,0,NA,"MRE"
"1110",2020-03-25,5,0,NA,"MRE"
"1111",2020-03-25,6,0,NA,"MRE"
"1112",2020-03-25,7,0,NA,"MRE"
"1113",2020-03-25,8,0,NA,"MRE"
"1114",2020-03-25,9,0,NA,"MRE"
"1115",2020-03-25,10,0,NA,"MRE"
"1116",2020-03-25,11,0,NA,"MRE"
"1117",2020-03-25,12,0,NA,"MRE"
"1118",2020-03-25,13,0,NA,"MRE"
"1119",2020-03-25,14,0,NA,"MRE"
"1120",2020-03-25,15,0,NA,"MRE"
"1121",2020-03-25,16,0,NA,"MRE"
"1122",2020-03-25,17,0,NA,"MRE"
"1123",2020-03-25,18,0,NA,"MRE"
"1124",2020-03-25,19,0,NA,"MRE"
"1125",2020-03-25,20,0,NA,"MRE"
"1126",2020-03-25,21,0,NA,"MRE"
"1127",2020-03-25,22,0,NA,"MRE"
"1128",2020-03-25,23,0,NA,"MRE"
"1129",2020-03-26,0,0,NA,"MRE"
"1130",2020-03-26,1,0,NA,"MRE"
"1131",2020-03-26,2,0,NA,"MRE"
"1132",2020-03-26,3,0,NA,"MRE"
"1133",2020-03-26,4,0,NA,"MRE"
"1134",2020-03-26,5,0,NA,"MRE"
"1135",2020-03-26,6,0,NA,"MRE"
"1136",2020-03-26,7,0,NA,"MRE"
"1137",2020-03-26,8,0,NA,"MRE"
"1138",2020-03-26,9,0,NA,"MRE"
"1139",2020-03-26,10,0,NA,"MRE"
"1140",2020-03-26,11,0,NA,"MRE"
"1141",2020-03-26,12,0,NA,"MRE"
"1142",2020-03-26,13,0,NA,"MRE"
"1143",2020-03-26,14,0,NA,"MRE"
"1144",2020-03-26,15,0,NA,"MRE"
"1145",2020-03-26,16,0,NA,"MRE"
"1146",2020-03-26,17,0,NA,"MRE"
"1147",2020-03-26,18,0,NA,"MRE"
"1148",2020-03-26,19,0,NA,"MRE"
"1149",2020-03-26,20,0,NA,"MRE"
"1150",2020-03-26,21,0,NA,"MRE"
"1151",2020-03-26,22,0,NA,"MRE"
"1152",2020-03-26,23,0,NA,"MRE"
"1153",2020-03-27,0,0,NA,"MRE"
"1154",2020-03-27,1,0,NA,"MRE"
"1155",2020-03-27,2,0,NA,"MRE"
"1156",2020-03-27,3,0,NA,"MRE"
"1157",2020-03-27,4,0,NA,"MRE"
"1158",2020-03-27,5,0,NA,"MRE"
"1159",2020-03-27,6,0,NA,"MRE"
"1160",2020-03-27,7,0,NA,"MRE"
"1161",2020-03-27,8,0,NA,"MRE"
"1162",2020-03-27,9,0,NA,"MRE"
"1163",2020-03-27,10,0,NA,"MRE"
"1164",2020-03-27,11,0,NA,"MRE"
"1165",2020-03-27,12,0,NA,"MRE"
"1166",2020-03-27,13,0,NA,"MRE"
"1167",2020-03-27,14,0,NA,"MRE"
"1168",2020-03-27,15,0,NA,"MRE"
"1169",2020-03-27,16,0,NA,"MRE"
"1170",2020-03-27,17,0,NA,"MRE"
"1171",2020-03-27,18,0,NA,"MRE"
"1172",2020-03-27,19,0,NA,"MRE"
"1173",2020-03-27,20,0,NA,"MRE"
"1174",2020-03-27,21,0,NA,"MRE"
"1175",2020-03-27,22,0,NA,"MRE"
"1176",2020-03-27,23,0,NA,"MRE"
"1177",2020-03-28,0,1,NA,"MRE"
"1178",2020-03-28,1,0,NA,"MRE"
"1179",2020-03-28,2,0,NA,"MRE"
"1180",2020-03-28,3,0,NA,"MRE"
"1181",2020-03-28,4,0,NA,"MRE"
"1182",2020-03-28,5,0,NA,"MRE"
"1183",2020-03-28,6,0,NA,"MRE"
"1184",2020-03-28,7,0,NA,"MRE"
"1185",2020-03-28,8,0,NA,"MRE"
"1186",2020-03-28,9,0,NA,"MRE"
"1187",2020-03-28,10,0,NA,"MRE"
"1188",2020-03-28,11,0,NA,"MRE"
"1189",2020-03-28,12,0,NA,"MRE"
"1190",2020-03-28,13,0,NA,"MRE"
"1191",2020-03-28,14,0,NA,"MRE"
"1192",2020-03-28,15,0,NA,"MRE"
"1193",2020-03-28,16,0,NA,"MRE"
"1194",2020-03-28,17,0,NA,"MRE"
"1195",2020-03-28,18,0,NA,"MRE"
"1196",2020-03-28,19,0,NA,"MRE"
"1197",2020-03-28,20,0,NA,"MRE"
"1198",2020-03-28,21,0,NA,"MRE"
"1199",2020-03-28,22,0,NA,"MRE"
"1200",2020-03-28,23,0,NA,"MRE"
"1201",2020-03-29,0,0,NA,"MRE"
"1202",2020-03-29,1,0,NA,"MRE"
"1203",2020-03-29,2,0,NA,"MRE"
"1204",2020-03-29,3,0,NA,"MRE"
"1205",2020-03-29,4,0,NA,"MRE"
"1206",2020-03-29,5,0,NA,"MRE"
"1207",2020-03-29,6,0,NA,"MRE"
"1208",2020-03-29,7,0,NA,"MRE"
"1209",2020-03-29,8,0,NA,"MRE"
"1210",2020-03-29,9,0,NA,"MRE"
"1211",2020-03-29,10,0,NA,"MRE"
"1212",2020-03-29,11,0,NA,"MRE"
"1213",2020-03-29,12,0,NA,"MRE"
"1214",2020-03-29,13,0,NA,"MRE"
"1215",2020-03-29,14,0,NA,"MRE"
"1216",2020-03-29,15,0,NA,"MRE"
"1217",2020-03-29,16,0,NA,"MRE"
"1218",2020-03-29,17,0,NA,"MRE"
"1219",2020-03-29,18,0,NA,"MRE"
"1220",2020-03-29,19,0,NA,"MRE"
"1221",2020-03-29,20,0,NA,"MRE"
"1222",2020-03-29,21,0,NA,"MRE"
"1223",2020-03-29,22,0,NA,"MRE"
"1224",2020-03-29,23,0,NA,"MRE"
"1225",2020-03-30,0,0,NA,"MRE"
"1226",2020-03-30,1,0,NA,"MRE"
"1227",2020-03-30,2,0,NA,"MRE"
"1228",2020-03-30,3,0,NA,"MRE"
"1229",2020-03-30,4,0,NA,"MRE"
"1230",2020-03-30,5,0,NA,"MRE"
"1231",2020-03-30,6,0,NA,"MRE"
"1232",2020-03-30,7,0,NA,"MRE"
"1233",2020-03-30,8,0,NA,"MRE"
"1234",2020-03-30,9,0,NA,"MRE"
"1235",2020-03-30,10,0,NA,"MRE"
"1236",2020-03-30,11,0,NA,"MRE"
"1237",2020-03-30,12,0,NA,"MRE"
"1238",2020-03-30,13,0,NA,"MRE"
"1239",2020-03-30,14,0,NA,"MRE"
"1240",2020-03-30,15,0,NA,"MRE"
"1241",2020-03-30,16,0,NA,"MRE"
"1242",2020-03-30,17,0,NA,"MRE"
"1243",2020-03-30,18,0,NA,"MRE"
"1244",2020-03-30,19,0,NA,"MRE"
"1245",2020-03-30,20,0,NA,"MRE"
"1246",2020-03-30,21,0,NA,"MRE"
"1247",2020-03-30,22,0,NA,"MRE"
"1248",2020-03-30,23,0,NA,"MRE"
"1249",2020-03-31,0,0,NA,"MRE"
"1250",2020-03-31,1,0,NA,"MRE"
"1251",2020-03-31,2,0,NA,"MRE"
"1252",2020-03-31,3,0,NA,"MRE"
"1253",2020-03-31,4,0,NA,"MRE"
"1254",2020-03-31,5,0,NA,"MRE"
"1255",2020-03-31,6,0,NA,"MRE"
"1256",2020-03-31,7,0,NA,"MRE"
"1257",2020-03-31,8,0,NA,"MRE"
"1258",2020-03-31,9,0,NA,"MRE"
"1259",2020-03-31,10,0,NA,"MRE"
"1260",2020-03-31,11,0,NA,"MRE"
"1261",2020-03-31,12,0,NA,"MRE"
"1262",2020-03-31,13,0,NA,"MRE"
"1263",2020-03-31,14,0,NA,"MRE"
"1264",2020-03-31,15,0,NA,"MRE"
"1265",2020-03-31,16,0,NA,"MRE"
"1266",2020-03-31,17,0,NA,"MRE"
"1267",2020-03-31,18,0,NA,"MRE"
"1268",2020-03-31,19,0,NA,"MRE"
"1269",2020-03-31,20,0,NA,"MRE"
"1270",2020-03-31,21,0,NA,"MRE"
"1271",2020-03-31,22,0,NA,"MRE"
"1272",2020-03-31,23,0,NA,"MRE"
"1273",2020-04-01,0,0,NA,"MRE"
"1274",2020-04-01,1,0,NA,"MRE"
"1275",2020-04-01,2,0,NA,"MRE"
"1276",2020-04-01,3,0,NA,"MRE"
"1277",2020-04-01,4,0,NA,"MRE"
"1278",2020-04-01,5,0,NA,"MRE"
"1279",2020-04-01,6,0,NA,"MRE"
"1280",2020-04-01,7,0,NA,"MRE"
"1281",2020-04-01,8,0,NA,"MRE"
"1282",2020-04-01,9,0,NA,"MRE"
"1283",2020-04-01,10,0,NA,"MRE"
"1284",2020-04-01,11,0,NA,"MRE"
"1285",2020-04-01,12,0,NA,"MRE"
"1286",2020-04-01,13,0,NA,"MRE"
"1287",2020-04-01,14,0,NA,"MRE"
"1288",2020-04-01,15,0,NA,"MRE"
"1289",2020-04-01,16,0,NA,"MRE"
"1290",2020-04-01,17,0,NA,"MRE"
"1291",2020-04-01,18,0,NA,"MRE"
"1292",2020-04-01,19,0,NA,"MRE"
"1293",2020-04-01,20,0,NA,"MRE"
"1294",2020-04-01,21,0,NA,"MRE"
"1295",2020-04-01,22,0,NA,"MRE"
"1296",2020-04-01,23,0,NA,"MRE"
"1297",2020-04-02,0,0,NA,"MRE"
"1298",2020-04-02,1,0,NA,"MRE"
"1299",2020-04-02,2,0,NA,"MRE"
"1300",2020-04-02,3,0,NA,"MRE"
"1301",2020-04-02,4,0,NA,"MRE"
"1302",2020-04-02,5,0,NA,"MRE"
"1303",2020-04-02,6,0,NA,"MRE"
"1304",2020-04-02,7,0,NA,"MRE"
"1305",2020-04-02,8,0,NA,"MRE"
"1306",2020-04-02,9,0,NA,"MRE"
"1307",2020-04-02,10,0,NA,"MRE"
"1308",2020-04-02,11,0,NA,"MRE"
"1309",2020-04-02,12,0,NA,"MRE"
"1310",2020-04-02,13,0,NA,"MRE"
"1311",2020-04-02,14,0,NA,"MRE"
"1312",2020-04-02,15,0,NA,"MRE"
"1313",2020-04-02,16,0,NA,"MRE"
"1314",2020-04-02,17,0,NA,"MRE"
"1315",2020-04-02,18,0,NA,"MRE"
"1316",2020-04-02,19,0,NA,"MRE"
"1317",2020-04-02,20,0,NA,"MRE"
"1318",2020-04-02,21,0,NA,"MRE"
"1319",2020-04-02,22,0,NA,"MRE"
"1320",2020-04-02,23,0,NA,"MRE"
"1321",2020-04-03,0,0,NA,"MRE"
"1322",2020-04-03,1,0,NA,"MRE"
"1323",2020-04-03,2,0,NA,"MRE"
"1324",2020-04-03,3,0,NA,"MRE"
"1325",2020-04-03,4,0,NA,"MRE"
"1326",2020-04-03,5,0,NA,"MRE"
"1327",2020-04-03,6,0,NA,"MRE"
"1328",2020-04-03,7,0,NA,"MRE"
"1329",2020-04-03,8,0,NA,"MRE"
"1330",2020-04-03,9,0,NA,"MRE"
"1331",2020-04-03,10,0,NA,"MRE"
"1332",2020-04-03,11,0,NA,"MRE"
"1333",2020-04-03,12,0,NA,"MRE"
"1334",2020-04-03,13,0,NA,"MRE"
"1335",2020-04-03,14,0,NA,"MRE"
"1336",2020-04-03,15,0,NA,"MRE"
"1337",2020-04-03,16,0,NA,"MRE"
"1338",2020-04-03,17,0,NA,"MRE"
"1339",2020-04-03,18,0,NA,"MRE"
"1340",2020-04-03,19,0,NA,"MRE"
"1341",2020-04-03,20,0,NA,"MRE"
"1342",2020-04-03,21,0,NA,"MRE"
"1343",2020-04-03,22,0,NA,"MRE"
"1344",2020-04-03,23,0,NA,"MRE"
"1345",2020-04-04,0,0,NA,"MRE"
"1346",2020-04-04,1,0,NA,"MRE"
"1347",2020-04-04,2,0,NA,"MRE"
"1348",2020-04-04,3,0,NA,"MRE"
"1349",2020-04-04,4,0,NA,"MRE"
"1350",2020-04-04,5,0,NA,"MRE"
"1351",2020-04-04,6,0,NA,"MRE"
"1352",2020-04-04,7,0,NA,"MRE"
"1353",2020-04-04,8,0,NA,"MRE"
"1354",2020-04-04,9,0,NA,"MRE"
"1355",2020-04-04,10,0,NA,"MRE"
"1356",2020-04-04,11,0,NA,"MRE"
"1357",2020-04-04,12,0,NA,"MRE"
"1358",2020-04-04,13,0,NA,"MRE"
"1359",2020-04-04,14,0,NA,"MRE"
"1360",2020-04-04,15,0,NA,"MRE"
"1361",2020-04-04,16,0,NA,"MRE"
"1362",2020-04-04,17,0,NA,"MRE"
"1363",2020-04-04,18,0,NA,"MRE"
"1364",2020-04-04,19,0,NA,"MRE"
"1365",2020-04-04,20,0,NA,"MRE"
"1366",2020-04-04,21,0,NA,"MRE"
"1367",2020-04-04,22,0,NA,"MRE"
"1368",2020-04-04,23,0,NA,"MRE"
"1369",2020-04-05,0,0,NA,"MRE"
"1370",2020-04-05,1,0,NA,"MRE"
"1371",2020-04-05,2,0,NA,"MRE"
"1372",2020-04-05,3,0,NA,"MRE"
"1373",2020-04-05,4,0,NA,"MRE"
"1374",2020-04-05,5,0,NA,"MRE"
"1375",2020-04-05,6,0,NA,"MRE"
"1376",2020-04-05,7,0,NA,"MRE"
"1377",2020-04-05,8,0,NA,"MRE"
"1378",2020-04-05,9,0,NA,"MRE"
"1379",2020-04-05,10,0,NA,"MRE"
"1380",2020-04-05,11,0,NA,"MRE"
"1381",2020-04-05,12,0,NA,"MRE"
"1382",2020-04-05,13,0,NA,"MRE"
"1383",2020-04-05,14,0,NA,"MRE"
"1384",2020-04-05,15,0,NA,"MRE"
"1385",2020-04-05,16,0,NA,"MRE"
"1386",2020-04-05,17,0,NA,"MRE"
"1387",2020-04-05,18,0,NA,"MRE"
"1388",2020-04-05,19,0,NA,"MRE"
"1389",2020-04-05,20,0,NA,"MRE"
"1390",2020-04-05,21,0,NA,"MRE"
"1391",2020-04-05,22,0,NA,"MRE"
"1392",2020-04-05,23,0,NA,"MRE"
"1393",2020-04-06,0,0,NA,"MRE"
"1394",2020-04-06,1,0,NA,"MRE"
"1395",2020-04-06,2,0,NA,"MRE"
"1396",2020-04-06,3,0,NA,"MRE"
"1397",2020-04-06,4,0,NA,"MRE"
"1398",2020-04-06,5,0,NA,"MRE"
"1399",2020-04-06,6,0,NA,"MRE"
"1400",2020-04-06,7,0,NA,"MRE"
"1401",2020-04-06,8,0,NA,"MRE"
"1402",2020-04-06,9,0,NA,"MRE"
"1403",2020-04-06,10,0,NA,"MRE"
"1404",2020-04-06,11,0,NA,"MRE"
"1405",2020-04-06,12,0,NA,"MRE"
"1406",2020-04-06,13,0,NA,"MRE"
"1407",2020-04-06,14,0,NA,"MRE"
"1408",2020-04-06,15,0,NA,"MRE"
"1409",2020-04-06,16,0,NA,"MRE"
"1410",2020-04-06,17,0,NA,"MRE"
"1411",2020-04-06,18,0,NA,"MRE"
"1412",2020-04-06,19,0,NA,"MRE"
"1413",2020-04-06,20,0,NA,"MRE"
"1414",2020-04-06,21,0,NA,"MRE"
"1415",2020-04-06,22,0,NA,"MRE"
"1416",2020-04-06,23,0,NA,"MRE"
"1417",2020-04-07,0,0,NA,"MRE"
"1418",2020-04-07,1,0,NA,"MRE"
"1419",2020-04-07,2,0,NA,"MRE"
"1420",2020-04-07,3,0,NA,"MRE"
"1421",2020-04-07,4,0,NA,"MRE"
"1422",2020-04-07,5,0,NA,"MRE"
"1423",2020-04-07,6,0,NA,"MRE"
"1424",2020-04-07,7,0,NA,"MRE"
"1425",2020-04-07,8,0,NA,"MRE"
"1426",2020-04-07,9,0,NA,"MRE"
"1427",2020-04-07,10,0,NA,"MRE"
"1428",2020-04-07,11,0,NA,"MRE"
"1429",2020-04-07,12,0,NA,"MRE"
"1430",2020-04-07,13,0,NA,"MRE"
"1431",2020-04-07,14,0,NA,"MRE"
"1432",2020-04-07,15,0,NA,"MRE"
"1433",2020-04-07,16,0,NA,"MRE"
"1434",2020-04-07,17,0,NA,"MRE"
"1435",2020-04-07,18,0,NA,"MRE"
"1436",2020-04-07,19,0,NA,"MRE"
"1437",2020-04-07,20,0,NA,"MRE"
"1438",2020-04-07,21,0,NA,"MRE"
"1439",2020-04-07,22,0,NA,"MRE"
"1440",2020-04-07,23,0,NA,"MRE"
"1441",2020-04-08,0,0,NA,"MRE"
"1442",2020-04-08,1,0,NA,"MRE"
"1443",2020-04-08,2,0,NA,"MRE"
"1444",2020-04-08,3,0,NA,"MRE"
"1445",2020-04-08,4,0,NA,"MRE"
"1446",2020-04-08,5,0,NA,"MRE"
"1447",2020-04-08,6,0,NA,"MRE"
"1448",2020-04-08,7,0,NA,"MRE"
"1449",2020-04-08,8,0,NA,"MRE"
"1450",2020-04-08,9,0,NA,"MRE"
"1451",2020-04-08,10,0,NA,"MRE"
"1452",2020-04-08,11,0,NA,"MRE"
"1453",2020-04-08,12,0,NA,"MRE"
"1454",2020-04-08,13,0,NA,"MRE"
"1455",2020-04-08,14,0,NA,"MRE"
"1456",2020-04-08,15,0,NA,"MRE"
"1457",2020-04-08,16,0,NA,"MRE"
"1458",2020-04-08,17,0,NA,"MRE"
"1459",2020-04-08,18,0,NA,"MRE"
"1460",2020-04-08,19,0,NA,"MRE"
"1461",2020-04-08,20,0,NA,"MRE"
"1462",2020-04-08,21,0,NA,"MRE"
"1463",2020-04-08,22,0,NA,"MRE"
"1464",2020-04-08,23,0,NA,"MRE"
"1465",2020-04-09,0,0,NA,"MRE"
"1466",2020-04-09,1,0,NA,"MRE"
"1467",2020-04-09,2,0,NA,"MRE"
"1468",2020-04-09,3,0,NA,"MRE"
"1469",2020-04-09,4,0,NA,"MRE"
"1470",2020-04-09,5,0,NA,"MRE"
"1471",2020-04-09,6,0,NA,"MRE"
"1472",2020-04-09,7,0,NA,"MRE"
"1473",2020-04-09,8,0,NA,"MRE"
"1474",2020-04-09,9,0,NA,"MRE"
"1475",2020-04-09,10,0,NA,"MRE"
"1476",2020-04-09,11,0,NA,"MRE"
"1477",2020-04-09,12,0,NA,"MRE"
"1478",2020-04-09,13,0,NA,"MRE"
"1479",2020-04-09,14,0,NA,"MRE"
"1480",2020-04-09,15,0,NA,"MRE"
"1481",2020-04-09,16,0,NA,"MRE"
"1482",2020-04-09,17,0,NA,"MRE"
"1483",2020-04-09,18,0,NA,"MRE"
"1484",2020-04-09,19,0,NA,"MRE"
"1485",2020-04-09,20,0,NA,"MRE"
"1486",2020-04-09,21,0,NA,"MRE"
"1487",2020-04-09,22,0,NA,"MRE"
"1488",2020-04-09,23,0,NA,"MRE"
"1489",2020-04-10,0,0,NA,"MRE"
"1490",2020-04-10,1,0,NA,"MRE"
"1491",2020-04-10,2,0,NA,"MRE"
"1492",2020-04-10,3,0,NA,"MRE"
"1493",2020-04-10,4,0,NA,"MRE"
"1494",2020-04-10,5,0,NA,"MRE"
"1495",2020-04-10,6,0,NA,"MRE"
"1496",2020-04-10,7,0,NA,"MRE"
"1497",2020-04-10,8,0,NA,"MRE"
"1498",2020-04-10,9,0,NA,"MRE"
"1499",2020-04-10,10,0,NA,"MRE"
"1500",2020-04-10,11,0,NA,"MRE"
"1501",2020-04-10,12,0,NA,"MRE"
"1502",2020-04-10,13,0,NA,"MRE"
"1503",2020-04-10,14,0,NA,"MRE"
"1504",2020-04-10,15,0,NA,"MRE"
"1505",2020-04-10,16,0,NA,"MRE"
"1506",2020-04-10,17,0,NA,"MRE"
"1507",2020-04-10,18,0,NA,"MRE"
"1508",2020-04-10,19,0,NA,"MRE"
"1509",2020-04-10,20,0,NA,"MRE"
"1510",2020-04-10,21,0,NA,"MRE"
"1511",2020-04-10,22,0,NA,"MRE"
"1512",2020-04-10,23,0,NA,"MRE"
"1513",2020-04-11,0,0,NA,"MRE"
"1514",2020-04-11,1,0,NA,"MRE"
"1515",2020-04-11,2,0,NA,"MRE"
"1516",2020-04-11,3,0,NA,"MRE"
"1517",2020-04-11,4,0,NA,"MRE"
"1518",2020-04-11,5,0,NA,"MRE"
"1519",2020-04-11,6,0,NA,"MRE"
"1520",2020-04-11,7,0,NA,"MRE"
"1521",2020-04-11,8,0,NA,"MRE"
"1522",2020-04-11,9,0,NA,"MRE"
"1523",2020-04-11,10,0,NA,"MRE"
"1524",2020-04-11,11,0,NA,"MRE"
"1525",2020-04-11,12,0,NA,"MRE"
"1526",2020-04-11,13,0,NA,"MRE"
"1527",2020-04-11,14,0,NA,"MRE"
"1528",2020-04-11,15,0,NA,"MRE"
"1529",2020-04-11,16,0,NA,"MRE"
"1530",2020-04-11,17,0,NA,"MRE"
"1531",2020-04-11,18,0,NA,"MRE"
"1532",2020-04-11,19,0,NA,"MRE"
"1533",2020-04-11,20,0,NA,"MRE"
"1534",2020-04-11,21,0,NA,"MRE"
"1535",2020-04-11,22,0,NA,"MRE"
"1536",2020-04-11,23,0,NA,"MRE"
"1537",2020-04-12,0,0,NA,"MRE"
"1538",2020-04-12,1,0,NA,"MRE"
"1539",2020-04-12,2,0,NA,"MRE"
"1540",2020-04-12,3,0,NA,"MRE"
"1541",2020-04-12,4,0,NA,"MRE"
"1542",2020-04-12,5,0,NA,"MRE"
"1543",2020-04-12,6,0,NA,"MRE"
"1544",2020-04-12,7,0,NA,"MRE"
"1545",2020-04-12,8,0,NA,"MRE"
"1546",2020-04-12,9,0,NA,"MRE"
"1547",2020-04-12,10,0,NA,"MRE"
"1548",2020-04-12,11,0,NA,"MRE"
"1549",2020-04-12,12,0,NA,"MRE"
"1550",2020-04-12,13,0,NA,"MRE"
"1551",2020-04-12,14,0,NA,"MRE"
"1552",2020-04-12,15,0,NA,"MRE"
"1553",2020-04-12,16,0,NA,"MRE"
"1554",2020-04-12,17,0,NA,"MRE"
"1555",2020-04-12,18,0,NA,"MRE"
"1556",2020-04-12,19,0,NA,"MRE"
"1557",2020-04-12,20,0,NA,"MRE"
"1558",2020-04-12,21,0,NA,"MRE"
"1559",2020-04-12,22,0,NA,"MRE"
"1560",2020-04-12,23,0,NA,"MRE"
"1561",2020-04-13,0,0,NA,"MRE"
"1562",2020-04-13,1,0,NA,"MRE"
"1563",2020-04-13,2,0,NA,"MRE"
"1564",2020-04-13,3,0,NA,"MRE"
"1565",2020-04-13,4,0,NA,"MRE"
"1566",2020-04-13,5,0,NA,"MRE"
"1567",2020-04-13,6,0,NA,"MRE"
"1568",2020-04-13,7,0,NA,"MRE"
"1569",2020-04-13,8,0,NA,"MRE"
"1570",2020-04-13,9,0,NA,"MRE"
"1571",2020-04-13,10,0,NA,"MRE"
"1572",2020-04-13,11,0,NA,"MRE"
"1573",2020-04-13,12,0,NA,"MRE"
"1574",2020-04-13,13,0,NA,"MRE"
"1575",2020-04-13,14,0,NA,"MRE"
"1576",2020-04-13,15,0,NA,"MRE"
"1577",2020-04-13,16,0,NA,"MRE"
"1578",2020-04-13,17,0,NA,"MRE"
"1579",2020-04-13,18,0,NA,"MRE"
"1580",2020-04-13,19,0,NA,"MRE"
"1581",2020-04-13,20,0,NA,"MRE"
"1582",2020-04-13,21,0,NA,"MRE"
"1583",2020-04-13,22,0,NA,"MRE"
"1584",2020-04-13,23,0,NA,"MRE"
"1585",2020-04-14,0,0,NA,"MRE"
"1586",2020-04-14,1,0,NA,"MRE"
"1587",2020-04-14,2,0,NA,"MRE"
"1588",2020-04-14,3,0,NA,"MRE"
"1589",2020-04-14,4,0,NA,"MRE"
"1590",2020-04-14,5,0,NA,"MRE"
"1591",2020-04-14,6,0,NA,"MRE"
"1592",2020-04-14,7,0,NA,"MRE"
"1593",2020-04-14,8,0,NA,"MRE"
"1594",2020-04-14,9,0,NA,"MRE"
"1595",2020-04-14,10,0,NA,"MRE"
"1596",2020-04-14,11,0,NA,"MRE"
"1597",2020-04-14,12,0,NA,"MRE"
"1598",2020-04-14,13,0,NA,"MRE"
"1599",2020-04-14,14,0,NA,"MRE"
"1600",2020-04-14,15,0,NA,"MRE"
"1601",2020-04-14,16,0,NA,"MRE"
"1602",2020-04-14,17,0,NA,"MRE"
"1603",2020-04-14,18,0,NA,"MRE"
"1604",2020-04-14,19,0,NA,"MRE"
"1605",2020-04-14,20,0,NA,"MRE"
"1606",2020-04-14,21,0,NA,"MRE"
"1607",2020-04-14,22,0,NA,"MRE"
"1608",2020-04-14,23,0,NA,"MRE"
"1609",2020-04-15,0,0,NA,"MRE"
"1610",2020-04-15,1,0,NA,"MRE"
"1611",2020-04-15,2,0,NA,"MRE"
"1612",2020-04-15,3,0,NA,"MRE"
"1613",2020-04-15,4,0,NA,"MRE"
"1614",2020-04-15,5,0,NA,"MRE"
"1615",2020-04-15,6,0,NA,"MRE"
"1616",2020-04-15,7,0,NA,"MRE"
"1617",2020-04-15,8,0,NA,"MRE"
"1618",2020-04-15,9,0,NA,"MRE"
"1619",2020-04-15,10,0,NA,"MRE"
"1620",2020-04-15,11,0,NA,"MRE"
"1621",2020-04-15,12,0,NA,"MRE"
"1622",2020-04-15,13,0,NA,"MRE"
"1623",2020-04-15,14,0,NA,"MRE"
"1624",2020-04-15,15,0,NA,"MRE"
"1625",2020-04-15,16,0,NA,"MRE"
"1626",2020-04-15,17,0,NA,"MRE"
"1627",2020-04-15,18,0,NA,"MRE"
"1628",2020-04-15,19,0,NA,"MRE"
"1629",2020-04-15,20,0,NA,"MRE"
"1630",2020-04-15,21,0,NA,"MRE"
"1631",2020-04-15,22,0,NA,"MRE"
"1632",2020-04-15,23,0,NA,"MRE"
"1633",2020-04-16,0,0,NA,"MRE"
"1634",2020-04-16,1,0,NA,"MRE"
"1635",2020-04-16,2,0,NA,"MRE"
"1636",2020-04-16,3,0,NA,"MRE"
"1637",2020-04-16,4,0,NA,"MRE"
"1638",2020-04-16,5,0,NA,"MRE"
"1639",2020-04-16,6,0,NA,"MRE"
"1640",2020-04-16,7,0,NA,"MRE"
"1641",2020-04-16,8,0,NA,"MRE"
"1642",2020-04-16,9,0,NA,"MRE"
"1643",2020-04-16,10,0,NA,"MRE"
"1644",2020-04-16,11,0,NA,"MRE"
"1645",2020-04-16,12,0,NA,"MRE"
"1646",2020-04-16,13,0,NA,"MRE"
"1647",2020-04-16,14,0,NA,"MRE"
"1648",2020-04-16,15,0,NA,"MRE"
"1649",2020-04-16,16,0,NA,"MRE"
"1650",2020-04-16,17,0,NA,"MRE"
"1651",2020-04-16,18,0,NA,"MRE"
"1652",2020-04-16,19,0,NA,"MRE"
"1653",2020-04-16,20,0,NA,"MRE"
"1654",2020-04-16,21,0,NA,"MRE"
"1655",2020-04-16,22,0,NA,"MRE"
"1656",2020-04-16,23,0,NA,"MRE"
"1657",2020-04-17,0,0,NA,"MRE"
"1658",2020-04-17,1,0,NA,"MRE"
"1659",2020-04-17,2,0,NA,"MRE"
"1660",2020-04-17,3,0,NA,"MRE"
"1661",2020-04-17,4,0,NA,"MRE"
"1662",2020-04-17,5,0,NA,"MRE"
"1663",2020-04-17,6,0,NA,"MRE"
"1664",2020-04-17,7,0,NA,"MRE"
"1665",2020-04-17,8,0,NA,"MRE"
"1666",2020-04-17,9,0,NA,"MRE"
"1667",2020-04-17,10,0,NA,"MRE"
"1668",2020-04-17,11,0,NA,"MRE"
"1669",2020-04-17,12,0,NA,"MRE"
"1670",2020-04-17,13,0,NA,"MRE"
"1671",2020-04-17,14,0,NA,"MRE"
"1672",2020-04-17,15,0,NA,"MRE"
"1673",2020-04-17,16,0,NA,"MRE"
"1674",2020-04-17,17,0,NA,"MRE"
"1675",2020-04-17,18,0,NA,"MRE"
"1676",2020-04-17,19,0,NA,"MRE"
"1677",2020-04-17,20,0,NA,"MRE"
"1678",2020-04-17,21,0,NA,"MRE"
"1679",2020-04-17,22,0,NA,"MRE"
"1680",2020-04-17,23,0,NA,"MRE"
"1681",2020-04-18,0,0,NA,"MRE"
"1682",2020-04-18,1,0,NA,"MRE"
"1683",2020-04-18,2,0,NA,"MRE"
"1684",2020-04-18,3,0,NA,"MRE"
"1685",2020-04-18,4,0,NA,"MRE"
"1686",2020-04-18,5,0,NA,"MRE"
"1687",2020-04-18,6,0,NA,"MRE"
"1688",2020-04-18,7,0,NA,"MRE"
"1689",2020-04-18,8,0,NA,"MRE"
"1690",2020-04-18,9,0,NA,"MRE"
"1691",2020-04-18,10,0,NA,"MRE"
"1692",2020-04-18,11,0,NA,"MRE"
"1693",2020-04-18,12,0,NA,"MRE"
"1694",2020-04-18,13,0,NA,"MRE"
"1695",2020-04-18,14,0,NA,"MRE"
"1696",2020-04-18,15,0,NA,"MRE"
"1697",2020-04-18,16,0,NA,"MRE"
"1698",2020-04-18,17,0,NA,"MRE"
"1699",2020-04-18,18,0,NA,"MRE"
"1700",2020-04-18,19,0,NA,"MRE"
"1701",2020-04-18,20,0,NA,"MRE"
"1702",2020-04-18,21,0,NA,"MRE"
"1703",2020-04-18,22,0,NA,"MRE"
"1704",2020-04-18,23,0,NA,"MRE"
"1705",2020-04-19,0,0,NA,"MRE"
"1706",2020-04-19,1,0,NA,"MRE"
"1707",2020-04-19,2,0,NA,"MRE"
"1708",2020-04-19,3,0,NA,"MRE"
"1709",2020-04-19,4,0,NA,"MRE"
"1710",2020-04-19,5,0,NA,"MRE"
"1711",2020-04-19,6,0,NA,"MRE"
"1712",2020-04-19,7,0,NA,"MRE"
"1713",2020-04-19,8,0,NA,"MRE"
"1714",2020-04-19,9,0,NA,"MRE"
"1715",2020-04-19,10,0,NA,"MRE"
"1716",2020-04-19,11,0,NA,"MRE"
"1717",2020-04-19,12,0,NA,"MRE"
"1718",2020-04-19,13,0,NA,"MRE"
"1719",2020-04-19,14,0,NA,"MRE"
"1720",2020-04-19,15,0,NA,"MRE"
"1721",2020-04-19,16,0,NA,"MRE"
"1722",2020-04-19,17,0,NA,"MRE"
"1723",2020-04-19,18,0,NA,"MRE"
"1724",2020-04-19,19,0,NA,"MRE"
"1725",2020-04-19,20,0,NA,"MRE"
"1726",2020-04-19,21,0,NA,"MRE"
"1727",2020-04-19,22,0,NA,"MRE"
"1728",2020-04-19,23,0,NA,"MRE"
"1729",2020-04-20,0,0,NA,"MRE"
"1730",2020-04-20,1,0,NA,"MRE"
"1731",2020-04-20,2,0,NA,"MRE"
"1732",2020-04-20,3,0,NA,"MRE"
"1733",2020-04-20,4,0,NA,"MRE"
"1734",2020-04-20,5,0,NA,"MRE"
"1735",2020-04-20,6,0,NA,"MRE"
"1736",2020-04-20,7,0,NA,"MRE"
"1737",2020-04-20,8,0,NA,"MRE"
"1738",2020-04-20,9,0,NA,"MRE"
"1739",2020-04-20,10,0,NA,"MRE"
"1740",2020-04-20,11,0,NA,"MRE"
"1741",2020-04-20,12,0,NA,"MRE"
"1742",2020-04-20,13,0,NA,"MRE"
"1743",2020-04-20,14,0,NA,"MRE"
"1744",2020-04-20,15,0,NA,"MRE"
"1745",2020-04-20,16,0,NA,"MRE"
"1746",2020-04-20,17,0,NA,"MRE"
"1747",2020-04-20,18,0,NA,"MRE"
"1748",2020-04-20,19,0,NA,"MRE"
"1749",2020-04-20,20,0,NA,"MRE"
"1750",2020-04-20,21,0,NA,"MRE"
"1751",2020-04-20,22,0,NA,"MRE"
"1752",2020-04-20,23,0,NA,"MRE"
"1753",2020-04-21,0,0,NA,"MRE"
"1754",2020-04-21,1,0,NA,"MRE"
"1755",2020-04-21,2,0,NA,"MRE"
"1756",2020-04-21,3,0,NA,"MRE"
"1757",2020-04-21,4,0,NA,"MRE"
"1758",2020-04-21,5,0,NA,"MRE"
"1759",2020-04-21,6,0,NA,"MRE"
"1760",2020-04-21,7,0,NA,"MRE"
"1761",2020-04-21,8,0,NA,"MRE"
"1762",2020-04-21,9,0,NA,"MRE"
"1763",2020-04-21,10,0,NA,"MRE"
"1764",2020-04-21,11,0,NA,"MRE"
"1765",2020-04-21,12,0,NA,"MRE"
"1766",2020-04-21,13,0,NA,"MRE"
"1767",2020-04-21,14,0,NA,"MRE"
"1768",2020-04-21,15,0,NA,"MRE"
"1769",2020-04-21,16,0,NA,"MRE"
"1770",2020-04-21,17,0,NA,"MRE"
"1771",2020-04-21,18,0,NA,"MRE"
"1772",2020-04-21,19,0,NA,"MRE"
"1773",2020-04-21,20,0,NA,"MRE"
"1774",2020-04-21,21,0,NA,"MRE"
"1775",2020-04-21,22,0,NA,"MRE"
"1776",2020-04-21,23,0,NA,"MRE"
"1777",2020-04-22,0,0,NA,"MRE"
"1778",2020-04-22,1,0,NA,"MRE"
"1779",2020-04-22,2,0,NA,"MRE"
"1780",2020-04-22,3,0,NA,"MRE"
"1781",2020-04-22,4,0,NA,"MRE"
"1782",2020-04-22,5,0,NA,"MRE"
"1783",2020-04-22,6,0,NA,"MRE"
"1784",2020-04-22,7,0,NA,"MRE"
"1785",2020-04-22,8,0,NA,"MRE"
"1786",2020-04-22,9,0,NA,"MRE"
"1787",2020-04-22,10,0,NA,"MRE"
"1788",2020-04-22,11,0,NA,"MRE"
"1789",2020-04-22,12,0,NA,"MRE"
"1790",2020-04-22,13,0,NA,"MRE"
"1791",2020-04-22,14,0,NA,"MRE"
"1792",2020-04-22,15,0,NA,"MRE"
"1793",2020-04-22,16,0,NA,"MRE"
"1794",2020-04-22,17,0,NA,"MRE"
"1795",2020-04-22,18,0,NA,"MRE"
"1796",2020-04-22,19,0,NA,"MRE"
"1797",2020-04-22,20,0,NA,"MRE"
"1798",2020-04-22,21,0,NA,"MRE"
"1799",2020-04-22,22,0,NA,"MRE"
"1800",2020-04-22,23,0,NA,"MRE"
"1801",2020-04-23,0,0,NA,"MRE"
"1802",2020-04-23,1,0,NA,"MRE"
"1803",2020-04-23,2,0,NA,"MRE"
"1804",2020-04-23,3,0,NA,"MRE"
"1805",2020-04-23,4,0,NA,"MRE"
"1806",2020-04-23,5,0,NA,"MRE"
"1807",2020-04-23,6,0,NA,"MRE"
"1808",2020-04-23,7,0,NA,"MRE"
"1809",2020-04-23,8,0,NA,"MRE"
"1810",2020-04-23,9,0,NA,"MRE"
"1811",2020-04-23,10,0,NA,"MRE"
"1812",2020-04-23,11,0,NA,"MRE"
"1813",2020-04-23,12,0,NA,"MRE"
"1814",2020-04-23,13,0,NA,"MRE"
"1815",2020-04-23,14,0,NA,"MRE"
"1816",2020-04-23,15,0,NA,"MRE"
"1817",2020-04-23,16,0,NA,"MRE"
"1818",2020-04-23,17,0,NA,"MRE"
"1819",2020-04-23,18,0,NA,"MRE"
"1820",2020-04-23,19,0,NA,"MRE"
"1821",2020-04-23,20,0,NA,"MRE"
"1822",2020-04-23,21,0,NA,"MRE"
"1823",2020-04-23,22,0,NA,"MRE"
"1824",2020-04-23,23,0,NA,"MRE"
"1825",2020-04-24,0,0,NA,"MRE"
"1826",2020-04-24,1,0,NA,"MRE"
"1827",2020-04-24,2,0,NA,"MRE"
"1828",2020-04-24,3,0,NA,"MRE"
"1829",2020-04-24,4,0,NA,"MRE"
"1830",2020-04-24,5,0,NA,"MRE"
"1831",2020-04-24,6,0,NA,"MRE"
"1832",2020-04-24,7,0,NA,"MRE"
"1833",2020-04-24,8,0,NA,"MRE"
"1834",2020-04-24,9,0,NA,"MRE"
"1835",2020-04-24,10,0,NA,"MRE"
"1836",2020-04-24,11,0,NA,"MRE"
"1837",2020-04-24,12,0,NA,"MRE"
"1838",2020-04-24,13,0,NA,"MRE"
"1839",2020-04-24,14,0,NA,"MRE"
"1840",2020-04-24,15,0,NA,"MRE"
"1841",2020-04-24,16,0,NA,"MRE"
"1842",2020-04-24,17,0,NA,"MRE"
"1843",2020-04-24,18,0,NA,"MRE"
"1844",2020-04-24,19,0,NA,"MRE"
"1845",2020-04-24,20,0,NA,"MRE"
"1846",2020-04-24,21,0,NA,"MRE"
"1847",2020-04-24,22,0,NA,"MRE"
"1848",2020-04-24,23,0,NA,"MRE"
"1849",2020-04-25,0,0,NA,"MRE"
"1850",2020-04-25,1,0,NA,"MRE"
"1851",2020-04-25,2,0,NA,"MRE"
"1852",2020-04-25,3,0,NA,"MRE"
"1853",2020-04-25,4,0,NA,"MRE"
"1854",2020-04-25,5,0,NA,"MRE"
"1855",2020-04-25,6,0,NA,"MRE"
"1856",2020-04-25,7,0,NA,"MRE"
"1857",2020-04-25,8,0,NA,"MRE"
"1858",2020-04-25,9,0,NA,"MRE"
"1859",2020-04-25,10,0,NA,"MRE"
"1860",2020-04-25,11,0,NA,"MRE"
"1861",2020-04-25,12,0,NA,"MRE"
"1862",2020-04-25,13,0,NA,"MRE"
"1863",2020-04-25,14,0,NA,"MRE"
"1864",2020-04-25,15,0,NA,"MRE"
"1865",2020-04-25,16,0,NA,"MRE"
"1866",2020-04-25,17,0,NA,"MRE"
"1867",2020-04-25,18,0,NA,"MRE"
"1868",2020-04-25,19,0,NA,"MRE"
"1869",2020-04-25,20,0,NA,"MRE"
"1870",2020-04-25,21,0,NA,"MRE"
"1871",2020-04-25,22,0,NA,"MRE"
"1872",2020-04-25,23,0,NA,"MRE"
"1873",2020-04-26,0,0,NA,"MRE"
"1874",2020-04-26,1,0,NA,"MRE"
"1875",2020-04-26,2,0,NA,"MRE"
"1876",2020-04-26,3,0,NA,"MRE"
"1877",2020-04-26,4,0,NA,"MRE"
"1878",2020-04-26,5,0,NA,"MRE"
"1879",2020-04-26,6,0,NA,"MRE"
"1880",2020-04-26,7,0,NA,"MRE"
"1881",2020-04-26,8,0,NA,"MRE"
"1882",2020-04-26,9,0,NA,"MRE"
"1883",2020-04-26,10,0,NA,"MRE"
"1884",2020-04-26,11,0,NA,"MRE"
"1885",2020-04-26,12,0,NA,"MRE"
"1886",2020-04-26,13,0,NA,"MRE"
"1887",2020-04-26,14,0,NA,"MRE"
"1888",2020-04-26,15,0,NA,"MRE"
"1889",2020-04-26,16,0,NA,"MRE"
"1890",2020-04-26,17,0,NA,"MRE"
"1891",2020-04-26,18,0,NA,"MRE"
"1892",2020-04-26,19,0,NA,"MRE"
"1893",2020-04-26,20,0,NA,"MRE"
"1894",2020-04-26,21,0,NA,"MRE"
"1895",2020-04-26,22,0,NA,"MRE"
"1896",2020-04-26,23,0,NA,"MRE"
"1897",2020-04-27,0,0,NA,"MRE"
"1898",2020-04-27,1,0,NA,"MRE"
"1899",2020-04-27,2,0,NA,"MRE"
"1900",2020-04-27,3,0,NA,"MRE"
"1901",2020-04-27,4,0,NA,"MRE"
"1902",2020-04-27,5,0,NA,"MRE"
"1903",2020-04-27,6,0,NA,"MRE"
"1904",2020-04-27,7,0,NA,"MRE"
"1905",2020-04-27,8,0,NA,"MRE"
"1906",2020-04-27,9,0,NA,"MRE"
"1907",2020-04-27,10,0,NA,"MRE"
"1908",2020-04-27,11,0,NA,"MRE"
"1909",2020-04-27,12,0,NA,"MRE"
"1910",2020-04-27,13,0,NA,"MRE"
"1911",2020-04-27,14,0,NA,"MRE"
"1912",2020-04-27,15,0,NA,"MRE"
"1913",2020-04-27,16,0,NA,"MRE"
"1914",2020-04-27,17,0,NA,"MRE"
"1915",2020-04-27,18,0,NA,"MRE"
"1916",2020-04-27,19,0,NA,"MRE"
"1917",2020-04-27,20,0,NA,"MRE"
"1918",2020-04-27,21,0,NA,"MRE"
"1919",2020-04-27,22,0,NA,"MRE"
"1920",2020-04-27,23,0,NA,"MRE"
"1921",2020-04-28,0,0,NA,"MRE"
"1922",2020-04-28,1,0,NA,"MRE"
"1923",2020-04-28,2,0,NA,"MRE"
"1924",2020-04-28,3,0,NA,"MRE"
"1925",2020-04-28,4,0,NA,"MRE"
"1926",2020-04-28,5,0,NA,"MRE"
"1927",2020-04-28,6,0,NA,"MRE"
"1928",2020-04-28,7,0,NA,"MRE"
"1929",2020-04-28,8,0,NA,"MRE"
"1930",2020-04-28,9,0,NA,"MRE"
"1931",2020-04-28,10,0,NA,"MRE"
"1932",2020-04-28,11,0,NA,"MRE"
"1933",2020-04-28,12,0,NA,"MRE"
"1934",2020-04-28,13,0,NA,"MRE"
"1935",2020-04-28,14,0,NA,"MRE"
"1936",2020-04-28,15,0,NA,"MRE"
"1937",2020-04-28,16,0,NA,"MRE"
"1938",2020-04-28,17,0,NA,"MRE"
"1939",2020-04-28,18,0,NA,"MRE"
"1940",2020-04-28,19,0,NA,"MRE"
"1941",2020-04-28,20,0,NA,"MRE"
"1942",2020-04-28,21,0,NA,"MRE"
"1943",2020-04-28,22,0,NA,"MRE"
"1944",2020-04-28,23,0,NA,"MRE"
"1945",2020-04-29,0,0,NA,"MRE"
"1946",2020-04-29,1,0,NA,"MRE"
"1947",2020-04-29,2,0,NA,"MRE"
"1948",2020-04-29,3,0,NA,"MRE"
"1949",2020-04-29,4,0,NA,"MRE"
"1950",2020-04-29,5,0,NA,"MRE"
"1951",2020-04-29,6,0,NA,"MRE"
"1952",2020-04-29,7,0,NA,"MRE"
"1953",2020-04-29,8,0,NA,"MRE"
"1954",2020-04-29,9,0,NA,"MRE"
"1955",2020-04-29,10,0,NA,"MRE"
"1956",2020-04-29,11,0,NA,"MRE"
"1957",2020-04-29,12,0,NA,"MRE"
"1958",2020-04-29,13,0,NA,"MRE"
"1959",2020-04-29,14,0,NA,"MRE"
"1960",2020-04-29,15,0,NA,"MRE"
"1961",2020-04-29,16,0,NA,"MRE"
"1962",2020-04-29,17,0,NA,"MRE"
"1963",2020-04-29,18,0,NA,"MRE"
"1964",2020-04-29,19,0,NA,"MRE"
"1965",2020-04-29,20,0,NA,"MRE"
"1966",2020-04-29,21,0,NA,"MRE"
"1967",2020-04-29,22,0,NA,"MRE"
"1968",2020-04-29,23,0,NA,"MRE"
"1969",2020-04-30,0,0,NA,"MRE"
"1970",2020-04-30,1,0,NA,"MRE"
"1971",2020-04-30,2,0,NA,"MRE"
"1972",2020-04-30,3,0,NA,"MRE"
"1973",2020-04-30,4,0,NA,"MRE"
"1974",2020-04-30,5,0,NA,"MRE"
"1975",2020-04-30,6,0,NA,"MRE"
"1976",2020-04-30,7,0,NA,"MRE"
"1977",2020-04-30,8,0,NA,"MRE"
"1978",2020-04-30,9,0,NA,"MRE"
"1979",2020-04-30,10,0,NA,"MRE"
"1980",2020-04-30,11,0,NA,"MRE"
"1981",2020-04-30,12,0,NA,"MRE"
"1982",2020-04-30,13,0,NA,"MRE"
"1983",2020-04-30,14,0,NA,"MRE"
"1984",2020-04-30,15,0,NA,"MRE"
"1985",2020-04-30,16,0,NA,"MRE"
"1986",2020-04-30,17,0,NA,"MRE"
"1987",2020-04-30,18,0,NA,"MRE"
"1988",2020-04-30,19,0,NA,"MRE"
"1989",2020-04-30,20,0,NA,"MRE"
"1990",2020-04-30,21,0,NA,"MRE"
"1991",2020-04-30,22,0,NA,"MRE"
"1992",2020-04-30,23,0,NA,"MRE"
"1993",2020-05-01,0,0,NA,"MRE"
"1994",2020-05-01,1,0,NA,"MRE"
"1995",2020-05-01,2,0,NA,"MRE"
"1996",2020-05-01,3,0,NA,"MRE"
"1997",2020-05-01,4,0,NA,"MRE"
"1998",2020-05-01,5,0,NA,"MRE"
"1999",2020-05-01,6,0,NA,"MRE"
"2000",2020-05-01,7,0,NA,"MRE"
"2001",2020-05-01,8,0,NA,"MRE"
"2002",2020-05-01,9,0,NA,"MRE"
"2003",2020-05-01,10,0,NA,"MRE"
"2004",2020-05-01,11,0,NA,"MRE"
"2005",2020-05-01,12,0,NA,"MRE"
"2006",2020-05-01,13,0,NA,"MRE"
"2007",2020-05-01,14,0,NA,"MRE"
"2008",2020-05-01,15,0,NA,"MRE"
"2009",2020-05-01,16,0,NA,"MRE"
"2010",2020-05-01,17,0,NA,"MRE"
"2011",2020-05-01,18,0,NA,"MRE"
"2012",2020-05-01,19,0,NA,"MRE"
"2013",2020-05-01,20,0,NA,"MRE"
"2014",2020-05-01,21,0,NA,"MRE"
"2015",2020-05-01,22,0,NA,"MRE"
"2016",2020-05-01,23,0,NA,"MRE"
"2017",2020-05-02,0,0,NA,"MRE"
"2018",2020-05-02,1,0,NA,"MRE"
"2019",2020-05-02,2,0,NA,"MRE"
"2020",2020-05-02,3,0,NA,"MRE"
"2021",2020-05-02,4,0,NA,"MRE"
"2022",2020-05-02,5,0,NA,"MRE"
"2023",2020-05-02,6,0,NA,"MRE"
"2024",2020-05-02,7,0,NA,"MRE"
"2025",2020-05-02,8,0,NA,"MRE"
"2026",2020-05-02,9,0,NA,"MRE"
"2027",2020-05-02,10,0,NA,"MRE"
"2028",2020-05-02,11,0,NA,"MRE"
"2029",2020-05-02,12,0,NA,"MRE"
"2030",2020-05-02,13,0,NA,"MRE"
"2031",2020-05-02,14,0,NA,"MRE"
"2032",2020-05-02,15,0,NA,"MRE"
"2033",2020-05-02,16,0,NA,"MRE"
"2034",2020-05-02,17,0,NA,"MRE"
"2035",2020-05-02,18,0,NA,"MRE"
"2036",2020-05-02,19,0,NA,"MRE"
"2037",2020-05-02,20,0,NA,"MRE"
"2038",2020-05-02,21,0,NA,"MRE"
"2039",2020-05-02,22,0,NA,"MRE"
"2040",2020-05-02,23,0,NA,"MRE"
"2041",2020-05-03,0,0,NA,"MRE"
"2042",2020-05-03,1,0,NA,"MRE"
"2043",2020-05-03,2,0,NA,"MRE"
"2044",2020-05-03,3,0,NA,"MRE"
"2045",2020-05-03,4,0,NA,"MRE"
"2046",2020-05-03,5,0,NA,"MRE"
"2047",2020-05-03,6,0,NA,"MRE"
"2048",2020-05-03,7,0,NA,"MRE"
"2049",2020-05-03,8,0,NA,"MRE"
"2050",2020-05-03,9,0,NA,"MRE"
"2051",2020-05-03,10,0,NA,"MRE"
"2052",2020-05-03,11,0,NA,"MRE"
"2053",2020-05-03,12,0,NA,"MRE"
"2054",2020-05-03,13,0,NA,"MRE"
"2055",2020-05-03,14,0,NA,"MRE"
"2056",2020-05-03,15,0,NA,"MRE"
"2057",2020-05-03,16,0,NA,"MRE"
"2058",2020-05-03,17,0,NA,"MRE"
"2059",2020-05-03,18,0,NA,"MRE"
"2060",2020-05-03,19,0,NA,"MRE"
"2061",2020-05-03,20,0,NA,"MRE"
"2062",2020-05-03,21,0,NA,"MRE"
"2063",2020-05-03,22,0,NA,"MRE"
"2064",2020-05-03,23,0,NA,"MRE"
