network,npz_id,Site_ID,Dep,Week,Date_week,Date_noyr,n_days,Total_ves_dep,Total_inside_ves_dep,Total_inside_ves_small
Northwest,DMP,DNE,DAMPIER_202009_DNE,37,2025-09-16,2000-09-08,1,0,0,0
Northwest,DMP,DNE,DAMPIER_202009_DNE,37,2025-09-16,2000-09-09,1,3,0,1
Northwest,DMP,DNE,DAMPIER_202009_DNE,37,2025-09-16,2000-09-10,1,1,0,0
Northwest,DMP,DNE,DAMPIER_202009_DNE,37,2025-09-16,2000-09-11,1,3,0,0
Northwest,DMP,DNE,DAMPIER_202009_DNE,37,2025-09-16,2000-09-12,1,3,0,1
Northwest,DMP,DNE,DAMPIER_202009_DNE,37,2025-09-16,2000-09-13,1,1,0,0
Northwest,DMP,DNE,DAMPIER_202009_DNE,38,2025-09-23,2000-09-14,1,1,0,0
Northwest,DMP,DNE,DAMPIER_202009_DNE,38,2025-09-23,2000-09-15,1,4,0,0
Northwest,DMP,DNE,DAMPIER_202009_DNE,38,2025-09-23,2000-09-16,1,3,0,1
Northwest,DMP,DNE,DAMPIER_202009_DNE,38,2025-09-23,2000-09-17,1,1,0,0
Northwest,DMP,DNE,DAMPIER_202009_DNE,38,2025-09-23,2000-09-18,1,3,0,0
Northwest,DMP,DNE,DAMPIER_202009_DNE,38,2025-09-23,2000-09-19,1,0,0,0
Northwest,DMP,DNE,DAMPIER_202009_DNE,38,2025-09-23,2000-09-20,1,3,0,0
Northwest,DMP,DNE,DAMPIER_202009_DNE,39,2025-09-30,2000-09-21,1,2,0,0
Northwest,DMP,DNE,DAMPIER_202009_DNE,39,2025-09-30,2000-09-22,1,1,0,0
Northwest,DMP,DNE,DAMPIER_202009_DNE,39,2025-09-30,2000-09-23,1,3,0,1
Northwest,DMP,DNE,DAMPIER_202009_DNE,39,2025-09-30,2000-09-24,1,6,1,2
Northwest,DMP,DNE,DAMPIER_202009_DNE,39,2025-09-30,2000-09-25,1,4,0,0
Northwest,DMP,DNE,DAMPIER_202009_DNE,39,2025-09-30,2000-09-26,1,2,0,0
Northwest,DMP,DNE,DAMPIER_202009_DNE,39,2025-09-30,2000-09-27,1,4,0,0
Northwest,DMP,DNE,DAMPIER_202009_DNE,40,2025-10-07,2000-09-28,1,3,0,0
Northwest,DMP,DNE,DAMPIER_202009_DNE,40,2025-10-07,2000-09-29,1,6,0,1
Northwest,DMP,DNE,DAMPIER_202009_DNE,40,2025-10-07,2000-09-30,1,6,0,0
Northwest,DMP,DNE,DAMPIER_202009_DNE,40,2025-10-07,2000-10-01,1,13,0,2
Northwest,DMP,DNE,DAMPIER_202009_DNE,40,2025-10-07,2000-10-02,1,1,0,0
Northwest,DMP,DNE,DAMPIER_202009_DNE,40,2025-10-07,2000-10-03,1,4,0,0
Northwest,DMP,DNE,DAMPIER_202009_DNE,40,2025-10-07,2000-10-04,1,2,1,1
Northwest,DMP,DNE,DAMPIER_202009_DNE,41,2025-10-14,2000-10-05,1,0,0,0
Northwest,DMP,DNE,DAMPIER_202009_DNE,41,2025-10-14,2000-10-06,1,0,0,0
Northwest,DMP,DNE,DAMPIER_202009_DNE,41,2025-10-14,2000-10-07,1,2,0,0
Northwest,DMP,DNE,DAMPIER_202009_DNE,41,2025-10-14,2000-10-08,1,3,0,0
Northwest,DMP,DNE,DAMPIER_202009_DNE,41,2025-10-14,2000-10-09,1,6,1,2
Northwest,DMP,DNE,DAMPIER_202009_DNE,41,2025-10-14,2000-10-10,1,2,0,2
Northwest,DMP,DNE,DAMPIER_202009_DNE,41,2025-10-14,2000-10-11,1,0,0,0
Northwest,DMP,DNE,DAMPIER_202009_DNE,42,2025-10-21,2000-10-12,1,3,0,1
Northwest,DMP,DNE,DAMPIER_202009_DNE,42,2025-10-21,2000-10-13,1,1,0,0
Northwest,DMP,DNE,DAMPIER_202009_DNE,42,2025-10-21,2000-10-14,1,3,0,1
Northwest,DMP,DNE,DAMPIER_202009_DNE,42,2025-10-21,2000-10-15,1,0,0,0
Northwest,DMP,DNE,DAMPIER_202009_DNE,42,2025-10-21,2000-10-16,1,1,0,0
Northwest,DMP,DNE,DAMPIER_202009_DNE,42,2025-10-21,2000-10-17,1,1,0,0
Northwest,DMP,DNE,DAMPIER_202009_DNE,42,2025-10-21,2000-10-18,1,1,0,0
Northwest,DMP,DNE,DAMPIER_202009_DNE,43,2025-10-28,2000-10-19,1,1,0,1
Northwest,DMP,DNE,DAMPIER_202009_DNE,43,2025-10-28,2000-10-20,1,3,0,1
Northwest,DMP,DNE,DAMPIER_202009_DNE,43,2025-10-28,2000-10-21,1,0,0,0
Northwest,DMP,DNE,DAMPIER_202009_DNE,43,2025-10-28,2000-10-22,1,1,0,0
Northwest,DMP,DNE,DAMPIER_202009_DNE,43,2025-10-28,2000-10-23,1,2,0,0
Northwest,DMP,DNE,DAMPIER_202009_DNE,43,2025-10-28,2000-10-24,1,1,0,0
Northwest,DMP,DNE,DAMPIER_202009_DNE,43,2025-10-28,2000-10-25,1,1,0,0
Northwest,DMP,DNE,DAMPIER_202009_DNE,44,2025-11-04,2000-10-26,1,1,0,1
Northwest,DMP,DNE,DAMPIER_202009_DNE,44,2025-11-04,2000-10-27,1,3,0,0
Northwest,DMP,DNE,DAMPIER_202009_DNE,44,2025-11-04,2000-10-28,1,2,0,0
Northwest,DMP,DNE,DAMPIER_202009_DNE,44,2025-11-04,2000-10-29,1,5,0,0
Northwest,DMP,DNE,DAMPIER_202009_DNE,44,2025-11-04,2000-10-30,1,7,0,4
Northwest,DMP,DNE,DAMPIER_202009_DNE,44,2025-11-04,2000-10-31,1,1,0,1
Northwest,DMP,DNE,DAMPIER_202009_DNE,44,2025-11-04,2000-11-01,1,1,0,0
Northwest,DMP,DNE,DAMPIER_202009_DNE,45,2025-11-11,2000-11-02,1,2,0,0
Northwest,DMP,DNE,DAMPIER_202009_DNE,45,2025-11-11,2000-11-03,1,0,0,0
Northwest,DMP,DNE,DAMPIER_202009_DNE,45,2025-11-11,2000-11-04,1,1,0,0
Northwest,DMP,DSW,DAMPIER_202009_DSW,37,2025-09-16,2000-09-08,1,0,0,0
Northwest,DMP,DSW,DAMPIER_202009_DSW,37,2025-09-16,2000-09-09,1,3,1,1
Northwest,DMP,DSW,DAMPIER_202009_DSW,37,2025-09-16,2000-09-10,1,7,0,0
Northwest,DMP,DSW,DAMPIER_202009_DSW,37,2025-09-16,2000-09-11,1,7,0,0
Northwest,DMP,DSW,DAMPIER_202009_DSW,37,2025-09-16,2000-09-12,1,8,0,1
Northwest,DMP,DSW,DAMPIER_202009_DSW,37,2025-09-16,2000-09-13,1,3,0,0
Northwest,DMP,DSW,DAMPIER_202009_DSW,38,2025-09-23,2000-09-14,1,3,0,0
Northwest,DMP,DSW,DAMPIER_202009_DSW,38,2025-09-23,2000-09-15,1,5,0,0
Northwest,DMP,DSW,DAMPIER_202009_DSW,38,2025-09-23,2000-09-16,1,10,0,0
Northwest,DMP,DSW,DAMPIER_202009_DSW,38,2025-09-23,2000-09-17,1,3,0,0
Northwest,DMP,DSW,DAMPIER_202009_DSW,38,2025-09-23,2000-09-18,1,2,0,0
Northwest,DMP,DSW,DAMPIER_202009_DSW,38,2025-09-23,2000-09-19,1,0,0,0
Northwest,DMP,DSW,DAMPIER_202009_DSW,38,2025-09-23,2000-09-20,1,3,0,1
Northwest,DMP,DSW,DAMPIER_202009_DSW,39,2025-09-30,2000-09-21,1,3,0,0
Northwest,DMP,DSW,DAMPIER_202009_DSW,39,2025-09-30,2000-09-22,1,4,0,0
Northwest,DMP,DSW,DAMPIER_202009_DSW,39,2025-09-30,2000-09-23,1,6,0,1
Northwest,DMP,DSW,DAMPIER_202009_DSW,39,2025-09-30,2000-09-24,1,8,0,0
Northwest,DMP,DSW,DAMPIER_202009_DSW,39,2025-09-30,2000-09-25,1,9,0,0
Northwest,DMP,DSW,DAMPIER_202009_DSW,39,2025-09-30,2000-09-26,1,3,0,0
Northwest,DMP,DSW,DAMPIER_202009_DSW,39,2025-09-30,2000-09-27,1,7,0,1
Northwest,DMP,DSW,DAMPIER_202009_DSW,40,2025-10-07,2000-09-28,1,3,0,0
Northwest,DMP,DSW,DAMPIER_202009_DSW,40,2025-10-07,2000-09-29,1,10,0,0
Northwest,DMP,DSW,DAMPIER_202009_DSW,40,2025-10-07,2000-09-30,1,5,0,0
Northwest,DMP,DSW,DAMPIER_202009_DSW,40,2025-10-07,2000-10-01,1,11,1,1
Northwest,DMP,DSW,DAMPIER_202009_DSW,40,2025-10-07,2000-10-02,1,2,0,0
Northwest,DMP,DSW,DAMPIER_202009_DSW,40,2025-10-07,2000-10-03,1,2,0,0
Northwest,DMP,DSW,DAMPIER_202009_DSW,40,2025-10-07,2000-10-04,1,2,0,0
Northwest,DMP,DSW,DAMPIER_202009_DSW,41,2025-10-14,2000-10-05,1,0,0,0
Northwest,DMP,DSW,DAMPIER_202009_DSW,41,2025-10-14,2000-10-06,1,2,0,0
Northwest,DMP,DSW,DAMPIER_202009_DSW,41,2025-10-14,2000-10-07,1,5,0,0
Northwest,DMP,DSW,DAMPIER_202009_DSW,41,2025-10-14,2000-10-08,1,5,0,0
Northwest,DMP,DSW,DAMPIER_202009_DSW,41,2025-10-14,2000-10-09,1,10,0,1
Northwest,DMP,DSW,DAMPIER_202009_DSW,41,2025-10-14,2000-10-10,1,5,0,0
Northwest,DMP,DSW,DAMPIER_202009_DSW,41,2025-10-14,2000-10-11,1,3,0,0
Northwest,DMP,DSW,DAMPIER_202009_DSW,42,2025-10-21,2000-10-12,1,8,0,1
Northwest,DMP,DSW,DAMPIER_202009_DSW,42,2025-10-21,2000-10-13,1,2,0,1
Northwest,DMP,DSW,DAMPIER_202009_DSW,42,2025-10-21,2000-10-14,1,6,0,0
Northwest,DMP,DSW,DAMPIER_202009_DSW,42,2025-10-21,2000-10-15,1,7,0,0
Northwest,DMP,DSW,DAMPIER_202009_DSW,42,2025-10-21,2000-10-16,1,3,0,0
Northwest,DMP,DSW,DAMPIER_202009_DSW,42,2025-10-21,2000-10-17,1,1,0,0
Northwest,DMP,DSW,DAMPIER_202009_DSW,42,2025-10-21,2000-10-18,1,1,0,0
Northwest,DMP,DSW,DAMPIER_202009_DSW,43,2025-10-28,2000-10-19,1,3,1,1
Northwest,DMP,DSW,DAMPIER_202009_DSW,43,2025-10-28,2000-10-20,1,4,0,1
Northwest,DMP,DSW,DAMPIER_202009_DSW,43,2025-10-28,2000-10-21,1,2,0,0
Northwest,DMP,DSW,DAMPIER_202009_DSW,43,2025-10-28,2000-10-22,1,3,0,0
Northwest,DMP,DSW,DAMPIER_202009_DSW,43,2025-10-28,2000-10-23,1,3,0,0
Northwest,DMP,DSW,DAMPIER_202009_DSW,43,2025-10-28,2000-10-24,1,4,0,0
Northwest,DMP,DSW,DAMPIER_202009_DSW,43,2025-10-28,2000-10-25,1,3,0,0
Northwest,DMP,DSW,DAMPIER_202009_DSW,44,2025-11-04,2000-10-26,1,1,0,0
Northwest,DMP,DSW,DAMPIER_202009_DSW,44,2025-11-04,2000-10-27,1,2,0,0
Northwest,DMP,DSW,DAMPIER_202009_DSW,44,2025-11-04,2000-10-28,1,3,0,0
Northwest,DMP,DSW,DAMPIER_202009_DSW,44,2025-11-04,2000-10-29,1,5,0,0
Northwest,DMP,DSW,DAMPIER_202009_DSW,44,2025-11-04,2000-10-30,1,3,0,0
Northwest,DMP,DSW,DAMPIER_202009_DSW,44,2025-11-04,2000-10-31,1,3,1,1
Northwest,DMP,DSW,DAMPIER_202009_DSW,44,2025-11-04,2000-11-01,1,2,0,0
Northwest,DMP,DSW,DAMPIER_202009_DSW,45,2025-11-11,2000-11-02,1,2,0,0
Northwest,DMP,DSW,DAMPIER_202009_DSW,45,2025-11-11,2000-11-03,1,6,0,0
Northwest,DMP,DSW,DAMPIER_202009_DSW,45,2025-11-11,2000-11-04,1,2,0,0
Northwest,NMP,NGN,NINGALOO_201909_NGN,39,2025-09-30,2000-09-25,1,1,0,0
Northwest,NMP,NGN,NINGALOO_201909_NGN,39,2025-09-30,2000-09-26,1,0,0,0
Northwest,NMP,NGN,NINGALOO_201909_NGN,39,2025-09-30,2000-09-27,1,0,0,0
Northwest,NMP,NGN,NINGALOO_201909_NGN,39,2025-09-30,2000-09-28,1,1,0,1
Northwest,NMP,NGN,NINGALOO_201909_NGN,39,2025-09-30,2000-09-29,1,1,0,0
Northwest,NMP,NGN,NINGALOO_201909_NGN,40,2025-10-07,2000-09-30,1,0,0,0
Northwest,NMP,NGN,NINGALOO_201909_NGN,40,2025-10-07,2000-10-01,1,1,0,0
Northwest,NMP,NGN,NINGALOO_201909_NGN,40,2025-10-07,2000-10-02,1,0,0,0
Northwest,NMP,NGN,NINGALOO_201909_NGN,40,2025-10-07,2000-10-03,1,0,0,0
Northwest,NMP,NGN,NINGALOO_201909_NGN,40,2025-10-07,2000-10-04,1,0,0,0
Northwest,NMP,NGN,NINGALOO_201909_NGN,40,2025-10-07,2000-10-05,1,2,0,1
Northwest,NMP,NGN,NINGALOO_201909_NGN,40,2025-10-07,2000-10-06,1,0,0,0
Northwest,NMP,NGN,NINGALOO_201909_NGN,41,2025-10-14,2000-10-07,1,1,0,0
Northwest,NMP,NGN,NINGALOO_201909_NGN,41,2025-10-14,2000-10-08,1,2,0,1
Northwest,NMP,NGN,NINGALOO_201909_NGN,41,2025-10-14,2000-10-09,1,1,0,0
Northwest,NMP,NGN,NINGALOO_201909_NGN,41,2025-10-14,2000-10-10,1,0,0,0
Northwest,NMP,NGN,NINGALOO_201909_NGN,41,2025-10-14,2000-10-11,1,3,0,1
Northwest,NMP,NGN,NINGALOO_201909_NGN,41,2025-10-14,2000-10-12,1,1,0,0
Northwest,NMP,NGN,NINGALOO_201909_NGN,41,2025-10-14,2000-10-13,1,1,0,0
Northwest,NMP,NGN,NINGALOO_201909_NGN,42,2025-10-21,2000-10-14,1,0,0,0
Northwest,NMP,NGN,NINGALOO_201909_NGN,42,2025-10-21,2000-10-15,1,0,0,0
Northwest,NMP,NGN,NINGALOO_201909_NGN,42,2025-10-21,2000-10-16,1,0,0,0
Northwest,NMP,NGN,NINGALOO_201909_NGN,42,2025-10-21,2000-10-17,1,4,0,4
Northwest,NMP,NGN,NINGALOO_201909_NGN,42,2025-10-21,2000-10-18,1,3,0,1
Northwest,NMP,NGN,NINGALOO_201909_NGN,42,2025-10-21,2000-10-19,1,0,0,0
Northwest,NMP,NGN,NINGALOO_201909_NGN,42,2025-10-21,2000-10-20,1,0,0,0
Northwest,NMP,NGN,NINGALOO_201909_NGN,43,2025-10-28,2000-10-21,1,0,0,0
Northwest,NMP,NGN,NINGALOO_201909_NGN,43,2025-10-28,2000-10-22,1,0,0,0
Northwest,NMP,NGN,NINGALOO_201909_NGN,43,2025-10-28,2000-10-23,1,0,0,0
Northwest,NMP,NGN,NINGALOO_201909_NGN,43,2025-10-28,2000-10-24,1,0,0,0
Northwest,NMP,NGN,NINGALOO_201909_NGN,43,2025-10-28,2000-10-25,1,0,0,0
Northwest,NMP,NGN,NINGALOO_201909_NGN,43,2025-10-28,2000-10-26,1,1,0,0
Northwest,NMP,NGN,NINGALOO_201909_NGN,43,2025-10-28,2000-10-27,1,1,0,0
Northwest,NMP,NGN,NINGALOO_201909_NGN,44,2025-11-04,2000-10-28,1,0,0,0
Northwest,NMP,NGN,NINGALOO_201909_NGN,44,2025-11-04,2000-10-29,1,1,0,1
Northwest,NMP,NGN,NINGALOO_201909_NGN,44,2025-11-04,2000-10-30,1,1,0,1
Northwest,NMP,NGN,NINGALOO_201909_NGN,44,2025-11-04,2000-10-31,1,1,0,1
Northwest,NMP,NGN,NINGALOO_201909_NGN,44,2025-11-04,2000-11-01,1,0,0,0
Northwest,NMP,NGN,NINGALOO_201909_NGN,44,2025-11-04,2000-11-02,1,0,0,0
Northwest,NMP,NGN,NINGALOO_201909_NGN,44,2025-11-04,2000-11-03,1,1,0,1
Northwest,NMP,NGN,NINGALOO_201909_NGN,45,2025-11-11,2000-11-04,1,2,0,1
Northwest,NMP,NGN,NINGALOO_201909_NGN,45,2025-11-11,2000-11-05,1,2,0,2
Northwest,NMP,NGN,NINGALOO_201909_NGN,45,2025-11-11,2000-11-06,1,0,0,0
Northwest,NMP,NGN,NINGALOO_201909_NGN,45,2025-11-11,2000-11-07,1,2,0,1
Northwest,NMP,NGN,NINGALOO_201909_NGN,45,2025-11-11,2000-11-08,1,1,0,1
Northwest,NMP,NGN,NINGALOO_201909_NGN,45,2025-11-11,2000-11-09,1,1,0,1
Northwest,NMP,NGN,NINGALOO_201909_NGN,45,2025-11-11,2000-11-10,1,1,0,0
Northwest,NMP,NGN,NINGALOO_201909_NGN,46,2025-11-18,2000-11-11,1,0,0,0
Northwest,NMP,NGN,NINGALOO_201909_NGN,46,2025-11-18,2000-11-12,1,0,0,0
Northwest,NMP,NGN,NINGALOO_201909_NGN,46,2025-11-18,2000-11-13,1,1,0,1
Northwest,NMP,NGN,NINGALOO_201909_NGN,46,2025-11-18,2000-11-14,1,0,0,0
Northwest,NMP,NGN,NINGALOO_201909_NGN,46,2025-11-18,2000-11-15,1,1,0,1
Northwest,NMP,NGN,NINGALOO_201909_NGN,46,2025-11-18,2000-11-16,1,0,0,0
Northwest,NMP,NGN,NINGALOO_201909_NGN,46,2025-11-18,2000-11-17,1,1,1,1
Northwest,NMP,NGN,NINGALOO_201909_NGN,47,2025-11-25,2000-11-18,1,0,0,0
Northwest,NMP,NGS,NINGALOO_201909_NGS,39,2025-09-30,2000-09-25,1,1,0,1
Northwest,NMP,NGS,NINGALOO_201909_NGS,39,2025-09-30,2000-09-26,1,1,0,1
Northwest,NMP,NGS,NINGALOO_201909_NGS,39,2025-09-30,2000-09-27,1,1,0,1
Northwest,NMP,NGS,NINGALOO_201909_NGS,39,2025-09-30,2000-09-28,1,1,0,1
Northwest,NMP,NGS,NINGALOO_201909_NGS,39,2025-09-30,2000-09-29,1,2,0,1
Northwest,NMP,NGS,NINGALOO_201909_NGS,40,2025-10-07,2000-09-30,1,2,0,1
Northwest,NMP,NGS,NINGALOO_201909_NGS,40,2025-10-07,2000-10-01,1,2,1,1
Northwest,NMP,NGS,NINGALOO_201909_NGS,40,2025-10-07,2000-10-02,1,2,0,1
Northwest,NMP,NGS,NINGALOO_201909_NGS,40,2025-10-07,2000-10-03,1,1,0,1
Northwest,NMP,NGS,NINGALOO_201909_NGS,40,2025-10-07,2000-10-04,1,2,0,1
Northwest,NMP,NGS,NINGALOO_201909_NGS,40,2025-10-07,2000-10-05,1,1,0,0
Northwest,NMP,NGS,NINGALOO_201909_NGS,40,2025-10-07,2000-10-06,1,1,0,1
Northwest,NMP,NGS,NINGALOO_201909_NGS,41,2025-10-14,2000-10-07,1,2,0,2
Northwest,NMP,NGS,NINGALOO_201909_NGS,41,2025-10-14,2000-10-08,1,2,0,2
Northwest,NMP,NGS,NINGALOO_201909_NGS,41,2025-10-14,2000-10-09,1,0,0,0
Northwest,NMP,NGS,NINGALOO_201909_NGS,41,2025-10-14,2000-10-10,1,1,0,1
Northwest,NMP,NGS,NINGALOO_201909_NGS,41,2025-10-14,2000-10-11,1,1,0,1
Northwest,NMP,NGS,NINGALOO_201909_NGS,41,2025-10-14,2000-10-12,1,1,0,1
Northwest,NMP,NGS,NINGALOO_201909_NGS,41,2025-10-14,2000-10-13,1,1,0,0
Northwest,NMP,NGS,NINGALOO_201909_NGS,42,2025-10-21,2000-10-14,1,2,0,2
Northwest,NMP,NGS,NINGALOO_201909_NGS,42,2025-10-21,2000-10-15,1,1,0,1
Northwest,NMP,NGS,NINGALOO_201909_NGS,42,2025-10-21,2000-10-16,1,1,0,1
Northwest,NMP,NGS,NINGALOO_201909_NGS,42,2025-10-21,2000-10-17,1,6,1,6
Northwest,NMP,NGS,NINGALOO_201909_NGS,42,2025-10-21,2000-10-18,1,3,0,1
Northwest,NMP,NGS,NINGALOO_201909_NGS,42,2025-10-21,2000-10-19,1,1,0,1
Northwest,NMP,NGS,NINGALOO_201909_NGS,42,2025-10-21,2000-10-20,1,1,0,1
Northwest,NMP,NGS,NINGALOO_201909_NGS,43,2025-10-28,2000-10-21,1,1,0,1
Northwest,NMP,NGS,NINGALOO_201909_NGS,43,2025-10-28,2000-10-22,1,1,0,1
Northwest,NMP,NGS,NINGALOO_201909_NGS,43,2025-10-28,2000-10-23,1,1,0,1
Northwest,NMP,NGS,NINGALOO_201909_NGS,43,2025-10-28,2000-10-24,1,1,0,1
Northwest,NMP,NGS,NINGALOO_201909_NGS,43,2025-10-28,2000-10-25,1,2,0,1
Northwest,NMP,NGS,NINGALOO_201909_NGS,43,2025-10-28,2000-10-26,1,1,0,1
Northwest,NMP,NGS,NINGALOO_201909_NGS,43,2025-10-28,2000-10-27,1,3,0,3
Northwest,NMP,NGS,NINGALOO_201909_NGS,44,2025-11-04,2000-10-28,1,1,0,1
Northwest,NMP,NGS,NINGALOO_201909_NGS,44,2025-11-04,2000-10-29,1,2,0,2
Northwest,NMP,NGS,NINGALOO_201909_NGS,44,2025-11-04,2000-10-30,1,2,0,2
Northwest,NMP,NGS,NINGALOO_201909_NGS,44,2025-11-04,2000-10-31,1,1,0,1
Northwest,NMP,NGS,NINGALOO_201909_NGS,44,2025-11-04,2000-11-01,1,1,0,1
Northwest,NMP,NGS,NINGALOO_201909_NGS,44,2025-11-04,2000-11-02,1,1,0,1
Northwest,NMP,NGS,NINGALOO_201909_NGS,44,2025-11-04,2000-11-03,1,1,0,1
Northwest,NMP,NGS,NINGALOO_201909_NGS,45,2025-11-11,2000-11-04,1,2,0,2
Northwest,NMP,NGS,NINGALOO_201909_NGS,45,2025-11-11,2000-11-05,1,5,0,4
Northwest,NMP,NGS,NINGALOO_201909_NGS,45,2025-11-11,2000-11-06,1,1,0,1
Northwest,NMP,NGS,NINGALOO_201909_NGS,45,2025-11-11,2000-11-07,1,2,0,2
Northwest,NMP,NGS,NINGALOO_201909_NGS,45,2025-11-11,2000-11-08,1,3,0,2
Northwest,NMP,NGS,NINGALOO_201909_NGS,45,2025-11-11,2000-11-09,1,2,0,2
Northwest,NMP,NGS,NINGALOO_201909_NGS,45,2025-11-11,2000-11-10,1,1,0,1
Northwest,NMP,NGS,NINGALOO_201909_NGS,46,2025-11-18,2000-11-11,1,2,0,1
Northwest,NMP,NGS,NINGALOO_201909_NGS,46,2025-11-18,2000-11-12,1,1,0,1
Northwest,NMP,NGS,NINGALOO_201909_NGS,46,2025-11-18,2000-11-13,1,2,0,1
Northwest,NMP,NGS,NINGALOO_201909_NGS,46,2025-11-18,2000-11-14,1,2,0,2
Northwest,NMP,NGS,NINGALOO_201909_NGS,46,2025-11-18,2000-11-15,1,1,0,1
Northwest,NMP,NGS,NINGALOO_201909_NGS,46,2025-11-18,2000-11-16,1,2,0,2
Northwest,NMP,NGS,NINGALOO_201909_NGS,46,2025-11-18,2000-11-17,1,1,1,1
Northwest,NMP,NGS,NINGALOO_201909_NGS,47,2025-11-25,2000-11-18,1,0,0,0
Northwest,NMP,NGS,NINGALOO_201909_NGS,47,2025-11-25,2000-11-19,1,0,0,0
South-west,GMP,GEO,GEOGRAPHE_202201_GEO,2,2025-01-15,2000-01-12,1,11,0,2
South-west,GMP,GEO,GEOGRAPHE_202201_GEO,2,2025-01-15,2000-01-13,1,2,0,0
South-west,GMP,GEO,GEOGRAPHE_202201_GEO,2,2025-01-15,2000-01-14,1,21,0,1
South-west,GMP,GEO,GEOGRAPHE_202201_GEO,2,2025-01-15,2000-01-15,1,28,0,2
South-west,GMP,GEO,GEOGRAPHE_202201_GEO,2,2025-01-15,2000-01-16,1,15,0,0
South-west,GMP,GEO,GEOGRAPHE_202201_GEO,3,2025-01-22,2000-01-17,1,9,0,0
South-west,GMP,GEO,GEOGRAPHE_202201_GEO,3,2025-01-22,2000-01-18,1,11,0,0
South-west,GMP,GEO,GEOGRAPHE_202201_GEO,3,2025-01-22,2000-01-19,1,5,0,0
South-west,GMP,GEO,GEOGRAPHE_202201_GEO,3,2025-01-22,2000-01-20,1,15,0,0
South-west,GMP,GEO,GEOGRAPHE_202201_GEO,3,2025-01-22,2000-01-21,1,16,0,1
South-west,GMP,GEO,GEOGRAPHE_202201_GEO,3,2025-01-22,2000-01-22,1,22,0,2
South-west,GMP,GEO,GEOGRAPHE_202201_GEO,3,2025-01-22,2000-01-23,1,16,0,0
South-west,GMP,GEO,GEOGRAPHE_202201_GEO,4,2025-01-29,2000-01-24,1,0,0,0
South-west,GMP,GEO,GEOGRAPHE_202201_GEO,4,2025-01-29,2000-01-25,1,5,0,1
South-west,GMP,GEO,GEOGRAPHE_202201_GEO,4,2025-01-29,2000-01-26,1,9,0,0
South-west,GMP,GEO,GEOGRAPHE_202201_GEO,4,2025-01-29,2000-01-27,1,2,0,1
South-west,GMP,GEO,GEOGRAPHE_202201_GEO,4,2025-01-29,2000-01-28,1,6,0,1
South-west,GMP,GEO,GEOGRAPHE_202201_GEO,4,2025-01-29,2000-01-29,1,23,0,2
South-west,GMP,GEO,GEOGRAPHE_202201_GEO,4,2025-01-29,2000-01-30,1,7,0,0
South-west,GMP,GEO,GEOGRAPHE_202201_GEO,5,2025-02-05,2000-01-31,1,0,0,0
South-west,GMP,GEO,GEOGRAPHE_202201_GEO,5,2025-02-05,2000-02-01,1,0,0,0
South-west,GMP,GEO,GEOGRAPHE_202201_GEO,5,2025-02-05,2000-02-02,1,3,0,1
South-west,GMP,GEO,GEOGRAPHE_202201_GEO,5,2025-02-05,2000-02-03,1,10,0,0
South-west,GMP,GEO,GEOGRAPHE_202201_GEO,5,2025-02-05,2000-02-04,1,9,0,1
South-west,GMP,GEO,GEOGRAPHE_202201_GEO,5,2025-02-05,2000-02-05,1,38,0,2
South-west,GMP,GEO,GEOGRAPHE_202201_GEO,5,2025-02-05,2000-02-06,1,1,0,0
South-west,GMP,GEO,GEOGRAPHE_202201_GEO,6,2025-02-12,2000-02-07,1,0,0,0
South-west,GMP,GEO,GEOGRAPHE_202201_GEO,6,2025-02-12,2000-02-08,1,8,0,0
South-west,GMP,GEO,GEOGRAPHE_202201_GEO,6,2025-02-12,2000-02-09,1,9,0,0
South-west,GMP,GEO,GEOGRAPHE_202201_GEO,6,2025-02-12,2000-02-10,1,3,0,1
South-west,GMP,GEO,GEOGRAPHE_202201_GEO,6,2025-02-12,2000-02-11,1,2,0,0
South-west,GMP,GEO,GEOGRAPHE_202201_GEO,6,2025-02-12,2000-02-12,1,2,0,0
South-west,GMP,GEO,GEOGRAPHE_202201_GEO,6,2025-02-12,2000-02-13,1,8,0,0
South-west,GMP,GEO,GEOGRAPHE_202201_GEO,7,2025-02-19,2000-02-14,1,4,0,0
South-west,GMP,GEO,GEOGRAPHE_202201_GEO,7,2025-02-19,2000-02-15,1,8,0,1
South-west,GMP,GEO,GEOGRAPHE_202201_GEO,7,2025-02-19,2000-02-16,1,1,0,0
South-west,GMP,GEO,GEOGRAPHE_202201_GEO,7,2025-02-19,2000-02-17,1,5,0,1
South-west,GMP,GEO,GEOGRAPHE_202201_GEO,7,2025-02-19,2000-02-18,1,7,0,0
South-west,GMP,GEO,GEOGRAPHE_202201_GEO,7,2025-02-19,2000-02-19,1,16,0,1
South-west,GMP,GEO,GEOGRAPHE_202201_GEO,7,2025-02-19,2000-02-20,1,4,0,0
South-west,GMP,GEO,GEOGRAPHE_202201_GEO,8,2025-02-26,2000-02-21,1,2,0,0
South-west,GMP,GEO,GEOGRAPHE_202201_GEO,8,2025-02-26,2000-02-22,1,4,0,0
South-west,GMP,GEO,GEOGRAPHE_202201_GEO,8,2025-02-26,2000-02-23,1,5,0,0
South-west,GMP,GEO,GEOGRAPHE_202201_GEO,8,2025-02-26,2000-02-24,1,0,0,0
South-west,GMP,GEO,GEOGRAPHE_202201_GEO,8,2025-02-26,2000-02-25,1,1,0,1
South-west,GMP,GEO,GEOGRAPHE_202201_GEO,8,2025-02-26,2000-02-26,1,1,0,0
South-west,GMP,GEO,GEOGRAPHE_202201_GEO,8,2025-02-26,2000-02-27,1,0,0,0
South-west,GMP,GEO,GEOGRAPHE_202201_GEO,9,2025-03-04,2000-02-28,1,8,0,0
South-west,GMP,GEO,GEOGRAPHE_202201_GEO,9,2025-03-04,2000-03-01,1,0,0,0
South-west,GMP,GEO,GEOGRAPHE_202201_GEO,9,2025-03-04,2000-03-02,1,0,0,0
South-west,GMP,GEO,GEOGRAPHE_202201_GEO,9,2025-03-04,2000-03-03,1,4,0,0
South-west,GMP,GEO,GEOGRAPHE_202201_GEO,9,2025-03-04,2000-03-04,1,11,0,1
South-west,GMP,GEO,GEOGRAPHE_202201_GEO,9,2025-03-04,2000-03-05,1,12,0,0
South-west,GMP,GEO,GEOGRAPHE_202201_GEO,9,2025-03-04,2000-03-06,1,26,0,0
South-west,GMP,GEO,GEOGRAPHE_202201_GEO,10,2025-03-11,2000-03-07,1,4,0,0
South-west,GMP,GEO,GEOGRAPHE_202201_GEO,10,2025-03-11,2000-03-08,1,3,0,0
South-west,GMP,GEO,GEOGRAPHE_202201_GEO,10,2025-03-11,2000-03-09,1,13,0,1
South-west,GMP,GEO,GEOGRAPHE_202201_GEO,10,2025-03-11,2000-03-10,1,12,0,0
South-west,GMP,GEO,GEOGRAPHE_202201_GEO,10,2025-03-11,2000-03-11,1,5,0,0
South-west,GMP,GEO,GEOGRAPHE_202201_GEO,10,2025-03-11,2000-03-12,1,1,0,0
South-west,GMP,GEO,GEOGRAPHE_202201_GEO,10,2025-03-11,2000-03-13,1,14,0,0
South-west,GMP,GEO,GEOGRAPHE_202201_GEO,11,2025-03-18,2000-03-14,1,2,0,0
South-west,GMP,GEO,GEOGRAPHE_202201_GEO,11,2025-03-18,2000-03-15,1,1,0,0
South-west,GMP,GEO,GEOGRAPHE_202201_GEO,11,2025-03-18,2000-03-16,1,0,0,0
South-west,GMP,GEO,GEOGRAPHE_202201_GEO,11,2025-03-18,2000-03-17,1,11,0,0
South-west,GMP,GEO,GEOGRAPHE_202201_GEO,11,2025-03-18,2000-03-18,1,11,0,1
South-west,GMP,GEO,GEOGRAPHE_202201_GEO,11,2025-03-18,2000-03-19,1,0,0,0
South-west,GMP,GEO,GEOGRAPHE_202201_GEO,11,2025-03-18,2000-03-20,1,14,0,0
South-west,GMP,GEO,GEOGRAPHE_202201_GEO,12,2025-03-25,2000-03-21,1,1,0,0
South-west,GMP,GEO,GEOGRAPHE_202201_GEO,12,2025-03-25,2000-03-22,1,3,0,1
South-west,GMP,GEO,GEOGRAPHE_202201_GEO,12,2025-03-25,2000-03-23,1,1,0,0
South-west,GMP,GEO,GEOGRAPHE_202201_GEO,12,2025-03-25,2000-03-24,1,2,0,0
South-west,GMP,GEO,GEOGRAPHE_202201_GEO,12,2025-03-25,2000-03-25,1,12,1,1
South-west,GMP,GEO,GEOGRAPHE_202201_GEO,12,2025-03-25,2000-03-26,1,0,0,0
South-west,GMP,GEO,GEOGRAPHE_202201_GEO,12,2025-03-25,2000-03-27,1,0,0,0
South-west,GMP,GEO,GEOGRAPHE_202201_GEO,13,2025-04-01,2000-03-28,1,0,0,0
South-west,GMP,GEO,GEOGRAPHE_202201_GEO,13,2025-04-01,2000-03-29,1,1,0,0
South-west,GMP,GEO,GEOGRAPHE_202201_GEO,13,2025-04-01,2000-03-30,1,0,0,0
South-west,GMP,GEO,GEOGRAPHE_202201_GEO,13,2025-04-01,2000-03-31,1,1,0,0
South-west,GMP,GEO,GEOGRAPHE_202201_GEO,13,2025-04-01,2000-04-01,1,7,0,1
South-west,GMP,GEO,GEOGRAPHE_202201_GEO,13,2025-04-01,2000-04-02,1,18,0,1
South-west,GMP,GEO,GEOGRAPHE_202201_GEO,13,2025-04-01,2000-04-03,1,3,0,0
South-west,GMP,GEO,GEOGRAPHE_202201_GEO,14,2025-04-08,2000-04-04,1,0,0,0
South-west,GMP,GEO,GEOGRAPHE_202201_GEO,14,2025-04-08,2000-04-05,1,0,0,0
South-west,GMP,GEO,GEOGRAPHE_202201_GEO,14,2025-04-08,2000-04-06,1,0,0,0
South-west,GMP,GEO,GEOGRAPHE_202201_GEO,14,2025-04-08,2000-04-07,1,0,0,0
South-west,GMP,GEO,GEOGRAPHE_202201_GEO,14,2025-04-08,2000-04-08,1,0,0,0
South-west,GMP,GEO,GEOGRAPHE_202201_GEO,14,2025-04-08,2000-04-09,1,0,0,0
South-west,GMP,GEO,GEOGRAPHE_202201_GEO,14,2025-04-08,2000-04-10,1,0,0,0
South-west,GMP,GEO,GEOGRAPHE_202201_GEO,15,2025-04-15,2000-04-11,1,0,0,0
South-west,GMP,GEO,GEOGRAPHE_202201_GEO,15,2025-04-15,2000-04-12,1,0,0,0
South-west,JMP,JNE,JURIEN_202201_JNE,1,2025-01-08,2000-01-05,1,1,0,1
South-west,JMP,JNE,JURIEN_202201_JNE,1,2025-01-08,2000-01-06,1,5,0,1
South-west,JMP,JNE,JURIEN_202201_JNE,1,2025-01-08,2000-01-07,1,3,1,3
South-west,JMP,JNE,JURIEN_202201_JNE,1,2025-01-08,2000-01-08,1,8,0,0
South-west,JMP,JNE,JURIEN_202201_JNE,1,2025-01-08,2000-01-09,1,1,0,1
South-west,JMP,JNE,JURIEN_202201_JNE,2,2025-01-15,2000-01-10,1,7,1,5
South-west,JMP,JNE,JURIEN_202201_JNE,2,2025-01-15,2000-01-11,1,19,0,1
South-west,JMP,JNE,JURIEN_202201_JNE,2,2025-01-15,2000-01-12,1,7,0,0
South-west,JMP,JNE,JURIEN_202201_JNE,2,2025-01-15,2000-01-13,1,2,0,1
South-west,JMP,JNE,JURIEN_202201_JNE,2,2025-01-15,2000-01-14,1,5,0,0
South-west,JMP,JNE,JURIEN_202201_JNE,2,2025-01-15,2000-01-15,1,7,0,3
South-west,JMP,JNE,JURIEN_202201_JNE,2,2025-01-15,2000-01-16,1,4,0,0
South-west,JMP,JNE,JURIEN_202201_JNE,3,2025-01-22,2000-01-17,1,5,0,0
South-west,JMP,JNE,JURIEN_202201_JNE,3,2025-01-22,2000-01-18,1,9,1,1
South-west,JMP,JNE,JURIEN_202201_JNE,3,2025-01-22,2000-01-19,1,4,0,0
South-west,JMP,JNE,JURIEN_202201_JNE,3,2025-01-22,2000-01-20,1,2,0,2
South-west,JMP,JNE,JURIEN_202201_JNE,3,2025-01-22,2000-01-21,1,11,0,0
South-west,JMP,JNE,JURIEN_202201_JNE,3,2025-01-22,2000-01-22,1,13,0,2
South-west,JMP,JNE,JURIEN_202201_JNE,3,2025-01-22,2000-01-23,1,7,0,2
South-west,JMP,JNE,JURIEN_202201_JNE,4,2025-01-29,2000-01-24,1,1,0,1
South-west,JMP,JNE,JURIEN_202201_JNE,4,2025-01-29,2000-01-25,1,5,0,0
South-west,JMP,JNE,JURIEN_202201_JNE,4,2025-01-29,2000-01-26,1,10,0,8
South-west,JMP,JNE,JURIEN_202201_JNE,4,2025-01-29,2000-01-27,1,0,0,0
South-west,JMP,JNE,JURIEN_202201_JNE,4,2025-01-29,2000-01-28,1,6,1,3
South-west,JMP,JNE,JURIEN_202201_JNE,4,2025-01-29,2000-01-29,1,9,0,2
South-west,JMP,JNE,JURIEN_202201_JNE,4,2025-01-29,2000-01-30,1,5,0,3
South-west,JMP,JNE,JURIEN_202201_JNE,5,2025-02-05,2000-01-31,1,0,0,0
South-west,JMP,JNE,JURIEN_202201_JNE,5,2025-02-05,2000-02-01,1,1,0,1
South-west,JMP,JNE,JURIEN_202201_JNE,5,2025-02-05,2000-02-02,1,4,1,2
South-west,JMP,JNE,JURIEN_202201_JNE,5,2025-02-05,2000-02-03,1,10,0,2
South-west,JMP,JNE,JURIEN_202201_JNE,5,2025-02-05,2000-02-04,1,9,0,4
South-west,JMP,JNE,JURIEN_202201_JNE,5,2025-02-05,2000-02-05,1,12,1,2
South-west,JMP,JNE,JURIEN_202201_JNE,5,2025-02-05,2000-02-06,1,0,0,0
South-west,JMP,JNE,JURIEN_202201_JNE,6,2025-02-12,2000-02-07,1,1,0,0
South-west,JMP,JNE,JURIEN_202201_JNE,6,2025-02-12,2000-02-08,1,4,0,2
South-west,JMP,JNE,JURIEN_202201_JNE,6,2025-02-12,2000-02-09,1,3,0,3
South-west,JMP,JNE,JURIEN_202201_JNE,6,2025-02-12,2000-02-10,1,6,0,2
South-west,JMP,JNE,JURIEN_202201_JNE,6,2025-02-12,2000-02-11,1,3,0,0
South-west,JMP,JNE,JURIEN_202201_JNE,6,2025-02-12,2000-02-12,1,2,0,0
South-west,JMP,JNE,JURIEN_202201_JNE,6,2025-02-12,2000-02-13,1,0,0,0
South-west,JMP,JNE,JURIEN_202201_JNE,7,2025-02-19,2000-02-14,1,6,0,1
South-west,JMP,JNE,JURIEN_202201_JNE,7,2025-02-19,2000-02-15,1,5,1,2
South-west,JMP,JNE,JURIEN_202201_JNE,7,2025-02-19,2000-02-16,1,3,0,0
South-west,JMP,JNE,JURIEN_202201_JNE,7,2025-02-19,2000-02-17,1,4,0,1
South-west,JMP,JNE,JURIEN_202201_JNE,7,2025-02-19,2000-02-18,1,5,0,0
South-west,JMP,JNE,JURIEN_202201_JNE,7,2025-02-19,2000-02-19,1,4,0,1
South-west,JMP,JNE,JURIEN_202201_JNE,7,2025-02-19,2000-02-20,1,2,0,1
South-west,JMP,JNE,JURIEN_202201_JNE,8,2025-02-26,2000-02-21,1,7,0,2
South-west,JMP,JNE,JURIEN_202201_JNE,8,2025-02-26,2000-02-22,1,1,1,1
South-west,JMP,JNE,JURIEN_202201_JNE,8,2025-02-26,2000-02-23,1,2,0,0
South-west,JMP,JNE,JURIEN_202201_JNE,8,2025-02-26,2000-02-24,1,0,0,0
South-west,JMP,JNE,JURIEN_202201_JNE,8,2025-02-26,2000-02-25,1,5,1,1
South-west,JMP,JNE,JURIEN_202201_JNE,8,2025-02-26,2000-02-26,1,1,0,1
South-west,JMP,JNE,JURIEN_202201_JNE,8,2025-02-26,2000-02-27,1,2,0,1
South-west,JMP,JNE,JURIEN_202201_JNE,9,2025-03-04,2000-02-28,1,4,1,1
South-west,JMP,JNE,JURIEN_202201_JNE,9,2025-03-04,2000-03-01,1,2,0,1
South-west,JMP,JNE,JURIEN_202201_JNE,9,2025-03-04,2000-03-02,1,1,0,1
South-west,JMP,JNE,JURIEN_202201_JNE,9,2025-03-04,2000-03-03,1,1,0,0
South-west,JMP,JNE,JURIEN_202201_JNE,9,2025-03-04,2000-03-04,1,1,1,1
South-west,JMP,JNE,JURIEN_202201_JNE,9,2025-03-04,2000-03-05,1,1,0,0
South-west,JMP,JNE,JURIEN_202201_JNE,9,2025-03-04,2000-03-06,1,8,0,0
South-west,JMP,JNE,JURIEN_202201_JNE,10,2025-03-11,2000-03-07,1,3,1,1
South-west,JMP,JNE,JURIEN_202201_JNE,10,2025-03-11,2000-03-08,1,0,0,0
South-west,JMP,JNE,JURIEN_202201_JNE,10,2025-03-11,2000-03-09,1,2,1,1
South-west,JMP,JNE,JURIEN_202201_JNE,10,2025-03-11,2000-03-10,1,5,0,1
South-west,JMP,JNE,JURIEN_202201_JNE,10,2025-03-11,2000-03-11,1,0,0,0
South-west,JMP,JSE,JURIEN_202201_JSE,1,2025-01-08,2000-01-05,1,3,0,0
South-west,JMP,JSE,JURIEN_202201_JSE,1,2025-01-08,2000-01-06,1,5,0,2
South-west,JMP,JSE,JURIEN_202201_JSE,1,2025-01-08,2000-01-07,1,3,1,1
South-west,JMP,JSE,JURIEN_202201_JSE,1,2025-01-08,2000-01-08,1,2,0,0
South-west,JMP,JSE,JURIEN_202201_JSE,1,2025-01-08,2000-01-09,1,1,0,0
South-west,JMP,JSE,JURIEN_202201_JSE,2,2025-01-15,2000-01-10,1,4,1,2
South-west,JMP,JSE,JURIEN_202201_JSE,2,2025-01-15,2000-01-11,1,5,0,1
South-west,JMP,JSE,JURIEN_202201_JSE,2,2025-01-15,2000-01-12,1,3,0,0
South-west,JMP,JSE,JURIEN_202201_JSE,2,2025-01-15,2000-01-13,1,2,1,1
South-west,JMP,JSE,JURIEN_202201_JSE,2,2025-01-15,2000-01-14,1,4,0,0
South-west,JMP,JSE,JURIEN_202201_JSE,2,2025-01-15,2000-01-15,1,3,0,0
South-west,JMP,JSE,JURIEN_202201_JSE,2,2025-01-15,2000-01-16,1,4,0,0
South-west,JMP,JSE,JURIEN_202201_JSE,3,2025-01-22,2000-01-17,1,3,0,0
South-west,JMP,JSE,JURIEN_202201_JSE,3,2025-01-22,2000-01-18,1,3,0,1
South-west,JMP,JSE,JURIEN_202201_JSE,3,2025-01-22,2000-01-19,1,5,0,0
South-west,JMP,JSE,JURIEN_202201_JSE,3,2025-01-22,2000-01-20,1,2,0,0
South-west,JMP,JSE,JURIEN_202201_JSE,3,2025-01-22,2000-01-21,1,1,0,0
South-west,JMP,JSE,JURIEN_202201_JSE,3,2025-01-22,2000-01-22,1,9,0,3
South-west,JMP,JSE,JURIEN_202201_JSE,3,2025-01-22,2000-01-23,1,6,0,0
South-west,JMP,JSE,JURIEN_202201_JSE,4,2025-01-29,2000-01-24,1,1,0,0
South-west,JMP,JSE,JURIEN_202201_JSE,4,2025-01-29,2000-01-25,1,0,0,0
South-west,JMP,JSE,JURIEN_202201_JSE,4,2025-01-29,2000-01-26,1,5,1,3
South-west,JMP,JSE,JURIEN_202201_JSE,4,2025-01-29,2000-01-27,1,0,0,0
South-west,JMP,JSE,JURIEN_202201_JSE,4,2025-01-29,2000-01-28,1,4,0,1
South-west,JMP,JSE,JURIEN_202201_JSE,4,2025-01-29,2000-01-29,1,8,1,2
South-west,JMP,JSE,JURIEN_202201_JSE,4,2025-01-29,2000-01-30,1,7,0,1
South-west,JMP,JSE,JURIEN_202201_JSE,5,2025-02-05,2000-01-31,1,1,0,1
South-west,JMP,JSE,JURIEN_202201_JSE,5,2025-02-05,2000-02-01,1,1,0,0
South-west,JMP,JSE,JURIEN_202201_JSE,5,2025-02-05,2000-02-02,1,5,0,2
South-west,JMP,JSE,JURIEN_202201_JSE,5,2025-02-05,2000-02-03,1,13,0,0
South-west,JMP,JSE,JURIEN_202201_JSE,5,2025-02-05,2000-02-04,1,5,0,1
South-west,JMP,JSE,JURIEN_202201_JSE,5,2025-02-05,2000-02-05,1,7,1,2
South-west,JMP,JSE,JURIEN_202201_JSE,5,2025-02-05,2000-02-06,1,0,0,0
South-west,JMP,JSE,JURIEN_202201_JSE,6,2025-02-12,2000-02-07,1,0,0,0
South-west,JMP,JSE,JURIEN_202201_JSE,6,2025-02-12,2000-02-08,1,3,1,2
South-west,JMP,JSE,JURIEN_202201_JSE,6,2025-02-12,2000-02-09,1,3,1,2
South-west,JMP,JSE,JURIEN_202201_JSE,6,2025-02-12,2000-02-10,1,2,0,2
South-west,JMP,JSE,JURIEN_202201_JSE,6,2025-02-12,2000-02-11,1,5,0,0
South-west,JMP,JSE,JURIEN_202201_JSE,6,2025-02-12,2000-02-12,1,1,0,0
South-west,JMP,JSE,JURIEN_202201_JSE,6,2025-02-12,2000-02-13,1,0,0,0
South-west,MMP,MRE,MURAT_202002_MRE,6,2025-02-12,2000-02-08,1,0,0,0
South-west,MMP,MRE,MURAT_202002_MRE,6,2025-02-12,2000-02-09,1,0,0,0
South-west,MMP,MRE,MURAT_202002_MRE,7,2025-02-19,2000-02-10,1,0,0,0
South-west,MMP,MRE,MURAT_202002_MRE,7,2025-02-19,2000-02-11,1,0,0,0
South-west,MMP,MRE,MURAT_202002_MRE,7,2025-02-19,2000-02-12,1,0,0,0
South-west,MMP,MRE,MURAT_202002_MRE,7,2025-02-19,2000-02-13,1,0,0,0
South-west,MMP,MRE,MURAT_202002_MRE,7,2025-02-19,2000-02-14,1,0,0,0
South-west,MMP,MRE,MURAT_202002_MRE,7,2025-02-19,2000-02-15,1,0,0,0
South-west,MMP,MRE,MURAT_202002_MRE,7,2025-02-19,2000-02-16,1,0,0,0
South-west,MMP,MRE,MURAT_202002_MRE,8,2025-02-26,2000-02-17,1,0,0,0
South-west,MMP,MRE,MURAT_202002_MRE,8,2025-02-26,2000-02-18,1,0,0,0
South-west,MMP,MRE,MURAT_202002_MRE,8,2025-02-26,2000-02-19,1,0,0,0
South-west,MMP,MRE,MURAT_202002_MRE,8,2025-02-26,2000-02-20,1,0,0,0
South-west,MMP,MRE,MURAT_202002_MRE,8,2025-02-26,2000-02-21,1,0,0,0
South-west,MMP,MRE,MURAT_202002_MRE,8,2025-02-26,2000-02-22,1,0,0,0
South-west,MMP,MRE,MURAT_202002_MRE,8,2025-02-26,2000-02-23,1,0,0,0
South-west,MMP,MRE,MURAT_202002_MRE,9,2025-03-04,2000-02-24,1,0,0,0
South-west,MMP,MRE,MURAT_202002_MRE,9,2025-03-04,2000-02-25,1,0,0,0
South-west,MMP,MRE,MURAT_202002_MRE,9,2025-03-04,2000-02-26,1,0,0,0
South-west,MMP,MRE,MURAT_202002_MRE,9,2025-03-04,2000-02-27,1,0,0,0
South-west,MMP,MRE,MURAT_202002_MRE,9,2025-03-04,2000-02-28,1,0,0,0
South-west,MMP,MRE,MURAT_202002_MRE,9,2025-03-04,2000-02-29,1,0,0,0
South-west,MMP,MRE,MURAT_202002_MRE,9,2025-03-04,2000-03-01,1,0,0,0
South-west,MMP,MRE,MURAT_202002_MRE,10,2025-03-11,2000-03-02,1,0,0,0
South-west,MMP,MRE,MURAT_202002_MRE,10,2025-03-11,2000-03-03,1,0,0,0
South-west,MMP,MRE,MURAT_202002_MRE,10,2025-03-11,2000-03-04,1,0,0,0
South-west,MMP,MRE,MURAT_202002_MRE,10,2025-03-11,2000-03-05,1,0,0,0
South-west,MMP,MRE,MURAT_202002_MRE,10,2025-03-11,2000-03-06,1,0,0,0
South-west,MMP,MRE,MURAT_202002_MRE,10,2025-03-11,2000-03-07,1,0,0,0
South-west,MMP,MRE,MURAT_202002_MRE,10,2025-03-11,2000-03-08,1,0,0,0
South-west,MMP,MRE,MURAT_202002_MRE,11,2025-03-18,2000-03-09,1,0,0,0
South-west,MMP,MRE,MURAT_202002_MRE,11,2025-03-18,2000-03-10,1,0,0,0
South-west,MMP,MRE,MURAT_202002_MRE,11,2025-03-18,2000-03-11,1,0,0,0
South-west,MMP,MRE,MURAT_202002_MRE,11,2025-03-18,2000-03-12,1,0,0,0
South-west,MMP,MRE,MURAT_202002_MRE,11,2025-03-18,2000-03-13,1,0,0,0
South-west,MMP,MRE,MURAT_202002_MRE,11,2025-03-18,2000-03-14,1,0,0,0
South-west,MMP,MRE,MURAT_202002_MRE,11,2025-03-18,2000-03-15,1,0,0,0
South-west,MMP,MRE,MURAT_202002_MRE,12,2025-03-25,2000-03-16,1,0,0,0
South-west,MMP,MRE,MURAT_202002_MRE,12,2025-03-25,2000-03-17,1,0,0,0
South-west,MMP,MRE,MURAT_202002_MRE,12,2025-03-25,2000-03-18,1,0,0,0
South-west,MMP,MRE,MURAT_202002_MRE,12,2025-03-25,2000-03-19,1,0,0,0
South-west,MMP,MRE,MURAT_202002_MRE,12,2025-03-25,2000-03-20,1,1,0,0
South-west,MMP,MRE,MURAT_202002_MRE,12,2025-03-25,2000-03-21,1,0,0,0
South-west,MMP,MRE,MURAT_202002_MRE,12,2025-03-25,2000-03-22,1,0,0,0
South-west,MMP,MRE,MURAT_202002_MRE,13,2025-04-01,2000-03-23,1,0,0,0
South-west,MMP,MRE,MURAT_202002_MRE,13,2025-04-01,2000-03-24,1,0,0,0
South-west,MMP,MRE,MURAT_202002_MRE,13,2025-04-01,2000-03-25,1,0,0,0
South-west,MMP,MRE,MURAT_202002_MRE,13,2025-04-01,2000-03-26,1,0,0,0
South-west,MMP,MRE,MURAT_202002_MRE,13,2025-04-01,2000-03-27,1,0,0,0
South-west,MMP,MRE,MURAT_202002_MRE,13,2025-04-01,2000-03-28,1,1,0,0
South-west,MMP,MRE,MURAT_202002_MRE,13,2025-04-01,2000-03-29,1,0,0,0
South-west,MMP,MRE,MURAT_202002_MRE,14,2025-04-08,2000-03-30,1,0,0,0
South-west,MMP,MRE,MURAT_202002_MRE,14,2025-04-08,2000-03-31,1,0,0,0
South-west,MMP,MRE,MURAT_202002_MRE,14,2025-04-08,2000-04-01,1,0,0,0
South-west,MMP,MRE,MURAT_202002_MRE,14,2025-04-08,2000-04-02,1,0,0,0
South-west,MMP,MRE,MURAT_202002_MRE,14,2025-04-08,2000-04-03,1,0,0,0
South-west,MMP,MRE,MURAT_202002_MRE,14,2025-04-08,2000-04-04,1,0,0,0
South-west,MMP,MRE,MURAT_202002_MRE,14,2025-04-08,2000-04-05,1,0,0,0
South-west,MMP,MRE,MURAT_202002_MRE,15,2025-04-15,2000-04-06,1,0,0,0
South-west,MMP,MRE,MURAT_202002_MRE,15,2025-04-15,2000-04-07,1,0,0,0
South-west,MMP,MRE,MURAT_202002_MRE,15,2025-04-15,2000-04-08,1,0,0,0
South-west,MMP,MRE,MURAT_202002_MRE,15,2025-04-15,2000-04-09,1,0,0,0
South-west,MMP,MRE,MURAT_202002_MRE,15,2025-04-15,2000-04-10,1,0,0,0
South-west,MMP,MRE,MURAT_202002_MRE,15,2025-04-15,2000-04-11,1,0,0,0
South-west,MMP,MRE,MURAT_202002_MRE,15,2025-04-15,2000-04-12,1,0,0,0
South-west,MMP,MRE,MURAT_202002_MRE,16,2025-04-22,2000-04-13,1,0,0,0
South-west,MMP,MRE,MURAT_202002_MRE,16,2025-04-22,2000-04-14,1,0,0,0
South-west,MMP,MRE,MURAT_202002_MRE,16,2025-04-22,2000-04-15,1,0,0,0
South-west,MMP,MRE,MURAT_202002_MRE,16,2025-04-22,2000-04-16,1,0,0,0
South-west,MMP,MRE,MURAT_202002_MRE,16,2025-04-22,2000-04-17,1,0,0,0
South-west,MMP,MRE,MURAT_202002_MRE,16,2025-04-22,2000-04-18,1,0,0,0
South-west,MMP,MRE,MURAT_202002_MRE,16,2025-04-22,2000-04-19,1,0,0,0
South-west,MMP,MRE,MURAT_202002_MRE,17,2025-04-29,2000-04-20,1,0,0,0
South-west,MMP,MRE,MURAT_202002_MRE,17,2025-04-29,2000-04-21,1,0,0,0
South-west,MMP,MRE,MURAT_202002_MRE,17,2025-04-29,2000-04-22,1,0,0,0
South-west,MMP,MRE,MURAT_202002_MRE,17,2025-04-29,2000-04-23,1,0,0,0
South-west,MMP,MRE,MURAT_202002_MRE,17,2025-04-29,2000-04-24,1,0,0,0
South-west,MMP,MRE,MURAT_202002_MRE,17,2025-04-29,2000-04-25,1,0,0,0
South-west,MMP,MRE,MURAT_202002_MRE,17,2025-04-29,2000-04-26,1,0,0,0
South-west,MMP,MRE,MURAT_202002_MRE,18,2025-05-06,2000-04-27,1,0,0,0
South-west,MMP,MRE,MURAT_202002_MRE,18,2025-05-06,2000-04-28,1,0,0,0
South-west,MMP,MRE,MURAT_202002_MRE,18,2025-05-06,2000-04-29,1,0,0,0
South-west,MMP,MRE,MURAT_202002_MRE,18,2025-05-06,2000-04-30,1,0,0,0
South-west,MMP,MRE,MURAT_202002_MRE,18,2025-05-06,2000-05-01,1,0,0,0
South-west,MMP,MRE,MURAT_202002_MRE,18,2025-05-06,2000-05-02,1,0,0,0
South-west,MMP,MRE,MURAT_202002_MRE,18,2025-05-06,2000-05-03,1,0,0,0
South-west,MMP,MRW,MURAT_202002_MRW,6,2025-02-12,2000-02-08,1,0,0,0
South-west,MMP,MRW,MURAT_202002_MRW,6,2025-02-12,2000-02-09,1,0,0,0
South-west,MMP,MRW,MURAT_202002_MRW,7,2025-02-19,2000-02-10,1,0,0,0
South-west,MMP,MRW,MURAT_202002_MRW,7,2025-02-19,2000-02-11,1,0,0,0
South-west,MMP,MRW,MURAT_202002_MRW,7,2025-02-19,2000-02-12,1,0,0,0
South-west,MMP,MRW,MURAT_202002_MRW,7,2025-02-19,2000-02-13,1,0,0,0
South-west,MMP,MRW,MURAT_202002_MRW,7,2025-02-19,2000-02-14,1,0,0,0
South-west,MMP,MRW,MURAT_202002_MRW,7,2025-02-19,2000-02-15,1,0,0,0
South-west,MMP,MRW,MURAT_202002_MRW,7,2025-02-19,2000-02-16,1,0,0,0
South-west,MMP,MRW,MURAT_202002_MRW,8,2025-02-26,2000-02-17,1,0,0,0
South-west,MMP,MRW,MURAT_202002_MRW,8,2025-02-26,2000-02-18,1,0,0,0
South-west,MMP,MRW,MURAT_202002_MRW,8,2025-02-26,2000-02-19,1,0,0,0
South-west,MMP,MRW,MURAT_202002_MRW,8,2025-02-26,2000-02-20,1,0,0,0
South-west,MMP,MRW,MURAT_202002_MRW,8,2025-02-26,2000-02-21,1,0,0,0
South-west,MMP,MRW,MURAT_202002_MRW,8,2025-02-26,2000-02-22,1,0,0,0
South-west,MMP,MRW,MURAT_202002_MRW,8,2025-02-26,2000-02-23,1,0,0,0
South-west,MMP,MRW,MURAT_202002_MRW,9,2025-03-04,2000-02-24,1,0,0,0
South-west,MMP,MRW,MURAT_202002_MRW,9,2025-03-04,2000-02-25,1,0,0,0
South-west,MMP,MRW,MURAT_202002_MRW,9,2025-03-04,2000-02-26,1,0,0,0
South-west,MMP,MRW,MURAT_202002_MRW,9,2025-03-04,2000-02-27,1,0,0,0
South-west,MMP,MRW,MURAT_202002_MRW,9,2025-03-04,2000-02-28,1,0,0,0
South-west,MMP,MRW,MURAT_202002_MRW,9,2025-03-04,2000-02-29,1,0,0,0
South-west,MMP,MRW,MURAT_202002_MRW,9,2025-03-04,2000-03-01,1,0,0,0
South-west,MMP,MRW,MURAT_202002_MRW,10,2025-03-11,2000-03-02,1,0,0,0
South-west,MMP,MRW,MURAT_202002_MRW,10,2025-03-11,2000-03-03,1,0,0,0
South-west,MMP,MRW,MURAT_202002_MRW,10,2025-03-11,2000-03-04,1,0,0,0
South-west,MMP,MRW,MURAT_202002_MRW,10,2025-03-11,2000-03-05,1,0,0,0
South-west,MMP,MRW,MURAT_202002_MRW,10,2025-03-11,2000-03-06,1,0,0,0
South-west,MMP,MRW,MURAT_202002_MRW,10,2025-03-11,2000-03-07,1,0,0,0
South-west,MMP,MRW,MURAT_202002_MRW,10,2025-03-11,2000-03-08,1,0,0,0
South-west,MMP,MRW,MURAT_202002_MRW,11,2025-03-18,2000-03-09,1,0,0,0
South-west,MMP,MRW,MURAT_202002_MRW,11,2025-03-18,2000-03-10,1,0,0,0
South-west,MMP,MRW,MURAT_202002_MRW,11,2025-03-18,2000-03-11,1,0,0,0
South-west,MMP,MRW,MURAT_202002_MRW,11,2025-03-18,2000-03-12,1,0,0,0
South-west,MMP,MRW,MURAT_202002_MRW,11,2025-03-18,2000-03-13,1,1,0,0
South-west,MMP,MRW,MURAT_202002_MRW,11,2025-03-18,2000-03-14,1,0,0,0
South-west,MMP,MRW,MURAT_202002_MRW,11,2025-03-18,2000-03-15,1,0,0,0
South-west,MMP,MRW,MURAT_202002_MRW,12,2025-03-25,2000-03-16,1,0,0,0
South-west,MMP,MRW,MURAT_202002_MRW,12,2025-03-25,2000-03-17,1,0,0,0
South-west,MMP,MRW,MURAT_202002_MRW,12,2025-03-25,2000-03-18,1,0,0,0
South-west,MMP,MRW,MURAT_202002_MRW,12,2025-03-25,2000-03-19,1,0,0,0
South-west,MMP,MRW,MURAT_202002_MRW,12,2025-03-25,2000-03-20,1,1,0,0
South-west,MMP,MRW,MURAT_202002_MRW,12,2025-03-25,2000-03-21,1,0,0,0
South-west,MMP,MRW,MURAT_202002_MRW,12,2025-03-25,2000-03-22,1,0,0,0
South-west,MMP,MRW,MURAT_202002_MRW,13,2025-04-01,2000-03-23,1,0,0,0
South-west,MMP,MRW,MURAT_202002_MRW,13,2025-04-01,2000-03-24,1,0,0,0
South-west,MMP,MRW,MURAT_202002_MRW,13,2025-04-01,2000-03-25,1,0,0,0
South-west,MMP,MRW,MURAT_202002_MRW,13,2025-04-01,2000-03-26,1,0,0,0
South-west,MMP,MRW,MURAT_202002_MRW,13,2025-04-01,2000-03-27,1,0,0,0
South-west,MMP,MRW,MURAT_202002_MRW,13,2025-04-01,2000-03-28,1,0,0,0
South-west,MMP,MRW,MURAT_202002_MRW,13,2025-04-01,2000-03-29,1,0,0,0
South-west,MMP,MRW,MURAT_202002_MRW,14,2025-04-08,2000-03-30,1,0,0,0
South-west,MMP,MRW,MURAT_202002_MRW,14,2025-04-08,2000-03-31,1,0,0,0
South-west,MMP,MRW,MURAT_202002_MRW,14,2025-04-08,2000-04-01,1,0,0,0
South-west,MMP,MRW,MURAT_202002_MRW,14,2025-04-08,2000-04-02,1,0,0,0
South-west,MMP,MRW,MURAT_202002_MRW,14,2025-04-08,2000-04-03,1,0,0,0
South-west,MMP,MRW,MURAT_202002_MRW,14,2025-04-08,2000-04-04,1,0,0,0
South-west,MMP,MRW,MURAT_202002_MRW,14,2025-04-08,2000-04-05,1,0,0,0
South-west,MMP,MRW,MURAT_202002_MRW,15,2025-04-15,2000-04-06,1,0,0,0
South-west,MMP,MRW,MURAT_202002_MRW,15,2025-04-15,2000-04-07,1,0,0,0
South-west,MMP,MRW,MURAT_202002_MRW,15,2025-04-15,2000-04-08,1,0,0,0
South-west,MMP,MRW,MURAT_202002_MRW,15,2025-04-15,2000-04-09,1,0,0,0
South-west,MMP,MRW,MURAT_202002_MRW,15,2025-04-15,2000-04-10,1,0,0,0
South-west,MMP,MRW,MURAT_202002_MRW,15,2025-04-15,2000-04-11,1,0,0,0
South-west,MMP,MRW,MURAT_202002_MRW,15,2025-04-15,2000-04-12,1,0,0,0
South-west,MMP,MRW,MURAT_202002_MRW,16,2025-04-22,2000-04-13,1,0,0,0
South-west,MMP,MRW,MURAT_202002_MRW,16,2025-04-22,2000-04-14,1,0,0,0
South-west,MMP,MRW,MURAT_202002_MRW,16,2025-04-22,2000-04-15,1,0,0,0
South-west,MMP,MRW,MURAT_202002_MRW,16,2025-04-22,2000-04-16,1,0,0,0
South-west,MMP,MRW,MURAT_202002_MRW,16,2025-04-22,2000-04-17,1,0,0,0
South-west,MMP,MRW,MURAT_202002_MRW,16,2025-04-22,2000-04-18,1,0,0,0
South-west,MMP,MRW,MURAT_202002_MRW,16,2025-04-22,2000-04-19,1,0,0,0
South-west,MMP,MRW,MURAT_202002_MRW,17,2025-04-29,2000-04-20,1,0,0,0
South-west,MMP,MRW,MURAT_202002_MRW,17,2025-04-29,2000-04-21,1,0,0,0
South-west,MMP,MRW,MURAT_202002_MRW,17,2025-04-29,2000-04-22,1,0,0,0
South-west,MMP,MRW,MURAT_202002_MRW,17,2025-04-29,2000-04-23,1,0,0,0
South-west,MMP,MRW,MURAT_202002_MRW,17,2025-04-29,2000-04-24,1,0,0,0
South-west,MMP,MRW,MURAT_202002_MRW,17,2025-04-29,2000-04-25,1,0,0,0
South-west,SWCMP,SWS,SWC_202201_SWS,3,2025-01-22,2000-01-18,1,3,0,0
South-west,SWCMP,SWS,SWC_202201_SWS,3,2025-01-22,2000-01-19,1,3,0,0
South-west,SWCMP,SWS,SWC_202201_SWS,3,2025-01-22,2000-01-20,1,4,0,0
South-west,SWCMP,SWS,SWC_202201_SWS,3,2025-01-22,2000-01-21,1,6,0,0
South-west,SWCMP,SWS,SWC_202201_SWS,3,2025-01-22,2000-01-22,1,11,0,0
South-west,SWCMP,SWS,SWC_202201_SWS,3,2025-01-22,2000-01-23,1,4,0,0
South-west,SWCMP,SWS,SWC_202201_SWS,4,2025-01-29,2000-01-24,1,4,0,0
South-west,SWCMP,SWS,SWC_202201_SWS,4,2025-01-29,2000-01-25,1,4,0,0
South-west,SWCMP,SWS,SWC_202201_SWS,4,2025-01-29,2000-01-26,1,5,0,0
South-west,SWCMP,SWS,SWC_202201_SWS,4,2025-01-29,2000-01-27,1,3,0,0
South-west,SWCMP,SWS,SWC_202201_SWS,4,2025-01-29,2000-01-28,1,2,0,0
South-west,SWCMP,SWS,SWC_202201_SWS,4,2025-01-29,2000-01-29,1,2,0,0
South-west,SWCMP,SWS,SWC_202201_SWS,4,2025-01-29,2000-01-30,1,3,0,0
South-west,SWCMP,SWS,SWC_202201_SWS,5,2025-02-05,2000-01-31,1,3,0,0
South-west,SWCMP,SWS,SWC_202201_SWS,5,2025-02-05,2000-02-01,1,6,0,0
South-west,SWCMP,SWS,SWC_202201_SWS,5,2025-02-05,2000-02-02,1,5,0,0
South-west,SWCMP,SWS,SWC_202201_SWS,5,2025-02-05,2000-02-03,1,4,0,0
South-west,SWCMP,SWS,SWC_202201_SWS,5,2025-02-05,2000-02-04,1,5,0,0
South-west,SWCMP,SWS,SWC_202201_SWS,5,2025-02-05,2000-02-05,1,11,0,0
South-west,SWCMP,SWS,SWC_202201_SWS,5,2025-02-05,2000-02-06,1,1,0,0
South-west,SWCMP,SWS,SWC_202201_SWS,6,2025-02-12,2000-02-07,1,4,0,0
South-west,SWCMP,SWS,SWC_202201_SWS,6,2025-02-12,2000-02-08,1,5,0,0
South-west,SWCMP,SWS,SWC_202201_SWS,6,2025-02-12,2000-02-09,1,2,0,0
South-west,SWCMP,SWS,SWC_202201_SWS,6,2025-02-12,2000-02-10,1,8,0,0
South-west,SWCMP,SWS,SWC_202201_SWS,6,2025-02-12,2000-02-11,1,3,0,0
South-west,SWCMP,SWS,SWC_202201_SWS,6,2025-02-12,2000-02-12,1,7,0,0
South-west,SWCMP,SWS,SWC_202201_SWS,6,2025-02-12,2000-02-13,1,5,0,0
South-west,SWCMP,SWS,SWC_202201_SWS,7,2025-02-19,2000-02-14,1,1,0,0
South-west,SWCMP,SWS,SWC_202201_SWS,7,2025-02-19,2000-02-15,1,5,0,0
South-west,SWCMP,SWS,SWC_202201_SWS,7,2025-02-19,2000-02-16,1,7,0,0
South-west,SWCMP,SWS,SWC_202201_SWS,7,2025-02-19,2000-02-17,1,5,0,0
South-west,SWCMP,SWS,SWC_202201_SWS,7,2025-02-19,2000-02-18,1,4,0,0
South-west,SWCMP,SWS,SWC_202201_SWS,7,2025-02-19,2000-02-19,1,3,0,0
South-west,SWCMP,SWS,SWC_202201_SWS,7,2025-02-19,2000-02-20,1,4,0,0
South-west,SWCMP,SWS,SWC_202201_SWS,8,2025-02-26,2000-02-21,1,7,0,0
South-west,SWCMP,SWS,SWC_202201_SWS,8,2025-02-26,2000-02-22,1,3,0,0
South-west,SWCMP,SWS,SWC_202201_SWS,8,2025-02-26,2000-02-23,1,2,0,0
South-west,SWCMP,SWS,SWC_202201_SWS,8,2025-02-26,2000-02-24,1,2,0,0
South-west,SWCMP,SWS,SWC_202201_SWS,8,2025-02-26,2000-02-25,1,3,0,0
South-west,SWCMP,SWS,SWC_202201_SWS,8,2025-02-26,2000-02-26,1,2,0,0
South-west,SWCMP,SWS,SWC_202201_SWS,8,2025-02-26,2000-02-27,1,2,0,0
South-west,SWCMP,SWS,SWC_202201_SWS,9,2025-03-04,2000-02-28,1,7,0,0
South-west,SWCMP,SWS,SWC_202201_SWS,9,2025-03-04,2000-03-01,1,5,0,0
South-west,SWCMP,SWS,SWC_202201_SWS,9,2025-03-04,2000-03-02,1,2,0,0
South-west,SWCMP,SWS,SWC_202201_SWS,9,2025-03-04,2000-03-03,1,5,0,0
South-west,SWCMP,SWS,SWC_202201_SWS,9,2025-03-04,2000-03-04,1,1,0,0
South-west,SWCMP,SWS,SWC_202201_SWS,9,2025-03-04,2000-03-05,1,5,0,0
South-west,SWCMP,SWS,SWC_202201_SWS,9,2025-03-04,2000-03-06,1,2,0,0
South-west,SWCMP,SWS,SWC_202201_SWS,10,2025-03-11,2000-03-07,1,5,0,0
South-west,SWCMP,SWS,SWC_202201_SWS,10,2025-03-11,2000-03-08,1,1,0,0
South-west,SWCMP,SWS,SWC_202201_SWS,10,2025-03-11,2000-03-09,1,4,0,0
South-west,SWCMP,SWS,SWC_202201_SWS,10,2025-03-11,2000-03-10,1,8,0,0
South-west,SWCMP,SWS,SWC_202201_SWS,10,2025-03-11,2000-03-11,1,3,0,0
South-west,SWCMP,SWS,SWC_202201_SWS,10,2025-03-11,2000-03-12,1,7,0,0
South-west,SWCMP,SWS,SWC_202201_SWS,10,2025-03-11,2000-03-13,1,8,0,0
South-west,SWCMP,SWS,SWC_202201_SWS,11,2025-03-18,2000-03-14,1,2,0,0
South-west,SWCMP,SWS,SWC_202201_SWS,11,2025-03-18,2000-03-15,1,3,0,0
South-west,SWCMP,SWS,SWC_202201_SWS,11,2025-03-18,2000-03-16,1,8,0,0
South-west,SWCMP,SWS,SWC_202201_SWS,11,2025-03-18,2000-03-17,1,7,0,0
South-west,SWCMP,SWS,SWC_202201_SWS,11,2025-03-18,2000-03-18,1,5,0,0
South-west,SWCMP,SWS,SWC_202201_SWS,11,2025-03-18,2000-03-19,1,3,0,0
South-west,SWCMP,SWS,SWC_202201_SWS,11,2025-03-18,2000-03-20,1,5,0,0
South-west,SWCMP,SWS,SWC_202201_SWS,12,2025-03-25,2000-03-21,1,3,0,0
South-west,SWCMP,SWS,SWC_202201_SWS,12,2025-03-25,2000-03-22,1,3,0,0
South-west,SWCMP,SWS,SWC_202201_SWS,12,2025-03-25,2000-03-23,1,1,0,0
South-west,SWCMP,SWS,SWC_202201_SWS,12,2025-03-25,2000-03-24,1,5,0,0
South-west,SWCMP,SWS,SWC_202201_SWS,12,2025-03-25,2000-03-25,1,5,0,0
South-west,SWCMP,SWS,SWC_202201_SWS,12,2025-03-25,2000-03-26,1,5,0,0
South-west,SWCMP,SWS,SWC_202201_SWS,12,2025-03-25,2000-03-27,1,1,0,0
South-west,SWCMP,SWS,SWC_202201_SWS,13,2025-04-01,2000-03-28,1,3,0,0
South-west,SWCMP,SWS,SWC_202201_SWS,13,2025-04-01,2000-03-29,1,6,0,0
South-west,SWCMP,SWS,SWC_202201_SWS,13,2025-04-01,2000-03-30,1,2,0,0
South-west,SWCMP,SWS,SWC_202201_SWS,13,2025-04-01,2000-03-31,1,3,0,0
South-west,SWCMP,SWS,SWC_202201_SWS,13,2025-04-01,2000-04-01,1,7,0,0
South-west,SWCMP,SWS,SWC_202201_SWS,13,2025-04-01,2000-04-02,1,7,0,0
South-west,SWCMP,SWS,SWC_202201_SWS,13,2025-04-01,2000-04-03,1,3,0,0
South-west,SWCMP,SWS,SWC_202201_SWS,14,2025-04-08,2000-04-04,1,3,0,0
South-west,SWCMP,SWS,SWC_202201_SWS,14,2025-04-08,2000-04-05,1,2,0,0
South-west,SWCMP,SWS,SWC_202201_SWS,14,2025-04-08,2000-04-06,1,3,0,0
South-west,SWCMP,SWS,SWC_202201_SWS,14,2025-04-08,2000-04-07,1,3,0,0
South-west,SWCMP,SWS,SWC_202201_SWS,14,2025-04-08,2000-04-08,1,1,0,0
South-west,SWCMP,SWS,SWC_202201_SWS,14,2025-04-08,2000-04-09,1,2,0,0
South-west,SWCMP,SWS,SWC_202201_SWS,14,2025-04-08,2000-04-10,1,4,0,0
South-west,SWCMP,SWS,SWC_202201_SWS,15,2025-04-15,2000-04-11,1,2,0,0
South-west,SWCMP,SWS,SWC_202201_SWS,15,2025-04-15,2000-04-12,1,0,0,0
South-west,TRMP,TRE,TWOROCKS_202105_TRE,19,2025-05-13,2000-05-10,1,10,1,5
South-west,TRMP,TRE,TWOROCKS_202105_TRE,19,2025-05-13,2000-05-11,1,6,0,0
South-west,TRMP,TRE,TWOROCKS_202105_TRE,19,2025-05-13,2000-05-12,1,4,0,0
South-west,TRMP,TRE,TWOROCKS_202105_TRE,19,2025-05-13,2000-05-13,1,3,0,0
South-west,TRMP,TRE,TWOROCKS_202105_TRE,19,2025-05-13,2000-05-14,1,3,0,0
South-west,TRMP,TRE,TWOROCKS_202105_TRE,19,2025-05-13,2000-05-15,1,7,0,0
South-west,TRMP,TRE,TWOROCKS_202105_TRE,19,2025-05-13,2000-05-16,1,13,0,1
South-west,TRMP,TRE,TWOROCKS_202105_TRE,20,2025-05-20,2000-05-17,1,3,0,0
South-west,TRMP,TRE,TWOROCKS_202105_TRE,20,2025-05-20,2000-05-18,1,15,1,5
South-west,TRMP,TRE,TWOROCKS_202105_TRE,20,2025-05-20,2000-05-19,1,11,1,4
South-west,TRMP,TRE,TWOROCKS_202105_TRE,20,2025-05-20,2000-05-20,1,18,0,6
South-west,TRMP,TRE,TWOROCKS_202105_TRE,20,2025-05-20,2000-05-21,1,18,1,2
South-west,TRMP,TRE,TWOROCKS_202105_TRE,20,2025-05-20,2000-05-22,1,3,0,0
South-west,TRMP,TRE,TWOROCKS_202105_TRE,20,2025-05-20,2000-05-23,1,3,0,0
South-west,TRMP,TRE,TWOROCKS_202105_TRE,21,2025-05-27,2000-05-24,1,1,0,0
South-west,TRMP,TRE,TWOROCKS_202105_TRE,21,2025-05-27,2000-05-25,1,17,1,4
South-west,TRMP,TRE,TWOROCKS_202105_TRE,21,2025-05-27,2000-05-26,1,9,0,3
South-west,TRMP,TRE,TWOROCKS_202105_TRE,21,2025-05-27,2000-05-27,1,7,0,0
South-west,TRMP,TRE,TWOROCKS_202105_TRE,21,2025-05-27,2000-05-28,1,5,0,1
South-west,TRMP,TRE,TWOROCKS_202105_TRE,21,2025-05-27,2000-05-29,1,1,0,0
South-west,TRMP,TRE,TWOROCKS_202105_TRE,21,2025-05-27,2000-05-30,1,0,0,0
South-west,TRMP,TRE,TWOROCKS_202105_TRE,22,2025-06-03,2000-05-31,1,4,0,1
South-west,TRMP,TRE,TWOROCKS_202105_TRE,22,2025-06-03,2000-06-01,1,8,0,0
South-west,TRMP,TRE,TWOROCKS_202105_TRE,22,2025-06-03,2000-06-02,1,27,0,8
South-west,TRMP,TRE,TWOROCKS_202105_TRE,22,2025-06-03,2000-06-03,1,20,3,9
South-west,TRMP,TRE,TWOROCKS_202105_TRE,22,2025-06-03,2000-06-04,1,13,1,3
South-west,TRMP,TRE,TWOROCKS_202105_TRE,22,2025-06-03,2000-06-05,1,27,1,9
South-west,TRMP,TRE,TWOROCKS_202105_TRE,22,2025-06-03,2000-06-06,1,5,0,3
South-west,TRMP,TRE,TWOROCKS_202105_TRE,23,2025-06-10,2000-06-07,1,7,1,1
South-west,TRMP,TRE,TWOROCKS_202105_TRE,23,2025-06-10,2000-06-08,1,1,0,0
South-west,TRMP,TRE,TWOROCKS_202105_TRE,23,2025-06-10,2000-06-09,1,1,0,0
South-west,TRMP,TRE,TWOROCKS_202105_TRE,23,2025-06-10,2000-06-10,1,2,0,0
South-west,TRMP,TRE,TWOROCKS_202105_TRE,23,2025-06-10,2000-06-11,1,14,0,3
South-west,TRMP,TRE,TWOROCKS_202105_TRE,23,2025-06-10,2000-06-12,1,44,1,13
South-west,TRMP,TRE,TWOROCKS_202105_TRE,23,2025-06-10,2000-06-13,1,21,5,8
South-west,TRMP,TRE,TWOROCKS_202105_TRE,24,2025-06-17,2000-06-14,1,0,0,0
South-west,TRMP,TRE,TWOROCKS_202105_TRE,24,2025-06-17,2000-06-15,1,0,0,0
South-west,TRMP,TRE,TWOROCKS_202105_TRE,24,2025-06-17,2000-06-16,1,15,2,7
South-west,TRMP,TRE,TWOROCKS_202105_TRE,24,2025-06-17,2000-06-17,1,10,0,2
South-west,TRMP,TRE,TWOROCKS_202105_TRE,24,2025-06-17,2000-06-18,1,11,1,2
South-west,TRMP,TRE,TWOROCKS_202105_TRE,24,2025-06-17,2000-06-19,1,6,0,1
South-west,TRMP,TRE,TWOROCKS_202105_TRE,24,2025-06-17,2000-06-20,1,0,0,0
South-west,TRMP,TRE,TWOROCKS_202105_TRE,25,2025-06-24,2000-06-21,1,0,0,0
South-west,TRMP,TRE,TWOROCKS_202105_TRE,25,2025-06-24,2000-06-22,1,1,0,0
South-west,TRMP,TRE,TWOROCKS_202105_TRE,25,2025-06-24,2000-06-23,1,4,0,0
South-west,TRMP,TRE,TWOROCKS_202105_TRE,25,2025-06-24,2000-06-24,1,30,2,11
South-west,TRMP,TRE,TWOROCKS_202105_TRE,25,2025-06-24,2000-06-25,1,18,2,3
South-west,TRMP,TRE,TWOROCKS_202105_TRE,25,2025-06-24,2000-06-26,1,12,0,0
South-west,TRMP,TRE,TWOROCKS_202105_TRE,25,2025-06-24,2000-06-27,1,1,0,0
South-west,TRMP,TRE,TWOROCKS_202105_TRE,26,2025-07-01,2000-06-28,1,1,0,0
South-west,TRMP,TRE,TWOROCKS_202105_TRE,26,2025-07-01,2000-06-29,1,0,0,0
South-west,TRMP,TRE,TWOROCKS_202105_TRE,26,2025-07-01,2000-06-30,1,10,0,0
South-west,TRMP,TRE,TWOROCKS_202105_TRE,26,2025-07-01,2000-07-01,1,3,0,0
South-west,TRMP,TRE,TWOROCKS_202105_TRE,26,2025-07-01,2000-07-02,1,12,0,1
South-west,TRMP,TRE,TWOROCKS_202105_TRE,26,2025-07-01,2000-07-03,1,14,0,3
South-west,TRMP,TRE,TWOROCKS_202105_TRE,26,2025-07-01,2000-07-04,1,0,0,0
South-west,TRMP,TRE,TWOROCKS_202105_TRE,27,2025-07-08,2000-07-05,1,1,0,0
South-west,TRMP,TRE,TWOROCKS_202105_TRE,27,2025-07-08,2000-07-06,1,0,0,0
South-west,TRMP,TRE,TWOROCKS_202105_TRE,27,2025-07-08,2000-07-07,1,1,0,0
South-west,TRMP,TRE,TWOROCKS_202105_TRE,27,2025-07-08,2000-07-08,1,1,0,0
South-west,TRMP,TRE,TWOROCKS_202105_TRE,27,2025-07-08,2000-07-09,1,0,0,0
South-west,TRMP,TRE,TWOROCKS_202105_TRE,27,2025-07-08,2000-07-10,1,8,1,4
South-west,TRMP,TRE,TWOROCKS_202105_TRE,27,2025-07-08,2000-07-11,1,0,0,0
South-west,TRMP,TRE,TWOROCKS_202105_TRE,28,2025-07-15,2000-07-12,1,0,0,0
South-west,TRMP,TRE,TWOROCKS_202105_TRE,28,2025-07-15,2000-07-13,1,0,0,0
South-west,TRMP,TRE,TWOROCKS_202105_TRE,28,2025-07-15,2000-07-14,1,1,0,0
South-west,TRMP,TRE,TWOROCKS_202105_TRE,28,2025-07-15,2000-07-15,1,0,0,0
South-west,TRMP,TRE,TWOROCKS_202105_TRE,28,2025-07-15,2000-07-16,1,0,0,0
South-west,TRMP,TRE,TWOROCKS_202105_TRE,28,2025-07-15,2000-07-17,1,21,3,7
South-west,TRMP,TRE,TWOROCKS_202105_TRE,28,2025-07-15,2000-07-18,1,7,1,2
South-west,TRMP,TRE,TWOROCKS_202105_TRE,29,2025-07-22,2000-07-19,1,19,0,3
South-west,TRMP,TRE,TWOROCKS_202105_TRE,29,2025-07-22,2000-07-20,1,3,0,0
South-west,TRMP,TRE,TWOROCKS_202105_TRE,29,2025-07-22,2000-07-21,1,1,0,0
South-west,TRMP,TRE,TWOROCKS_202105_TRE,29,2025-07-22,2000-07-22,1,15,0,2
South-west,TRMP,TRE,TWOROCKS_202105_TRE,29,2025-07-22,2000-07-23,1,8,0,0
South-west,TRMP,TRE,TWOROCKS_202105_TRE,29,2025-07-22,2000-07-24,1,2,0,0
South-west,TRMP,TRE,TWOROCKS_202105_TRE,29,2025-07-22,2000-07-25,1,2,0,0
South-west,TRMP,TRE,TWOROCKS_202105_TRE,30,2025-07-29,2000-07-26,1,0,0,0
South-west,TRMP,TRW,TWOROCKS_202105_TRW,19,2025-05-13,2000-05-10,1,4,0,1
South-west,TRMP,TRW,TWOROCKS_202105_TRW,19,2025-05-13,2000-05-11,1,3,0,0
South-west,TRMP,TRW,TWOROCKS_202105_TRW,19,2025-05-13,2000-05-12,1,5,0,0
South-west,TRMP,TRW,TWOROCKS_202105_TRW,19,2025-05-13,2000-05-13,1,2,0,0
South-west,TRMP,TRW,TWOROCKS_202105_TRW,19,2025-05-13,2000-05-14,1,3,0,0
South-west,TRMP,TRW,TWOROCKS_202105_TRW,19,2025-05-13,2000-05-15,1,6,0,2
South-west,TRMP,TRW,TWOROCKS_202105_TRW,19,2025-05-13,2000-05-16,1,5,0,2
South-west,TRMP,TRW,TWOROCKS_202105_TRW,20,2025-05-20,2000-05-17,1,4,0,0
South-west,TRMP,TRW,TWOROCKS_202105_TRW,20,2025-05-20,2000-05-18,1,18,1,7
South-west,TRMP,TRW,TWOROCKS_202105_TRW,20,2025-05-20,2000-05-19,1,5,0,2
South-west,TRMP,TRW,TWOROCKS_202105_TRW,20,2025-05-20,2000-05-20,1,22,3,11
South-west,TRMP,TRW,TWOROCKS_202105_TRW,20,2025-05-20,2000-05-21,1,22,0,7
South-west,TRMP,TRW,TWOROCKS_202105_TRW,20,2025-05-20,2000-05-22,1,4,0,0
South-west,TRMP,TRW,TWOROCKS_202105_TRW,20,2025-05-20,2000-05-23,1,2,0,0
South-west,TRMP,TRW,TWOROCKS_202105_TRW,21,2025-05-27,2000-05-24,1,1,0,0
South-west,TRMP,TRW,TWOROCKS_202105_TRW,21,2025-05-27,2000-05-25,1,15,1,7
South-west,TRMP,TRW,TWOROCKS_202105_TRW,21,2025-05-27,2000-05-26,1,6,1,3
South-west,TRMP,TRW,TWOROCKS_202105_TRW,21,2025-05-27,2000-05-27,1,7,0,4
South-west,TRMP,TRW,TWOROCKS_202105_TRW,21,2025-05-27,2000-05-28,1,4,1,2
South-west,TRMP,TRW,TWOROCKS_202105_TRW,21,2025-05-27,2000-05-29,1,4,0,1
South-west,TRMP,TRW,TWOROCKS_202105_TRW,21,2025-05-27,2000-05-30,1,0,0,0
South-west,TRMP,TRW,TWOROCKS_202105_TRW,22,2025-06-03,2000-05-31,1,3,0,2
South-west,TRMP,TRW,TWOROCKS_202105_TRW,22,2025-06-03,2000-06-01,1,2,0,0
South-west,TRMP,TRW,TWOROCKS_202105_TRW,22,2025-06-03,2000-06-02,1,24,2,11
South-west,TRMP,TRW,TWOROCKS_202105_TRW,22,2025-06-03,2000-06-03,1,19,1,7
South-west,TRMP,TRW,TWOROCKS_202105_TRW,22,2025-06-03,2000-06-04,1,8,0,2
South-west,TRMP,TRW,TWOROCKS_202105_TRW,22,2025-06-03,2000-06-05,1,24,1,11
South-west,TRMP,TRW,TWOROCKS_202105_TRW,22,2025-06-03,2000-06-06,1,3,0,0
South-west,TRMP,TRW,TWOROCKS_202105_TRW,23,2025-06-10,2000-06-07,1,0,0,0
South-west,TRMP,TRW,TWOROCKS_202105_TRW,23,2025-06-10,2000-06-08,1,1,0,0
South-west,TRMP,TRW,TWOROCKS_202105_TRW,23,2025-06-10,2000-06-09,1,0,0,0
South-west,TRMP,TRW,TWOROCKS_202105_TRW,23,2025-06-10,2000-06-10,1,2,0,0
South-west,TRMP,TRW,TWOROCKS_202105_TRW,23,2025-06-10,2000-06-11,1,15,0,3
South-west,TRMP,TRW,TWOROCKS_202105_TRW,23,2025-06-10,2000-06-12,1,55,7,27
South-west,TRMP,TRW,TWOROCKS_202105_TRW,23,2025-06-10,2000-06-13,1,25,3,11
South-west,TRMP,TRW,TWOROCKS_202105_TRW,24,2025-06-17,2000-06-14,1,0,0,0
South-west,TRMP,TRW,TWOROCKS_202105_TRW,24,2025-06-17,2000-06-15,1,0,0,0
South-west,TRMP,TRW,TWOROCKS_202105_TRW,24,2025-06-17,2000-06-16,1,16,0,6
South-west,TRMP,TRW,TWOROCKS_202105_TRW,24,2025-06-17,2000-06-17,1,13,2,4
South-west,TRMP,TRW,TWOROCKS_202105_TRW,24,2025-06-17,2000-06-18,1,6,1,4
South-west,TRMP,TRW,TWOROCKS_202105_TRW,24,2025-06-17,2000-06-19,1,3,0,1
South-west,TRMP,TRW,TWOROCKS_202105_TRW,24,2025-06-17,2000-06-20,1,0,0,0
South-west,TRMP,TRW,TWOROCKS_202105_TRW,25,2025-06-24,2000-06-21,1,0,0,0
South-west,TRMP,TRW,TWOROCKS_202105_TRW,25,2025-06-24,2000-06-22,1,1,0,0
South-west,TRMP,TRW,TWOROCKS_202105_TRW,25,2025-06-24,2000-06-23,1,4,0,1
South-west,TRMP,TRW,TWOROCKS_202105_TRW,25,2025-06-24,2000-06-24,1,36,2,15
South-west,TRMP,TRW,TWOROCKS_202105_TRW,25,2025-06-24,2000-06-25,1,13,0,5
South-west,TRMP,TRW,TWOROCKS_202105_TRW,25,2025-06-24,2000-06-26,1,3,0,0
South-west,TRMP,TRW,TWOROCKS_202105_TRW,25,2025-06-24,2000-06-27,1,0,0,0
South-west,TRMP,TRW,TWOROCKS_202105_TRW,26,2025-07-01,2000-06-28,1,0,0,0
South-west,TRMP,TRW,TWOROCKS_202105_TRW,26,2025-07-01,2000-06-29,1,1,0,0
South-west,TRMP,TRW,TWOROCKS_202105_TRW,26,2025-07-01,2000-06-30,1,1,0,0
South-west,TRMP,TRW,TWOROCKS_202105_TRW,26,2025-07-01,2000-07-01,1,0,0,0
South-west,TRMP,TRW,TWOROCKS_202105_TRW,26,2025-07-01,2000-07-02,1,12,0,5
South-west,TRMP,TRW,TWOROCKS_202105_TRW,26,2025-07-01,2000-07-03,1,10,1,3
South-west,TRMP,TRW,TWOROCKS_202105_TRW,26,2025-07-01,2000-07-04,1,0,0,0
South-west,TRMP,TRW,TWOROCKS_202105_TRW,27,2025-07-08,2000-07-05,1,1,0,1
South-west,TRMP,TRW,TWOROCKS_202105_TRW,27,2025-07-08,2000-07-06,1,0,0,0
South-west,TRMP,TRW,TWOROCKS_202105_TRW,27,2025-07-08,2000-07-07,1,1,0,0
South-west,TRMP,TRW,TWOROCKS_202105_TRW,27,2025-07-08,2000-07-08,1,1,1,1
South-west,TRMP,TRW,TWOROCKS_202105_TRW,27,2025-07-08,2000-07-09,1,0,0,0
South-west,TRMP,TRW,TWOROCKS_202105_TRW,27,2025-07-08,2000-07-10,1,8,1,5
South-west,TRMP,TRW,TWOROCKS_202105_TRW,27,2025-07-08,2000-07-11,1,1,0,0
South-west,TRMP,TRW,TWOROCKS_202105_TRW,28,2025-07-15,2000-07-12,1,0,0,0
South-west,TRMP,TRW,TWOROCKS_202105_TRW,28,2025-07-15,2000-07-13,1,0,0,0
South-west,TRMP,TRW,TWOROCKS_202105_TRW,28,2025-07-15,2000-07-14,1,2,0,0
South-west,TRMP,TRW,TWOROCKS_202105_TRW,28,2025-07-15,2000-07-15,1,0,0,0
South-west,TRMP,TRW,TWOROCKS_202105_TRW,28,2025-07-15,2000-07-16,1,1,0,0
South-west,TRMP,TRW,TWOROCKS_202105_TRW,28,2025-07-15,2000-07-17,1,11,2,7
South-west,TRMP,TRW,TWOROCKS_202105_TRW,28,2025-07-15,2000-07-18,1,3,0,1
South-west,TRMP,TRW,TWOROCKS_202105_TRW,29,2025-07-22,2000-07-19,1,11,1,4
South-west,TRMP,TRW,TWOROCKS_202105_TRW,29,2025-07-22,2000-07-20,1,3,0,0
South-west,TRMP,TRW,TWOROCKS_202105_TRW,29,2025-07-22,2000-07-21,1,0,0,0
South-west,TRMP,TRW,TWOROCKS_202105_TRW,29,2025-07-22,2000-07-22,1,18,0,3
South-west,TRMP,TRW,TWOROCKS_202105_TRW,29,2025-07-22,2000-07-23,1,7,0,0
South-west,TRMP,TRW,TWOROCKS_202105_TRW,29,2025-07-22,2000-07-24,1,2,0,0
South-west,TRMP,TRW,TWOROCKS_202105_TRW,29,2025-07-22,2000-07-25,1,1,0,0
South-west,TRMP,TRW,TWOROCKS_202105_TRW,30,2025-07-29,2000-07-26,1,0,0,0
South-west,TRMP,TRW,TWOROCKS_202105_TRW,30,2025-07-29,2000-07-27,1,0,0,0
South-west,TRMP,TRW,TWOROCKS_202105_TRW,30,2025-07-29,2000-07-28,1,1,0,0
South-west,TRMP,TRW,TWOROCKS_202105_TRW,30,2025-07-29,2000-07-29,1,0,0,0
South-west,TRMP,TRW,TWOROCKS_202105_TRW,30,2025-07-29,2000-07-30,1,2,0,1
South-west,TRMP,TRW,TWOROCKS_202105_TRW,30,2025-07-29,2000-07-31,1,1,0,0
South-west,TRMP,TRW,TWOROCKS_202105_TRW,30,2025-07-29,2000-08-01,1,2,0,0
South-west,TRMP,TRW,TWOROCKS_202105_TRW,31,2025-08-05,2000-08-02,1,1,0,0
South-west,TRMP,TRW,TWOROCKS_202105_TRW,31,2025-08-05,2000-08-03,1,0,0,0
Temperate East,CGMP,CG,CGMP_201807_CG,26,2025-07-01,2000-07-01,1,1,0,0
Temperate East,CGMP,CG,CGMP_201807_CG,27,2025-07-08,2000-07-02,1,0,0,0
Temperate East,CGMP,CG,CGMP_201807_CG,27,2025-07-08,2000-07-03,1,1,1,1
Temperate East,CGMP,CG,CGMP_201807_CG,27,2025-07-08,2000-07-04,1,2,0,2
Temperate East,CGMP,CG,CGMP_201807_CG,27,2025-07-08,2000-07-05,1,11,2,7
Temperate East,CGMP,CG,CGMP_201807_CG,27,2025-07-08,2000-07-06,1,4,0,2
Temperate East,CGMP,CG,CGMP_201807_CG,27,2025-07-08,2000-07-07,1,6,3,5
Temperate East,CGMP,CG,CGMP_201807_CG,27,2025-07-08,2000-07-08,1,5,2,4
Temperate East,CGMP,CG,CGMP_201807_CG,28,2025-07-15,2000-07-09,1,2,1,2
Temperate East,CGMP,CG,CGMP_201807_CG,28,2025-07-15,2000-07-10,1,1,0,0
Temperate East,CGMP,CG,CGMP_201807_CG,28,2025-07-15,2000-07-11,1,10,2,4
Temperate East,CGMP,CG,CGMP_201807_CG,28,2025-07-15,2000-07-12,1,19,2,8
Temperate East,CGMP,CG,CGMP_201807_CG,28,2025-07-15,2000-07-13,1,6,1,3
Temperate East,CGMP,CG,CGMP_201807_CG,28,2025-07-15,2000-07-14,1,2,0,1
Temperate East,CGMP,CG,CGMP_201807_CG,28,2025-07-15,2000-07-15,1,28,2,18
Temperate East,CGMP,CG,CGMP_201807_CG,29,2025-07-22,2000-07-16,1,11,1,6
Temperate East,CGMP,CG,CGMP_201807_CG,29,2025-07-22,2000-07-17,1,14,0,7
Temperate East,CGMP,CG,CGMP_201807_CG,29,2025-07-22,2000-07-18,1,18,4,12
Temperate East,CGMP,CG,CGMP_201807_CG,29,2025-07-22,2000-07-19,1,15,3,7
Temperate East,CGMP,CG,CGMP_201807_CG,29,2025-07-22,2000-07-20,1,1,0,1
Temperate East,CGMP,CG,CGMP_201807_CG,29,2025-07-22,2000-07-21,1,7,1,6
Temperate East,CGMP,CG,CGMP_201807_CG,29,2025-07-22,2000-07-22,1,13,0,5
Temperate East,CGMP,CG,CGMP_201807_CG,30,2025-07-29,2000-07-23,1,13,3,10
Temperate East,CGMP,CG,CGMP_201807_CG,30,2025-07-29,2000-07-24,1,16,1,8
Temperate East,CGMP,CG,CGMP_201807_CG,30,2025-07-29,2000-07-25,1,15,0,8
Temperate East,CGMP,CG,CGMP_201807_CG,30,2025-07-29,2000-07-26,1,32,3,19
Temperate East,CGMP,CG,CGMP_201807_CG,30,2025-07-29,2000-07-27,1,19,1,7
Temperate East,CGMP,CG,CGMP_201807_CG,30,2025-07-29,2000-07-28,1,23,3,11
Temperate East,CGMP,CG,CGMP_201807_CG,30,2025-07-29,2000-07-29,1,3,0,2
Temperate East,CGMP,CG,CGMP_201807_CG,31,2025-08-05,2000-07-30,1,5,0,1
Temperate East,CGMP,CG,CGMP_201807_CG,31,2025-08-05,2000-07-31,1,14,0,5
Temperate East,CGMP,CG,CGMP_201807_CG,31,2025-08-05,2000-08-01,1,19,0,11
Temperate East,CGMP,CG,CGMP_201807_CG,31,2025-08-05,2000-08-02,1,10,1,3
Temperate East,CGMP,CG,CGMP_201807_CG,31,2025-08-05,2000-08-03,1,3,0,2
Temperate East,CGMP,CG,CGMP_201807_CG,31,2025-08-05,2000-08-04,1,15,2,10
Temperate East,CGMP,CG,CGMP_201812_CG,1,2025-01-08,2000-01-01,1,5,0,1
Temperate East,CGMP,CG,CGMP_201812_CG,1,2025-01-08,2000-01-02,1,0,0,0
Temperate East,CGMP,CG,CGMP_201812_CG,1,2025-01-08,2000-01-03,1,7,0,2
Temperate East,CGMP,CG,CGMP_201812_CG,1,2025-01-08,2000-01-04,1,4,0,0
Temperate East,CGMP,CG,CGMP_201812_CG,1,2025-01-08,2000-01-05,1,0,0,0
Temperate East,CGMP,CG,CGMP_201812_CG,1,2025-01-08,2000-01-06,1,12,0,6
Temperate East,CGMP,CG,CGMP_201812_CG,1,2025-01-08,2000-12-31,1,0,0,0
Temperate East,CGMP,CG,CGMP_201812_CG,2,2025-01-15,2000-01-07,1,13,0,2
Temperate East,CGMP,CG,CGMP_201812_CG,2,2025-01-15,2000-01-08,1,8,0,1
Temperate East,CGMP,CG,CGMP_201812_CG,2,2025-01-15,2000-01-09,1,8,0,0
Temperate East,CGMP,CG,CGMP_201812_CG,2,2025-01-15,2000-01-10,1,18,0,3
Temperate East,CGMP,CG,CGMP_201812_CG,2,2025-01-15,2000-01-11,1,9,0,3
Temperate East,CGMP,CG,CGMP_201812_CG,2,2025-01-15,2000-01-12,1,6,0,2
Temperate East,CGMP,CG,CGMP_201812_CG,2,2025-01-15,2000-01-13,1,10,0,2
Temperate East,CGMP,CG,CGMP_201812_CG,3,2025-01-22,2000-01-14,1,18,0,2
Temperate East,CGMP,CG,CGMP_201812_CG,3,2025-01-22,2000-01-15,1,2,0,1
Temperate East,CGMP,CG,CGMP_201812_CG,3,2025-01-22,2000-01-16,1,1,0,0
Temperate East,CGMP,CG,CGMP_201812_CG,3,2025-01-22,2000-01-17,1,0,0,0
Temperate East,CGMP,CG,CGMP_201812_CG,3,2025-01-22,2000-01-18,1,1,0,0
Temperate East,CGMP,CG,CGMP_201812_CG,3,2025-01-22,2000-01-19,1,5,0,0
Temperate East,CGMP,CG,CGMP_201812_CG,3,2025-01-22,2000-01-20,1,17,0,8
Temperate East,CGMP,CG,CGMP_201812_CG,4,2025-01-29,2000-01-21,1,13,0,4
Temperate East,CGMP,CG,CGMP_201812_CG,4,2025-01-29,2000-01-22,1,10,0,1
Temperate East,CGMP,CG,CGMP_201812_CG,4,2025-01-29,2000-01-23,1,5,0,0
Temperate East,CGMP,CG,CGMP_201812_CG,4,2025-01-29,2000-01-24,1,8,0,3
Temperate East,CGMP,CG,CGMP_201812_CG,4,2025-01-29,2000-01-25,1,12,0,5
Temperate East,CGMP,CG,CGMP_201812_CG,4,2025-01-29,2000-01-26,1,2,0,0
Temperate East,CGMP,CG,CGMP_201812_CG,4,2025-01-29,2000-01-27,1,4,0,0
Temperate East,CGMP,CG,CGMP_201812_CG,5,2025-02-05,2000-01-28,1,3,0,0
Temperate East,CGMP,CG,CGMP_201812_CG,5,2025-02-05,2000-01-29,1,3,0,0
Temperate East,CGMP,CG,CGMP_201812_CG,5,2025-02-05,2000-01-30,1,0,0,0
Temperate East,CGMP,CG,CGMP_201812_CG,5,2025-02-05,2000-01-31,1,1,0,0
Temperate East,CGMP,CG,CGMP_201812_CG,5,2025-02-05,2000-02-01,1,1,0,1
Temperate East,CGMP,CG,CGMP_201812_CG,5,2025-02-05,2000-02-02,1,12,0,4
Temperate East,CGMP,CG,CGMP_201812_CG,5,2025-02-05,2000-02-03,1,5,0,1
Temperate East,CGMP,CG,CGMP_201812_CG,6,2025-02-12,2000-02-04,1,0,0,0
Temperate East,CGMP,CG,CGMP_201812_CG,6,2025-02-12,2000-02-05,1,9,1,2
Temperate East,CGMP,CG,CGMP_201812_CG,6,2025-02-12,2000-02-06,1,11,0,5
Temperate East,CGMP,CG,CGMP_201812_CG,6,2025-02-12,2000-02-07,1,8,0,0
Temperate East,CGMP,CG,CGMP_201812_CG,6,2025-02-12,2000-02-08,1,13,0,0
Temperate East,CGMP,CG,CGMP_201812_CG,6,2025-02-12,2000-02-09,1,19,0,2
Temperate East,CGMP,CG,CGMP_201812_CG,6,2025-02-12,2000-02-10,1,2,0,1
Temperate East,CGMP,CG,CGMP_201812_CG,7,2025-02-19,2000-02-11,1,1,0,0
Temperate East,CGMP,CG,CGMP_201812_CG,7,2025-02-19,2000-02-12,1,0,0,0
Temperate East,CGMP,CG,CGMP_201812_CG,7,2025-02-19,2000-02-13,1,0,0,0
Temperate East,CGMP,CG,CGMP_201812_CG,7,2025-02-19,2000-02-14,1,1,0,0
Temperate East,CGMP,CG,CGMP_201812_CG,7,2025-02-19,2000-02-15,1,0,0,0
Temperate East,CGMP,CG,CGMP_201812_CG,7,2025-02-19,2000-02-16,1,14,0,0
Temperate East,CGMP,CG,CGMP_201812_CG,7,2025-02-19,2000-02-17,1,8,0,0
Temperate East,CGMP,CG,CGMP_201812_CG,8,2025-02-26,2000-02-18,1,0,0,0
Temperate East,CGMP,CG,CGMP_201812_CG,8,2025-02-26,2000-02-19,1,4,0,1
Temperate East,CGMP,CG,CGMP_201812_CG,8,2025-02-26,2000-02-20,1,8,0,2
Temperate East,CGMP,CG,CGMP_201812_CG,50,2025-12-16,2000-12-12,1,5,0,0
Temperate East,CGMP,CG,CGMP_201812_CG,50,2025-12-16,2000-12-13,1,2,0,1
Temperate East,CGMP,CG,CGMP_201812_CG,50,2025-12-16,2000-12-14,1,0,0,0
Temperate East,CGMP,CG,CGMP_201812_CG,50,2025-12-16,2000-12-15,1,0,0,0
Temperate East,CGMP,CG,CGMP_201812_CG,50,2025-12-16,2000-12-16,1,1,0,1
Temperate East,CGMP,CG,CGMP_201812_CG,51,2025-12-23,2000-12-17,1,1,0,1
Temperate East,CGMP,CG,CGMP_201812_CG,51,2025-12-23,2000-12-18,1,9,0,0
Temperate East,CGMP,CG,CGMP_201812_CG,51,2025-12-23,2000-12-19,1,15,0,3
Temperate East,CGMP,CG,CGMP_201812_CG,51,2025-12-23,2000-12-20,1,12,0,1
Temperate East,CGMP,CG,CGMP_201812_CG,51,2025-12-23,2000-12-21,1,2,0,0
Temperate East,CGMP,CG,CGMP_201812_CG,51,2025-12-23,2000-12-22,1,4,0,0
Temperate East,CGMP,CG,CGMP_201812_CG,51,2025-12-23,2000-12-23,1,0,0,0
Temperate East,CGMP,CG,CGMP_201812_CG,52,2025-12-30,2000-12-24,1,7,0,0
Temperate East,CGMP,CG,CGMP_201812_CG,52,2025-12-30,2000-12-25,1,7,0,0
Temperate East,CGMP,CG,CGMP_201812_CG,52,2025-12-30,2000-12-26,1,2,0,0
Temperate East,CGMP,CG,CGMP_201812_CG,52,2025-12-30,2000-12-27,1,2,0,0
Temperate East,CGMP,CG,CGMP_201812_CG,52,2025-12-30,2000-12-28,1,1,0,0
Temperate East,CGMP,CG,CGMP_201812_CG,52,2025-12-30,2000-12-29,1,1,0,0
Temperate East,CGMP,CG,CGMP_201812_CG,52,2025-12-30,2000-12-30,1,3,0,0
Temperate East,CGMP,CG,CGMP_201904_CG,15,2025-04-15,2000-04-11,1,0,0,0
Temperate East,CGMP,CG,CGMP_201904_CG,15,2025-04-15,2000-04-12,1,0,0,0
Temperate East,CGMP,CG,CGMP_201904_CG,15,2025-04-15,2000-04-13,1,0,0,0
Temperate East,CGMP,CG,CGMP_201904_CG,15,2025-04-15,2000-04-14,1,0,0,0
Temperate East,CGMP,CG,CGMP_201904_CG,16,2025-04-22,2000-04-15,1,0,0,0
Temperate East,CGMP,CG,CGMP_201904_CG,16,2025-04-22,2000-04-16,1,0,0,0
Temperate East,CGMP,CG,CGMP_201904_CG,16,2025-04-22,2000-04-17,1,7,0,2
Temperate East,CGMP,CG,CGMP_201904_CG,16,2025-04-22,2000-04-18,1,3,0,2
Temperate East,CGMP,CG,CGMP_201904_CG,16,2025-04-22,2000-04-19,1,10,1,7
Temperate East,CGMP,CG,CGMP_201904_CG,16,2025-04-22,2000-04-20,1,11,1,8
Temperate East,CGMP,CG,CGMP_201904_CG,16,2025-04-22,2000-04-21,1,8,1,4
Temperate East,CGMP,CG,CGMP_201904_CG,17,2025-04-29,2000-04-22,1,11,0,9
Temperate East,CGMP,CG,CGMP_201904_CG,17,2025-04-29,2000-04-23,1,5,0,1
Temperate East,CGMP,CG,CGMP_201904_CG,17,2025-04-29,2000-04-24,1,11,1,10
Temperate East,CGMP,CG,CGMP_201904_CG,17,2025-04-29,2000-04-25,1,14,2,12
Temperate East,CGMP,CG,CGMP_201904_CG,17,2025-04-29,2000-04-26,1,9,2,4
Temperate East,CGMP,CG,CGMP_201904_CG,17,2025-04-29,2000-04-27,1,2,0,0
Temperate East,CGMP,CG,CGMP_201904_CG,17,2025-04-29,2000-04-28,1,9,1,6
Temperate East,CGMP,CG,CGMP_201904_CG,18,2025-05-06,2000-04-29,1,8,0,3
Temperate East,CGMP,CG,CGMP_201904_CG,18,2025-05-06,2000-04-30,1,8,0,2
Temperate East,CGMP,CG,CGMP_201904_CG,18,2025-05-06,2000-05-01,1,9,0,2
Temperate East,CGMP,CG,CGMP_201904_CG,18,2025-05-06,2000-05-02,1,2,0,0
Temperate East,CGMP,CG,CGMP_201904_CG,18,2025-05-06,2000-05-03,1,1,0,0
Temperate East,CGMP,CG,CGMP_201904_CG,18,2025-05-06,2000-05-04,1,2,1,2
Temperate East,CGMP,CG,CGMP_201904_CG,18,2025-05-06,2000-05-05,1,1,0,1
Temperate East,CGMP,CG,CGMP_201904_CG,19,2025-05-13,2000-05-06,1,1,0,0
Temperate East,CGMP,CG,CGMP_201904_CG,19,2025-05-13,2000-05-07,1,10,1,4
Temperate East,CGMP,CG,CGMP_201904_CG,19,2025-05-13,2000-05-08,1,9,1,5
Temperate East,CGMP,CG,CGMP_201904_CG,19,2025-05-13,2000-05-09,1,10,0,9
Temperate East,CGMP,CG,CGMP_201904_CG,19,2025-05-13,2000-05-10,1,2,0,3
Temperate East,CGMP,CG,CGMP_201904_CG,19,2025-05-13,2000-05-11,1,1,0,0
Temperate East,CGMP,CG,CGMP_201904_CG,19,2025-05-13,2000-05-12,1,0,0,0
Temperate East,CGMP,CG,CGMP_201904_CG,20,2025-05-20,2000-05-13,1,2,1,2
Temperate East,CGMP,CG,CGMP_201904_CG,20,2025-05-20,2000-05-14,1,17,4,14
Temperate East,CGMP,CG,CGMP_201904_CG,20,2025-05-20,2000-05-15,1,2,1,1
Temperate East,CGMP,CG,CGMP_201904_CG,20,2025-05-20,2000-05-16,1,5,0,2
Temperate East,CGMP,CG,CGMP_201904_CG,20,2025-05-20,2000-05-17,1,13,3,8
Temperate East,CGMP,CG,CGMP_201904_CG,20,2025-05-20,2000-05-18,1,11,3,5
Temperate East,CGMP,CG,CGMP_201904_CG,20,2025-05-20,2000-05-19,1,14,1,8
Temperate East,CGMP,CG,CGMP_201904_CG,21,2025-05-27,2000-05-20,1,7,0,3
Temperate East,CGMP,CG,CGMP_201904_CG,21,2025-05-27,2000-05-21,1,9,2,6
Temperate East,CGMP,CG,CGMP_201904_CG,21,2025-05-27,2000-05-22,1,16,2,11
Temperate East,CGMP,CG,CGMP_201904_CG,21,2025-05-27,2000-05-23,1,17,2,14
Temperate East,CGMP,CG,CGMP_201904_CG,21,2025-05-27,2000-05-24,1,8,1,5
Temperate East,CGMP,CG,CGMP_201904_CG,21,2025-05-27,2000-05-25,1,19,1,7
Temperate East,CGMP,CG,CGMP_201904_CG,21,2025-05-27,2000-05-26,1,6,0,3
Temperate East,CGMP,CG,CGMP_201904_CG,22,2025-06-03,2000-05-27,1,4,0,2
Temperate East,CGMP,CG,CGMP_201904_CG,22,2025-06-03,2000-05-28,1,2,0,1
Temperate East,CGMP,CG,CGMP_201904_CG,22,2025-06-03,2000-05-29,1,4,0,0
Temperate East,CGMP,CG,CGMP_201904_CG,22,2025-06-03,2000-05-30,1,1,0,1
Temperate East,CGMP,CG,CGMP_201904_CG,22,2025-06-03,2000-05-31,1,8,0,6
Temperate East,CGMP,CG,CGMP_201904_CG,22,2025-06-03,2000-06-01,1,1,0,1
Temperate East,CGMP,CG,CGMP_201904_CG,22,2025-06-03,2000-06-02,1,2,0,2
Temperate East,CGMP,CG,CGMP_201904_CG,23,2025-06-10,2000-06-03,1,3,0,1
Temperate East,CGMP,CG,CGMP_201904_CG,23,2025-06-10,2000-06-04,1,0,0,0
Temperate East,CGMP,CG,CGMP_201904_CG,23,2025-06-10,2000-06-05,1,2,1,2
Temperate East,CGMP,CG,CGMP_201904_CG,23,2025-06-10,2000-06-06,1,0,0,0
Temperate East,CGMP,CG,CGMP_201904_CG,23,2025-06-10,2000-06-07,1,2,0,1
Temperate East,CGMP,CG,CGMP_201904_CG,23,2025-06-10,2000-06-08,1,12,0,6
Temperate East,CGMP,CG,CGMP_201904_CG,23,2025-06-10,2000-06-09,1,14,1,9
Temperate East,CGMP,CG,CGMP_201904_CG,24,2025-06-17,2000-06-10,1,9,3,9
Temperate East,CGMP,CG,CGMP_201904_CG,24,2025-06-17,2000-06-11,1,19,2,10
Temperate East,CGMP,CG,CGMP_201904_CG,24,2025-06-17,2000-06-12,1,8,1,4
Temperate East,CGMP,CG,CGMP_201904_CG,24,2025-06-17,2000-06-13,1,15,2,9
Temperate East,CGMP,CG,CGMP_201904_CG,24,2025-06-17,2000-06-14,1,9,3,7
Temperate East,CGMP,CG,CGMP_201904_CG,24,2025-06-17,2000-06-15,1,17,3,15
Temperate East,CGMP,CG,CGMP_201904_CG,24,2025-06-17,2000-06-16,1,9,0,5
Temperate East,CGMP,CG,CGMP_201904_CG,25,2025-06-24,2000-06-17,1,0,0,0
Temperate East,CGMP,CG,CGMP_201904_CG,25,2025-06-24,2000-06-18,1,6,1,4
Temperate East,CGMP,CG,CGMP_201904_CG,25,2025-06-24,2000-06-19,1,0,0,0
Temperate East,CGMP,CG,CGMP_201904_CG,25,2025-06-24,2000-06-20,1,4,1,4
Temperate East,CGMP,CG,CGMP_201904_CG,25,2025-06-24,2000-06-21,1,6,1,5
Temperate East,CGMP,CG,CGMP_201904_CG,25,2025-06-24,2000-06-22,1,3,0,2
Temperate East,CGMP,CG,CGMP_201904_CG,25,2025-06-24,2000-06-23,1,2,0,2
Temperate East,CGMP,CG,CGMP_201904_CG,26,2025-07-01,2000-06-24,1,1,0,1
Temperate East,SIMP,EP,SIMP_201808_EP,32,2025-08-12,2000-08-10,1,17,0,3
Temperate East,SIMP,EP,SIMP_201808_EP,32,2025-08-12,2000-08-11,1,13,1,6
Temperate East,SIMP,EP,SIMP_201808_EP,32,2025-08-12,2000-08-12,1,8,0,0
Temperate East,SIMP,EP,SIMP_201808_EP,33,2025-08-19,2000-08-13,1,0,0,0
Temperate East,SIMP,EP,SIMP_201808_EP,33,2025-08-19,2000-08-14,1,15,1,3
Temperate East,SIMP,EP,SIMP_201808_EP,33,2025-08-19,2000-08-15,1,5,0,2
Temperate East,SIMP,EP,SIMP_201808_EP,33,2025-08-19,2000-08-16,1,8,0,0
Temperate East,SIMP,EP,SIMP_201808_EP,33,2025-08-19,2000-08-17,1,6,0,3
Temperate East,SIMP,EP,SIMP_201808_EP,33,2025-08-19,2000-08-18,1,18,2,11
Temperate East,SIMP,EP,SIMP_201808_EP,33,2025-08-19,2000-08-19,1,4,0,0
Temperate East,SIMP,EP,SIMP_201808_EP,34,2025-08-26,2000-08-20,1,0,0,0
Temperate East,SIMP,EP,SIMP_201808_EP,34,2025-08-26,2000-08-21,1,0,0,0
Temperate East,SIMP,EP,SIMP_201808_EP,34,2025-08-26,2000-08-22,1,1,0,1
Temperate East,SIMP,EP,SIMP_201808_EP,34,2025-08-26,2000-08-23,1,4,0,0
Temperate East,SIMP,EP,SIMP_201808_EP,34,2025-08-26,2000-08-24,1,4,0,1
Temperate East,SIMP,EP,SIMP_201808_EP,34,2025-08-26,2000-08-25,1,11,0,1
Temperate East,SIMP,EP,SIMP_201808_EP,34,2025-08-26,2000-08-26,1,9,0,0
Temperate East,SIMP,EP,SIMP_201808_EP,35,2025-09-02,2000-08-27,1,9,0,3
Temperate East,SIMP,EP,SIMP_201808_EP,35,2025-09-02,2000-08-28,1,9,2,5
Temperate East,SIMP,EP,SIMP_201808_EP,35,2025-09-02,2000-08-29,1,21,2,11
Temperate East,SIMP,EP,SIMP_201808_EP,35,2025-09-02,2000-08-30,1,19,1,6
Temperate East,SIMP,EP,SIMP_201808_EP,35,2025-09-02,2000-08-31,1,5,0,3
Temperate East,SIMP,EP,SIMP_201808_EP,35,2025-09-02,2000-09-01,1,7,0,2
Temperate East,SIMP,EP,SIMP_201808_EP,35,2025-09-02,2000-09-02,1,4,0,2
Temperate East,SIMP,EP,SIMP_201808_EP,36,2025-09-09,2000-09-03,1,3,0,1
Temperate East,SIMP,EP,SIMP_201808_EP,36,2025-09-09,2000-09-04,1,0,0,0
Temperate East,SIMP,EP,SIMP_201808_EP,36,2025-09-09,2000-09-05,1,5,0,2
Temperate East,SIMP,EP,SIMP_201808_EP,36,2025-09-09,2000-09-06,1,15,0,5
Temperate East,SIMP,EP,SIMP_201808_EP,36,2025-09-09,2000-09-07,1,3,0,0
Temperate East,SIMP,EP,SIMP_201808_EP,36,2025-09-09,2000-09-08,1,3,0,0
Temperate East,SIMP,EP,SIMP_201808_EP,36,2025-09-09,2000-09-09,1,3,0,0
Temperate East,SIMP,EP,SIMP_201808_EP,37,2025-09-16,2000-09-10,1,7,0,2
Temperate East,SIMP,EP,SIMP_201808_EP,37,2025-09-16,2000-09-11,1,4,0,0
Temperate East,SIMP,EP,SIMP_201808_EP,37,2025-09-16,2000-09-12,1,0,0,0
Temperate East,SIMP,EP,SIMP_201812_EP,1,2025-01-08,2000-01-01,1,1,0,0
Temperate East,SIMP,EP,SIMP_201812_EP,1,2025-01-08,2000-01-02,1,7,2,2
Temperate East,SIMP,EP,SIMP_201812_EP,1,2025-01-08,2000-01-03,1,9,0,3
Temperate East,SIMP,EP,SIMP_201812_EP,1,2025-01-08,2000-01-04,1,3,0,1
Temperate East,SIMP,EP,SIMP_201812_EP,1,2025-01-08,2000-01-05,1,10,0,0
Temperate East,SIMP,EP,SIMP_201812_EP,1,2025-01-08,2000-01-06,1,7,1,3
Temperate East,SIMP,EP,SIMP_201812_EP,1,2025-01-08,2000-12-31,1,5,0,1
Temperate East,SIMP,EP,SIMP_201812_EP,2,2025-01-15,2000-01-07,1,11,0,5
Temperate East,SIMP,EP,SIMP_201812_EP,2,2025-01-15,2000-01-08,1,17,1,6
Temperate East,SIMP,EP,SIMP_201812_EP,2,2025-01-15,2000-01-09,1,8,0,1
Temperate East,SIMP,EP,SIMP_201812_EP,2,2025-01-15,2000-01-10,1,8,0,1
Temperate East,SIMP,EP,SIMP_201812_EP,2,2025-01-15,2000-01-11,1,8,0,1
Temperate East,SIMP,EP,SIMP_201812_EP,2,2025-01-15,2000-01-12,1,10,0,3
Temperate East,SIMP,EP,SIMP_201812_EP,2,2025-01-15,2000-01-13,1,13,4,5
Temperate East,SIMP,EP,SIMP_201812_EP,3,2025-01-22,2000-01-14,1,19,2,9
Temperate East,SIMP,EP,SIMP_201812_EP,3,2025-01-22,2000-01-15,1,14,0,6
Temperate East,SIMP,EP,SIMP_201812_EP,50,2025-12-16,2000-12-12,1,1,1,1
Temperate East,SIMP,EP,SIMP_201812_EP,50,2025-12-16,2000-12-13,1,1,0,1
Temperate East,SIMP,EP,SIMP_201812_EP,50,2025-12-16,2000-12-14,1,0,0,0
Temperate East,SIMP,EP,SIMP_201812_EP,50,2025-12-16,2000-12-15,1,3,0,0
Temperate East,SIMP,EP,SIMP_201812_EP,50,2025-12-16,2000-12-16,1,3,0,0
Temperate East,SIMP,EP,SIMP_201812_EP,51,2025-12-23,2000-12-17,1,0,0,0
Temperate East,SIMP,EP,SIMP_201812_EP,51,2025-12-23,2000-12-18,1,5,0,0
Temperate East,SIMP,EP,SIMP_201812_EP,51,2025-12-23,2000-12-19,1,7,0,1
Temperate East,SIMP,EP,SIMP_201812_EP,51,2025-12-23,2000-12-20,1,1,0,0
Temperate East,SIMP,EP,SIMP_201812_EP,51,2025-12-23,2000-12-21,1,1,0,0
Temperate East,SIMP,EP,SIMP_201812_EP,51,2025-12-23,2000-12-22,1,2,0,1
Temperate East,SIMP,EP,SIMP_201812_EP,51,2025-12-23,2000-12-23,1,0,0,0
Temperate East,SIMP,EP,SIMP_201812_EP,52,2025-12-30,2000-12-24,1,0,0,0
Temperate East,SIMP,EP,SIMP_201812_EP,52,2025-12-30,2000-12-25,1,3,0,0
Temperate East,SIMP,EP,SIMP_201812_EP,52,2025-12-30,2000-12-26,1,12,3,7
Temperate East,SIMP,EP,SIMP_201812_EP,52,2025-12-30,2000-12-27,1,10,1,5
Temperate East,SIMP,EP,SIMP_201812_EP,52,2025-12-30,2000-12-28,1,13,1,3
Temperate East,SIMP,EP,SIMP_201812_EP,52,2025-12-30,2000-12-29,1,8,0,2
Temperate East,SIMP,EP,SIMP_201812_EP,52,2025-12-30,2000-12-30,1,2,0,0
Temperate East,SIMP,EP,SIMP_201906_EP,24,2025-06-17,2000-06-11,1,3,1,1
Temperate East,SIMP,EP,SIMP_201906_EP,24,2025-06-17,2000-06-12,1,10,0,6
Temperate East,SIMP,EP,SIMP_201906_EP,24,2025-06-17,2000-06-13,1,28,16,21
Temperate East,SIMP,EP,SIMP_201906_EP,24,2025-06-17,2000-06-14,1,3,0,0
Temperate East,SIMP,EP,SIMP_201906_EP,24,2025-06-17,2000-06-15,1,20,2,9
Temperate East,SIMP,EP,SIMP_201906_EP,24,2025-06-17,2000-06-16,1,5,0,2
Temperate East,SIMP,EP,SIMP_201906_EP,25,2025-06-24,2000-06-17,1,0,0,0
Temperate East,SIMP,EP,SIMP_201906_EP,25,2025-06-24,2000-06-18,1,1,0,0
Temperate East,SIMP,EP,SIMP_201906_EP,25,2025-06-24,2000-06-19,1,2,0,2
Temperate East,SIMP,EP,SIMP_201906_EP,25,2025-06-24,2000-06-20,1,1,0,0
Temperate East,SIMP,EP,SIMP_201906_EP,25,2025-06-24,2000-06-21,1,5,0,1
Temperate East,SIMP,EP,SIMP_201906_EP,25,2025-06-24,2000-06-22,1,2,0,0
Temperate East,SIMP,EP,SIMP_201906_EP,25,2025-06-24,2000-06-23,1,1,0,0
Temperate East,SIMP,EP,SIMP_201906_EP,26,2025-07-01,2000-06-24,1,2,0,0
Temperate East,SIMP,EP,SIMP_201906_EP,26,2025-07-01,2000-06-25,1,1,0,0
Temperate East,SIMP,EP,SIMP_201906_EP,26,2025-07-01,2000-06-26,1,2,0,2
Temperate East,SIMP,EP,SIMP_201906_EP,26,2025-07-01,2000-06-27,1,0,0,0
Temperate East,SIMP,EP,SIMP_201906_EP,26,2025-07-01,2000-06-28,1,5,0,2
Temperate East,SIMP,EP,SIMP_201906_EP,26,2025-07-01,2000-06-29,1,3,0,1
Temperate East,SIMP,EP,SIMP_201906_EP,26,2025-07-01,2000-06-30,1,2,0,0
Temperate East,SIMP,WP,SIMP_201808_WP,32,2025-08-12,2000-08-10,1,14,0,5
Temperate East,SIMP,WP,SIMP_201808_WP,32,2025-08-12,2000-08-11,1,20,0,8
Temperate East,SIMP,WP,SIMP_201808_WP,32,2025-08-12,2000-08-12,1,2,0,0
Temperate East,SIMP,WP,SIMP_201808_WP,33,2025-08-19,2000-08-13,1,1,0,1
Temperate East,SIMP,WP,SIMP_201808_WP,33,2025-08-19,2000-08-14,1,17,1,2
Temperate East,SIMP,WP,SIMP_201808_WP,33,2025-08-19,2000-08-15,1,7,0,1
Temperate East,SIMP,WP,SIMP_201808_WP,33,2025-08-19,2000-08-16,1,6,1,1
Temperate East,SIMP,WP,SIMP_201808_WP,33,2025-08-19,2000-08-17,1,6,1,3
Temperate East,SIMP,WP,SIMP_201808_WP,33,2025-08-19,2000-08-18,1,25,1,13
Temperate East,SIMP,WP,SIMP_201808_WP,33,2025-08-19,2000-08-19,1,2,0,1
Temperate East,SIMP,WP,SIMP_201808_WP,34,2025-08-26,2000-08-20,1,0,0,0
Temperate East,SIMP,WP,SIMP_201808_WP,34,2025-08-26,2000-08-21,1,0,0,0
Temperate East,SIMP,WP,SIMP_201808_WP,34,2025-08-26,2000-08-22,1,6,0,1
Temperate East,SIMP,WP,SIMP_201808_WP,34,2025-08-26,2000-08-23,1,9,0,2
Temperate East,SIMP,WP,SIMP_201808_WP,34,2025-08-26,2000-08-24,1,6,1,2
Temperate East,SIMP,WP,SIMP_201808_WP,34,2025-08-26,2000-08-25,1,20,0,12
Temperate East,SIMP,WP,SIMP_201808_WP,34,2025-08-26,2000-08-26,1,15,0,1
Temperate East,SIMP,WP,SIMP_201808_WP,35,2025-09-02,2000-08-27,1,13,0,5
Temperate East,SIMP,WP,SIMP_201808_WP,35,2025-09-02,2000-08-28,1,8,5,8
Temperate East,SIMP,WP,SIMP_201808_WP,35,2025-09-02,2000-08-29,1,33,5,25
Temperate East,SIMP,WP,SIMP_201808_WP,35,2025-09-02,2000-08-30,1,22,10,17
Temperate East,SIMP,WP,SIMP_201808_WP,35,2025-09-02,2000-08-31,1,8,0,6
Temperate East,SIMP,WP,SIMP_201808_WP,35,2025-09-02,2000-09-01,1,5,1,3
Temperate East,SIMP,WP,SIMP_201808_WP,35,2025-09-02,2000-09-02,1,3,1,1
Temperate East,SIMP,WP,SIMP_201808_WP,36,2025-09-09,2000-09-03,1,1,0,1
Temperate East,SIMP,WP,SIMP_201808_WP,36,2025-09-09,2000-09-04,1,0,0,0
Temperate East,SIMP,WP,SIMP_201808_WP,36,2025-09-09,2000-09-05,1,4,0,2
Temperate East,SIMP,WP,SIMP_201808_WP,36,2025-09-09,2000-09-06,1,14,1,7
Temperate East,SIMP,WP,SIMP_201808_WP,36,2025-09-09,2000-09-07,1,5,0,0
Temperate East,SIMP,WP,SIMP_201808_WP,36,2025-09-09,2000-09-08,1,1,0,0
Temperate East,SIMP,WP,SIMP_201808_WP,36,2025-09-09,2000-09-09,1,6,0,0
Temperate East,SIMP,WP,SIMP_201808_WP,37,2025-09-16,2000-09-10,1,4,0,1
Temperate East,SIMP,WP,SIMP_201808_WP,37,2025-09-16,2000-09-11,1,0,0,0
Temperate East,SIMP,WP,SIMP_201812_WP,1,2025-01-08,2000-01-01,1,0,0,0
Temperate East,SIMP,WP,SIMP_201812_WP,1,2025-01-08,2000-01-02,1,11,2,5
Temperate East,SIMP,WP,SIMP_201812_WP,1,2025-01-08,2000-01-03,1,9,0,4
Temperate East,SIMP,WP,SIMP_201812_WP,1,2025-01-08,2000-01-04,1,9,0,4
Temperate East,SIMP,WP,SIMP_201812_WP,1,2025-01-08,2000-01-05,1,7,0,0
Temperate East,SIMP,WP,SIMP_201812_WP,1,2025-01-08,2000-01-06,1,9,1,4
Temperate East,SIMP,WP,SIMP_201812_WP,1,2025-01-08,2000-12-31,1,5,0,1
Temperate East,SIMP,WP,SIMP_201812_WP,2,2025-01-15,2000-01-07,1,11,0,7
Temperate East,SIMP,WP,SIMP_201812_WP,2,2025-01-15,2000-01-08,1,23,5,10
Temperate East,SIMP,WP,SIMP_201812_WP,2,2025-01-15,2000-01-09,1,10,0,2
Temperate East,SIMP,WP,SIMP_201812_WP,2,2025-01-15,2000-01-10,1,13,0,5
Temperate East,SIMP,WP,SIMP_201812_WP,2,2025-01-15,2000-01-11,1,9,0,3
Temperate East,SIMP,WP,SIMP_201812_WP,2,2025-01-15,2000-01-12,1,12,1,8
Temperate East,SIMP,WP,SIMP_201812_WP,2,2025-01-15,2000-01-13,1,14,4,5
Temperate East,SIMP,WP,SIMP_201812_WP,3,2025-01-22,2000-01-14,1,12,4,7
Temperate East,SIMP,WP,SIMP_201812_WP,3,2025-01-22,2000-01-15,1,0,0,0
Temperate East,SIMP,WP,SIMP_201812_WP,50,2025-12-16,2000-12-12,1,1,0,0
Temperate East,SIMP,WP,SIMP_201812_WP,50,2025-12-16,2000-12-13,1,1,0,1
Temperate East,SIMP,WP,SIMP_201812_WP,50,2025-12-16,2000-12-14,1,0,0,0
Temperate East,SIMP,WP,SIMP_201812_WP,50,2025-12-16,2000-12-15,1,2,0,0
Temperate East,SIMP,WP,SIMP_201812_WP,50,2025-12-16,2000-12-16,1,2,0,1
Temperate East,SIMP,WP,SIMP_201812_WP,51,2025-12-23,2000-12-17,1,0,0,0
Temperate East,SIMP,WP,SIMP_201812_WP,51,2025-12-23,2000-12-18,1,6,0,1
Temperate East,SIMP,WP,SIMP_201812_WP,51,2025-12-23,2000-12-19,1,7,0,1
Temperate East,SIMP,WP,SIMP_201812_WP,51,2025-12-23,2000-12-20,1,1,0,0
Temperate East,SIMP,WP,SIMP_201812_WP,51,2025-12-23,2000-12-21,1,1,0,1
Temperate East,SIMP,WP,SIMP_201812_WP,51,2025-12-23,2000-12-22,1,2,0,1
Temperate East,SIMP,WP,SIMP_201812_WP,51,2025-12-23,2000-12-23,1,0,0,0
Temperate East,SIMP,WP,SIMP_201812_WP,52,2025-12-30,2000-12-24,1,0,0,0
Temperate East,SIMP,WP,SIMP_201812_WP,52,2025-12-30,2000-12-25,1,3,0,1
Temperate East,SIMP,WP,SIMP_201812_WP,52,2025-12-30,2000-12-26,1,6,2,6
Temperate East,SIMP,WP,SIMP_201812_WP,52,2025-12-30,2000-12-27,1,10,3,4
Temperate East,SIMP,WP,SIMP_201812_WP,52,2025-12-30,2000-12-28,1,12,2,4
Temperate East,SIMP,WP,SIMP_201812_WP,52,2025-12-30,2000-12-29,1,11,0,3
Temperate East,SIMP,WP,SIMP_201812_WP,52,2025-12-30,2000-12-30,1,2,0,0
Temperate East,SIMP,WP,SIMP_201906_WP,24,2025-06-17,2000-06-10,1,0,0,0
Temperate East,SIMP,WP,SIMP_201906_WP,24,2025-06-17,2000-06-11,1,2,0,0
Temperate East,SIMP,WP,SIMP_201906_WP,24,2025-06-17,2000-06-12,1,11,0,3
Temperate East,SIMP,WP,SIMP_201906_WP,24,2025-06-17,2000-06-13,1,13,11,12
Temperate East,SIMP,WP,SIMP_201906_WP,24,2025-06-17,2000-06-14,1,0,0,0
Temperate East,SIMP,WP,SIMP_201906_WP,24,2025-06-17,2000-06-15,1,13,3,7
Temperate East,SIMP,WP,SIMP_201906_WP,24,2025-06-17,2000-06-16,1,4,0,2
Temperate East,SIMP,WP,SIMP_201906_WP,25,2025-06-24,2000-06-17,1,0,0,0
Temperate East,SIMP,WP,SIMP_201906_WP,25,2025-06-24,2000-06-18,1,1,0,0
Temperate East,SIMP,WP,SIMP_201906_WP,25,2025-06-24,2000-06-19,1,0,0,0
Temperate East,SIMP,WP,SIMP_201906_WP,25,2025-06-24,2000-06-20,1,1,0,0
Temperate East,SIMP,WP,SIMP_201906_WP,25,2025-06-24,2000-06-21,1,1,0,0
Temperate East,SIMP,WP,SIMP_201906_WP,25,2025-06-24,2000-06-22,1,0,0,0
Temperate East,SIMP,WP,SIMP_201906_WP,25,2025-06-24,2000-06-23,1,0,0,0
Temperate East,SIMP,WP,SIMP_201906_WP,26,2025-07-01,2000-06-24,1,1,0,0
Temperate East,SIMP,WP,SIMP_201906_WP,26,2025-07-01,2000-06-25,1,0,0,0
Temperate East,SIMP,WP,SIMP_201906_WP,26,2025-07-01,2000-06-26,1,2,0,2
Temperate East,SIMP,WP,SIMP_201906_WP,26,2025-07-01,2000-06-27,1,0,0,0
Temperate East,SIMP,WP,SIMP_201906_WP,26,2025-07-01,2000-06-28,1,2,0,1
Temperate East,SIMP,WP,SIMP_201906_WP,26,2025-07-01,2000-06-29,1,2,0,2
Temperate East,SIMP,WP,SIMP_201906_WP,26,2025-07-01,2000-06-30,1,2,0,2
Temperate East,SIMP,WP,SIMP_201906_WP,27,2025-07-08,2000-07-01,1,3,0,1
Temperate East,SIMP,WP,SIMP_201906_WP,27,2025-07-08,2000-07-02,1,1,0,0
Temperate East,SIMP,WP,SIMP_201906_WP,27,2025-07-08,2000-07-03,1,0,0,0
Temperate East,SIMP,WP,SIMP_201906_WP,27,2025-07-08,2000-07-04,1,0,0,0
Temperate East,SIMP,WP,SIMP_201906_WP,27,2025-07-08,2000-07-05,1,0,0,0
Temperate East,SIMP,WP,SIMP_201906_WP,27,2025-07-08,2000-07-06,1,0,0,0
Temperate East,SIMP,WP,SIMP_201906_WP,27,2025-07-08,2000-07-07,1,0,0,0
Temperate East,SIMP,WP,SIMP_201906_WP,28,2025-07-15,2000-07-08,1,1,0,1
Temperate East,SIMP,WP,SIMP_201906_WP,28,2025-07-15,2000-07-09,1,7,1,3
Temperate East,SIMP,WP,SIMP_201906_WP,28,2025-07-15,2000-07-10,1,5,0,1
Temperate East,SIMP,WP,SIMP_201906_WP,28,2025-07-15,2000-07-11,1,0,0,0
Temperate East,SIMP,WP,SIMP_201906_WP,28,2025-07-15,2000-07-12,1,4,2,3
Temperate East,SIMP,WP,SIMP_201906_WP,28,2025-07-15,2000-07-13,1,4,3,3
Temperate East,SIMP,WP,SIMP_201906_WP,28,2025-07-15,2000-07-14,1,7,6,7
Temperate East,SIMP,WP,SIMP_201906_WP,29,2025-07-22,2000-07-15,1,3,2,3
Temperate East,SIMP,WP,SIMP_201906_WP,29,2025-07-22,2000-07-16,1,4,2,2
Temperate East,SIMP,WP,SIMP_201906_WP,29,2025-07-22,2000-07-17,1,2,2,2
Temperate East,SIMP,WP,SIMP_201906_WP,29,2025-07-22,2000-07-18,1,3,1,2
Temperate East,SIMP,WP,SIMP_201906_WP,29,2025-07-22,2000-07-19,1,0,0,0
Temperate East,SIMP,WP,SIMP_201906_WP,29,2025-07-22,2000-07-20,1,10,1,5
Temperate East,SIMP,WP,SIMP_201906_WP,29,2025-07-22,2000-07-21,1,4,0,2
Temperate East,SIMP,WP,SIMP_201906_WP,30,2025-07-29,2000-07-22,1,10,0,7
Temperate East,SIMP,WP,SIMP_201906_WP,30,2025-07-29,2000-07-23,1,13,0,5
Temperate East,SIMP,WP,SIMP_201906_WP,30,2025-07-29,2000-07-24,1,1,0,0
Temperate East,SIMP,WP,SIMP_201906_WP,30,2025-07-29,2000-07-25,1,0,0,0
Temperate East,SIMP,WP,SIMP_201906_WP,30,2025-07-29,2000-07-26,1,4,2,3
Temperate East,SIMP,WP,SIMP_201906_WP,30,2025-07-29,2000-07-27,1,13,7,8
Temperate East,SIMP,WP,SIMP_201906_WP,30,2025-07-29,2000-07-28,1,7,0,4
Temperate East,SIMP,WP,SIMP_201906_WP,31,2025-08-05,2000-07-29,1,9,2,6
Temperate East,SIMP,WP,SIMP_201906_WP,31,2025-08-05,2000-07-30,1,6,0,1
Temperate East,SIMP,WP,SIMP_201906_WP,31,2025-08-05,2000-07-31,1,0,0,0
Temperate East,SIMP,WP,SIMP_201906_WP,31,2025-08-05,2000-08-01,1,0,0,0
Temperate East,SIMP,WP,SIMP_201906_WP,31,2025-08-05,2000-08-02,1,1,0,0
Temperate East,SIMP,WP,SIMP_201906_WP,31,2025-08-05,2000-08-03,1,12,2,8
Temperate East,SIMP,WP,SIMP_201906_WP,31,2025-08-05,2000-08-04,1,13,1,4
Temperate East,SIMP,WP,SIMP_201906_WP,32,2025-08-12,2000-08-05,1,14,0,7
Temperate East,SIMP,WP,SIMP_201906_WP,32,2025-08-12,2000-08-06,1,12,1,9
Temperate East,SIMP,WP,SIMP_201906_WP,32,2025-08-12,2000-08-07,1,10,1,8
Temperate East,SIMP,WP,SIMP_201906_WP,32,2025-08-12,2000-08-08,1,5,3,4
Temperate East,SIMP,WP,SIMP_201906_WP,32,2025-08-12,2000-08-09,1,4,0,1
