SiteID,Begin_Date,Weekday,Begin_hour,CPA,CPA_M,TA,TA_M,TB,PresentTotal,Low_baleen,Humpback,Mid_baleen,Dolphin,Fish_chorus,SnappingShrimp,Notes2
DNE,9/9/2020,Wednesday,0,0,0,0,0,0,0,0,0,0,0,0,1,
DNE,9/9/2020,Wednesday,1,0,0,0,0,0,0,0,0,0,0,0,1,
DNE,9/9/2020,Wednesday,2,0,0,0,0,0,0,0,0,0,0,0,1,
DNE,9/9/2020,Wednesday,3,0,0,0,0,0,0,0,0,0,0,0,1,
DNE,9/9/2020,Wednesday,4,0,0,0,0,0,0,0,0,0,0,0,1,
DNE,9/9/2020,Wednesday,5,0,0,0,0,0,0,0,0,0,0,0,1,
DNE,9/9/2020,Wednesday,6,0,0,0,0,0,0,0,0,0,0,0,1,
DNE,9/9/2020,Wednesday,7,0,0,0,0,0,0,0,0,0,0,0,1,
DNE,9/9/2020,Wednesday,8,0,0,0,0,0,0,0,0,0,0,0,1,
DNE,9/9/2020,Wednesday,9,0,0,0,0,0,0,0,0,0,0,0,1,
DNE,9/9/2020,Wednesday,10,0,0,0,0,0,0,0,0,0,0,0,1,
DNE,9/9/2020,Wednesday,11,0,1,0,0,0,1,0,1,0,0,0,1,"uk uk mechanical?, fish?; uk uk boat motor"
DNE,9/9/2020,Wednesday,12,0,0,0,1,0,1,0,1,0,0,0,1,uk uk low clicks mn?; uk uk rusty metal; uk uk boat motor
DNE,9/9/2020,Wednesday,13,0,0,0,0,0,0,0,1,0,0,0,1,fish uk low clicks mn?
DNE,9/9/2020,Wednesday,14,0,0,0,0,1,1,0,1,0,0,0,1,fish uk low clicks mn?
DNE,9/9/2020,Wednesday,15,0,0,0,0,0,0,0,1,0,0,0,1,fish uk low clicks mn?; uk uk metal tapping; uk uk scraping/tapping
DNE,9/9/2020,Wednesday,16,0,0,0,0,0,0,0,1,0,0,0,1,fish uk low clicks mn?; uk uk machine whirring; uk uk metal tapping
DNE,9/9/2020,Wednesday,17,0,0,0,0,0,0,0,1,0,0,0,1,fish uk low clicks mn?; uk uk low rattling
DNE,9/9/2020,Wednesday,18,0,0,0,0,0,0,0,1,0,0,0,1,uk uk low rattling; uk uk metal clanging
DNE,9/9/2020,Wednesday,19,0,0,0,0,0,0,0,1,0,0,0,1,uk uk lr
DNE,9/9/2020,Wednesday,20,0,0,0,0,0,0,0,1,0,0,0,1,uk uk lr; uk uk squeak prob mn
DNE,9/9/2020,Wednesday,21,0,0,0,0,0,0,0,1,0,0,1,1,uk uk chirp prob mn
DNE,9/9/2020,Wednesday,22,0,0,0,0,0,0,0,1,0,0,1,1,
DNE,9/9/2020,Wednesday,23,0,0,0,0,0,0,0,1,0,0,0,1,uk uk creak
DNE,9/10/2020,Thursday,0,0,0,0,0,0,0,0,1,0,0,0,1,uk uk lr
DNE,9/10/2020,Thursday,1,0,0,0,0,0,0,0,1,0,0,0,1,uk uk lr
DNE,9/10/2020,Thursday,2,0,0,0,0,0,0,0,1,0,0,0,1,
DNE,9/10/2020,Thursday,3,0,0,0,0,0,0,0,1,0,0,0,1,uk uk lr
DNE,9/10/2020,Thursday,4,0,0,0,0,0,0,0,1,0,0,0,1,
DNE,9/10/2020,Thursday,5,0,0,0,0,0,0,0,1,0,0,0,1,uk uk lr
DNE,9/10/2020,Thursday,6,0,0,0,0,0,0,0,1,0,0,0,1,uk uk lr
DNE,9/10/2020,Thursday,7,0,0,0,0,0,0,0,1,0,0,0,1,uk uk lr
DNE,9/10/2020,Thursday,8,0,0,0,0,0,0,0,1,0,0,0,1,uk uk lr
DNE,9/10/2020,Thursday,9,0,0,0,0,0,0,0,1,0,0,0,1,uk uk lr; uk uk squeak mn?
DNE,9/10/2020,Thursday,10,0,0,0,0,1,1,0,0,0,0,0,1,
DNE,9/10/2020,Thursday,11,0,0,0,0,0,0,0,1,0,0,0,1,uk uk lr
DNE,9/10/2020,Thursday,12,0,0,0,0,0,0,0,1,0,0,0,1,uk uk lr
DNE,9/10/2020,Thursday,13,0,0,0,0,0,0,0,1,0,0,0,1,uk uk lr; uk uk metal clang
DNE,9/10/2020,Thursday,14,0,0,0,0,0,0,0,1,0,0,0,1,uk uk lr
DNE,9/10/2020,Thursday,15,0,0,0,0,0,0,0,1,0,0,0,1,uk uk lr
DNE,9/10/2020,Thursday,16,0,0,0,0,0,0,0,1,0,0,1,1,uk uk lr
DNE,9/10/2020,Thursday,17,0,0,0,0,0,0,0,1,0,0,1,1,uk uk lr; uk uk lr
DNE,9/10/2020,Thursday,18,0,0,0,0,0,0,0,1,0,0,0,1,
DNE,9/10/2020,Thursday,19,0,0,0,0,0,0,0,1,0,0,0,1,uk uk lr
DNE,9/10/2020,Thursday,20,0,0,0,0,0,0,0,1,0,0,0,1,uk uk lr
DNE,9/10/2020,Thursday,21,0,0,0,0,0,0,0,1,0,0,1,1,uk uk lr
DNE,9/10/2020,Thursday,22,0,0,0,0,0,0,0,1,0,0,1,1,
DNE,9/10/2020,Thursday,23,0,0,0,0,0,0,0,1,0,0,0,1,
DNE,9/11/2020,Friday,0,0,0,0,0,0,0,0,1,0,0,0,1,
DNE,9/11/2020,Friday,1,0,0,0,0,0,0,0,1,0,0,0,1,
DNE,9/11/2020,Friday,2,0,0,0,0,0,0,0,1,0,0,0,1,uk uk lr
DNE,9/11/2020,Friday,3,0,0,0,0,0,0,0,1,0,0,0,1,uk uk lr
DNE,9/11/2020,Friday,4,0,0,0,0,0,0,0,1,0,0,0,1,uk uk lr; uk uk chittering mn?
DNE,9/11/2020,Friday,5,0,0,0,0,0,0,0,1,0,0,0,1,uk uk lr; uk uk lr
DNE,9/11/2020,Friday,6,0,0,0,0,0,0,0,1,0,0,0,1,uk uk lr
DNE,9/11/2020,Friday,7,0,0,0,0,0,0,0,1,0,0,0,1,uk uk lr
DNE,9/11/2020,Friday,8,0,0,0,0,0,0,0,1,0,0,0,1,uk uk lr
DNE,9/11/2020,Friday,9,0,0,0,0,0,0,0,1,0,0,0,1,uk uk lr
DNE,9/11/2020,Friday,10,0,0,0,0,0,0,0,1,0,0,0,1,uk uk lr
DNE,9/11/2020,Friday,11,0,0,0,0,0,0,0,1,0,0,0,1,uk uk lr
DNE,9/11/2020,Friday,12,0,0,0,1,0,1,0,1,0,0,1,1,fish p lr; uk uk shuffling; uk uk fast clicking
DNE,9/11/2020,Friday,13,0,0,0,1,0,1,0,1,0,0,0,1,uk uk bellow (prob mn); uk uk possible fish
DNE,9/11/2020,Friday,14,0,0,0,0,0,0,0,1,0,0,1,1,
DNE,9/11/2020,Friday,15,0,0,0,0,0,0,0,1,0,0,1,1,
DNE,9/11/2020,Friday,16,0,0,0,1,0,1,0,1,0,0,0,1,uk uk chittering
DNE,9/11/2020,Friday,17,0,0,0,0,0,0,0,1,0,0,1,1,uk uk chittering
DNE,9/11/2020,Friday,18,0,0,0,0,0,0,0,1,0,0,0,1,
DNE,9/11/2020,Friday,19,0,0,0,0,0,0,0,1,0,0,0,1,
DNE,9/11/2020,Friday,20,0,0,0,0,0,0,0,1,0,0,0,1,
DNE,9/11/2020,Friday,21,0,0,0,0,0,0,0,1,0,0,1,1,
DNE,9/11/2020,Friday,22,0,0,0,0,0,0,0,1,0,0,1,1,
DNE,9/11/2020,Friday,23,0,0,0,0,0,0,0,1,0,0,0,1,
DNE,9/12/2020,Saturday,0,0,0,0,0,0,0,0,1,0,0,0,1,
DNE,9/12/2020,Saturday,1,0,0,0,0,0,0,0,1,0,0,0,1,
DNE,9/12/2020,Saturday,2,0,0,0,0,0,0,0,1,0,0,0,1,
DNE,9/12/2020,Saturday,3,0,0,0,0,0,0,0,1,0,0,0,1,
DNE,9/12/2020,Saturday,4,0,0,0,0,0,0,0,1,0,0,0,1,
DNE,9/12/2020,Saturday,5,0,0,0,0,0,0,0,1,0,0,0,1,
DNE,9/12/2020,Saturday,6,0,0,0,0,0,0,0,1,0,0,0,1,
DNE,9/12/2020,Saturday,7,0,0,0,0,0,0,0,1,0,0,0,1,
DNE,9/12/2020,Saturday,8,0,0,0,0,0,0,0,1,0,0,0,1,
DNE,9/12/2020,Saturday,9,0,0,0,1,0,1,0,1,0,0,1,1,
DNE,9/12/2020,Saturday,10,0,0,0,0,0,0,0,1,0,0,0,1,
DNE,9/12/2020,Saturday,11,0,0,0,0,0,0,0,1,0,0,0,1,
DNE,9/12/2020,Saturday,12,0,0,0,1,0,1,0,1,0,0,1,1,uk uk vessel?
DNE,9/12/2020,Saturday,13,0,0,0,0,0,0,0,1,0,0,0,1,
DNE,9/12/2020,Saturday,14,0,0,0,1,0,1,0,1,0,0,0,1,
DNE,9/12/2020,Saturday,15,0,0,0,0,0,0,0,1,0,0,0,1,
DNE,9/12/2020,Saturday,16,0,0,0,0,0,0,0,1,0,0,0,1,
DNE,9/12/2020,Saturday,17,0,0,0,0,0,0,0,1,0,0,0,1,
DNE,9/12/2020,Saturday,18,0,0,0,0,0,0,0,1,0,0,0,1,
DNE,9/12/2020,Saturday,19,0,0,0,0,0,0,0,1,0,0,0,1,
DNE,9/12/2020,Saturday,20,0,0,0,0,0,0,0,1,0,0,0,1,
DNE,9/12/2020,Saturday,21,0,0,0,0,0,0,0,1,0,0,1,1,
DNE,9/12/2020,Saturday,22,0,0,0,0,0,0,0,1,0,0,1,1,
DNE,9/12/2020,Saturday,23,0,0,0,0,0,0,0,1,0,0,0,1,
DNE,9/13/2020,Sunday,0,0,0,0,0,0,0,0,1,0,0,0,1,uk uk possible baleen or airgun
DNE,9/13/2020,Sunday,1,0,0,0,0,0,0,0,1,0,0,0,1,
DNE,9/13/2020,Sunday,2,0,0,0,0,0,0,0,1,0,0,0,1,
DNE,9/13/2020,Sunday,3,0,0,0,0,0,0,0,1,0,0,0,1,
DNE,9/13/2020,Sunday,4,0,0,0,0,0,0,0,1,0,0,0,1,
DNE,9/13/2020,Sunday,5,0,0,0,0,0,0,0,1,0,0,1,1,uk uk chittering
DNE,9/13/2020,Sunday,6,0,0,0,0,0,0,0,1,0,0,0,1,uk uk chittering
DNE,9/13/2020,Sunday,7,0,0,0,0,0,0,0,1,0,0,0,1,
DNE,9/13/2020,Sunday,8,0,0,0,0,0,0,0,1,0,0,0,1,
DNE,9/13/2020,Sunday,9,0,0,0,0,0,0,0,1,0,0,1,1,
DNE,9/13/2020,Sunday,10,0,0,0,0,0,0,0,1,0,0,0,1,
DNE,9/13/2020,Sunday,11,0,0,0,0,0,0,0,1,0,0,0,1,
DNE,9/13/2020,Sunday,12,0,0,0,0,0,0,0,1,0,0,0,1,
DNE,9/13/2020,Sunday,13,0,0,0,0,0,0,0,1,0,0,0,1,fish p chorus [JM]
DNE,9/13/2020,Sunday,14,0,0,0,0,0,0,0,1,0,0,0,1,fish p chorus [JM]
DNE,9/13/2020,Sunday,15,0,0,0,0,0,0,0,1,0,0,0,1,
DNE,9/13/2020,Sunday,16,0,0,0,0,0,0,0,1,0,0,0,1,fish p chorusing [JM]; uk uk call? -- probably dolphins but leave uk for now [JM]; uk u chittering; uk uk scratching; uk uk creaking/clicking
DNE,9/13/2020,Sunday,17,0,0,0,0,0,0,0,1,0,0,0,1,uk uk chittering
DNE,9/13/2020,Sunday,18,0,0,0,0,0,0,0,1,0,0,0,1,uk uk chittering
DNE,9/13/2020,Sunday,19,0,0,0,0,0,0,0,1,0,0,0,1,uk uk chittering
DNE,9/13/2020,Sunday,20,0,0,0,0,0,0,0,1,0,0,0,1,
DNE,9/13/2020,Sunday,21,0,0,0,0,1,1,0,1,0,0,1,1,
DNE,9/13/2020,Sunday,22,0,0,0,0,0,0,0,1,0,0,1,1,
DNE,9/13/2020,Sunday,23,0,0,0,0,0,0,0,1,0,0,0,1,
DNE,9/14/2020,Monday,0,0,0,0,0,0,0,0,1,0,0,0,1,
DNE,9/14/2020,Monday,1,0,0,0,0,0,0,0,1,0,0,0,1,
DNE,9/14/2020,Monday,2,0,0,0,0,0,0,0,1,0,0,0,1,
DNE,9/14/2020,Monday,3,0,0,0,0,0,0,0,1,0,0,0,1,
DNE,9/14/2020,Monday,4,0,0,0,0,0,0,0,1,0,0,0,1,
DNE,9/14/2020,Monday,5,0,0,0,0,0,0,0,1,0,0,0,1,
DNE,9/14/2020,Monday,6,0,0,0,0,0,0,0,1,0,0,0,1,
DNE,9/14/2020,Monday,7,0,0,0,0,0,0,0,1,0,0,0,1,
DNE,9/14/2020,Monday,8,0,0,0,0,0,0,0,1,0,0,0,1,
DNE,9/14/2020,Monday,9,0,0,0,0,0,0,0,1,0,0,0,1,
DNE,9/14/2020,Monday,10,0,0,0,0,0,0,0,1,0,0,0,1,
DNE,9/14/2020,Monday,11,0,0,0,0,0,0,0,1,0,0,0,1,
DNE,9/14/2020,Monday,12,0,0,0,0,0,0,0,1,0,0,0,1,
DNE,9/14/2020,Monday,13,0,0,0,0,0,0,0,1,0,0,0,1,
DNE,9/14/2020,Monday,14,0,0,0,0,0,0,0,1,0,0,0,1,
DNE,9/14/2020,Monday,15,0,0,0,0,0,0,0,1,0,0,0,1,
DNE,9/14/2020,Monday,16,0,0,0,0,0,0,0,1,0,0,0,1,
DNE,9/14/2020,Monday,17,0,0,0,0,0,0,0,1,0,0,0,1,
DNE,9/14/2020,Monday,18,0,0,0,0,0,0,0,1,0,0,0,1,
DNE,9/14/2020,Monday,19,0,0,0,0,0,0,0,1,0,0,0,1,
DNE,9/14/2020,Monday,20,0,0,0,0,0,0,0,1,0,0,0,1,
DNE,9/14/2020,Monday,21,0,0,0,0,0,0,0,1,0,0,1,1,
DNE,9/14/2020,Monday,22,0,0,0,0,0,0,0,1,0,0,1,1,
DNE,9/14/2020,Monday,23,0,0,0,0,1,1,0,1,0,0,0,1,
DNE,9/15/2020,Tuesday,0,0,0,0,0,0,0,0,1,0,0,0,1,
DNE,9/15/2020,Tuesday,1,0,0,0,0,0,0,0,1,0,0,0,1,
DNE,9/15/2020,Tuesday,2,0,0,0,0,0,0,0,1,0,0,0,1,
DNE,9/15/2020,Tuesday,3,0,0,0,0,0,0,0,1,0,0,0,1,fish p chittering
DNE,9/15/2020,Tuesday,4,0,0,0,0,0,0,0,1,0,0,0,1,
DNE,9/15/2020,Tuesday,5,0,0,0,0,0,0,0,1,0,0,0,1,
DNE,9/15/2020,Tuesday,6,0,0,0,0,0,0,0,1,0,0,0,1,
DNE,9/15/2020,Tuesday,7,0,0,0,0,0,0,0,1,0,0,0,1,
DNE,9/15/2020,Tuesday,8,0,0,0,0,0,0,0,1,0,0,0,1,
DNE,9/15/2020,Tuesday,9,0,0,0,0,0,0,0,1,0,0,0,1,
DNE,9/15/2020,Tuesday,10,0,0,0,0,1,1,0,1,0,0,0,1,"uk uk slapping, anthro?"
DNE,9/15/2020,Tuesday,11,0,0,0,0,1,1,0,1,0,0,0,1,"uk uk slapping, loud"
DNE,9/15/2020,Tuesday,12,0,0,0,0,0,0,0,1,0,0,0,1,"uk uk slapping, anthro"
DNE,9/15/2020,Tuesday,13,0,0,0,0,0,0,0,1,0,0,0,1,"uk uk slapping, anthro?; fish p chittering"
DNE,9/15/2020,Tuesday,14,0,0,0,0,0,0,0,1,0,0,0,1,
DNE,9/15/2020,Tuesday,15,0,0,0,0,0,0,0,1,0,0,0,1,
DNE,9/15/2020,Tuesday,16,0,0,0,0,0,0,0,1,0,0,0,1,
DNE,9/15/2020,Tuesday,17,0,0,0,0,0,0,0,1,0,0,0,1,"uk uk slapping, anthro"
DNE,9/15/2020,Tuesday,18,0,0,0,0,0,0,0,1,0,0,0,1,"uk uk slapping, anthro"
DNE,9/15/2020,Tuesday,19,0,0,0,0,0,0,0,1,0,0,0,1,fish uk chittering
DNE,9/15/2020,Tuesday,20,0,0,0,0,0,0,0,1,0,0,0,1,
DNE,9/15/2020,Tuesday,21,0,0,0,0,0,0,0,1,0,0,1,1,
DNE,9/15/2020,Tuesday,22,0,0,0,0,1,1,0,1,0,0,1,1,
DNE,9/15/2020,Tuesday,23,0,0,0,0,0,0,0,1,0,0,1,1,uk uk possible bal or airguns?
DNE,9/16/2020,Wednesday,0,0,0,0,0,1,1,0,1,0,0,1,1,uk uk possible bal or airguns?; bal uk possible bal - send to Gen!
DNE,9/16/2020,Wednesday,1,0,0,0,0,0,0,0,1,0,0,1,1,
DNE,9/16/2020,Wednesday,2,0,0,0,0,0,0,0,1,0,0,1,1,bal uk possible bal
DNE,9/16/2020,Wednesday,3,0,0,1,0,0,1,0,1,0,0,1,1,uk uk lr fish?
DNE,9/16/2020,Wednesday,4,0,0,0,0,0,0,0,1,0,0,0,1,uk uk boat
DNE,9/16/2020,Wednesday,5,0,0,0,0,0,0,0,1,0,0,1,1,
DNE,9/16/2020,Wednesday,6,0,0,0,0,0,0,0,1,0,0,1,1,
DNE,9/16/2020,Wednesday,7,0,0,0,0,0,0,0,1,0,0,1,1,
DNE,9/16/2020,Wednesday,8,0,0,0,0,0,0,0,1,0,0,1,1,uk uk lr fish?
DNE,9/16/2020,Wednesday,9,0,0,0,0,0,0,0,1,0,0,1,1,uk uk lr fish?
DNE,9/16/2020,Wednesday,10,0,0,0,0,0,0,0,1,0,0,1,1,uk uk possible bal or airguns
DNE,9/16/2020,Wednesday,11,0,0,0,0,0,0,0,1,0,0,1,1,
DNE,9/16/2020,Wednesday,12,0,0,0,0,0,0,0,1,0,0,1,1,
DNE,9/16/2020,Wednesday,13,0,0,0,0,0,0,0,1,0,0,1,1,
DNE,9/16/2020,Wednesday,14,0,0,0,1,0,1,0,1,0,0,1,1,uk uk lr fish?
DNE,9/16/2020,Wednesday,15,0,0,0,0,0,0,0,1,0,0,1,1,uk uk lr fish?
DNE,9/16/2020,Wednesday,16,0,0,0,0,0,0,0,1,0,0,1,1,uk uk lr fish? bal? -- send to Gen
DNE,9/16/2020,Wednesday,17,0,0,0,0,0,0,0,1,0,0,1,1,
DNE,9/16/2020,Wednesday,18,0,0,0,0,0,0,0,1,0,0,1,1,uk uk possible bal
DNE,9/16/2020,Wednesday,19,0,0,0,0,0,0,0,1,0,0,1,1,uk uk lr fish?
DNE,9/16/2020,Wednesday,20,0,0,0,0,0,0,0,1,0,0,1,1,uk uk lr fish?
DNE,9/16/2020,Wednesday,21,0,0,0,0,0,0,0,1,0,0,1,1,
DNE,9/16/2020,Wednesday,22,0,0,0,0,0,0,0,1,0,0,1,1,
DNE,9/16/2020,Wednesday,23,0,0,0,0,1,1,0,1,0,0,0,1,
DNE,9/17/2020,Thursday,0,0,0,0,0,0,0,0,1,0,0,0,1,uk uk possible bal?
DNE,9/17/2020,Thursday,1,0,0,0,0,0,0,0,1,0,0,0,1,
DNE,9/17/2020,Thursday,2,0,0,0,0,0,0,0,1,0,0,0,1,uk uk lf fish?
DNE,9/17/2020,Thursday,3,0,0,0,0,0,0,0,1,0,0,1,1,
DNE,9/17/2020,Thursday,4,0,0,0,0,0,0,0,1,0,0,0,1,
DNE,9/17/2020,Thursday,5,0,0,0,0,0,0,0,1,0,0,0,1,
DNE,9/17/2020,Thursday,6,0,0,0,0,0,0,0,1,0,0,0,1,
DNE,9/17/2020,Thursday,7,0,0,0,0,0,0,0,1,0,0,1,1,
DNE,9/17/2020,Thursday,8,0,0,0,0,1,1,0,1,0,0,1,1,
DNE,9/17/2020,Thursday,9,0,0,0,0,0,0,0,1,0,0,0,1,
DNE,9/17/2020,Thursday,10,0,0,0,0,0,0,0,1,0,0,1,1,
DNE,9/17/2020,Thursday,11,0,0,0,0,0,0,0,1,0,0,1,1,uk uk possible bal maybe fish?
DNE,9/17/2020,Thursday,12,0,0,0,0,0,0,0,1,0,0,1,1,uk uk slapping
DNE,9/17/2020,Thursday,13,0,0,0,0,0,0,0,1,0,0,1,1,
DNE,9/17/2020,Thursday,14,0,0,0,0,0,0,0,1,0,0,1,1,
DNE,9/17/2020,Thursday,15,0,0,0,0,0,0,0,1,0,0,1,1,
DNE,9/17/2020,Thursday,16,0,0,0,0,0,0,0,1,0,0,1,1,
DNE,9/17/2020,Thursday,17,0,0,0,0,0,0,0,1,0,0,1,1,uk uk bal? mn?
DNE,9/17/2020,Thursday,18,0,0,0,0,0,0,0,1,0,0,1,1,bal uk bal? mn? -- send to Gen; uk uk bal? could be airgun again?
DNE,9/17/2020,Thursday,19,0,0,0,0,0,0,0,1,0,0,1,1,
DNE,9/17/2020,Thursday,20,0,0,0,0,0,0,0,1,0,0,1,1,
DNE,9/17/2020,Thursday,21,0,0,0,0,0,0,0,1,0,0,1,1,
DNE,9/17/2020,Thursday,22,0,0,0,0,0,0,0,1,0,0,1,1,
DNE,9/17/2020,Thursday,23,0,0,0,0,0,0,0,1,0,0,0,1,fish p also maybe something ~80 Hz?
DNE,9/18/2020,Friday,0,0,0,0,0,0,0,0,1,0,0,0,1,uk uk possible bal?
DNE,9/18/2020,Friday,1,0,0,0,0,0,0,0,1,0,0,0,1,
DNE,9/18/2020,Friday,2,0,0,0,0,0,0,0,1,0,0,0,1,
DNE,9/18/2020,Friday,3,0,0,1,0,0,1,0,1,0,0,1,1,
DNE,9/18/2020,Friday,4,0,0,0,0,0,0,0,1,0,0,1,1,
DNE,9/18/2020,Friday,5,0,0,0,0,0,0,0,1,0,0,1,1,
DNE,9/18/2020,Friday,6,0,0,0,0,0,0,0,1,0,0,0,1,
DNE,9/18/2020,Friday,7,0,0,0,0,0,0,0,1,0,0,0,1,uk uk bal?
DNE,9/18/2020,Friday,8,0,0,0,0,0,0,0,1,0,0,1,1,
DNE,9/18/2020,Friday,9,0,0,0,0,0,0,0,1,0,0,1,1,
DNE,9/18/2020,Friday,10,0,0,0,0,0,0,0,1,0,0,1,1,
DNE,9/18/2020,Friday,11,0,0,0,0,0,0,0,1,0,0,1,1,
DNE,9/18/2020,Friday,12,0,0,0,0,0,0,0,1,0,0,0,1,
DNE,9/18/2020,Friday,13,0,0,0,0,0,0,0,1,0,0,0,1,
DNE,9/18/2020,Friday,14,0,0,0,0,0,0,0,1,0,0,1,1,
DNE,9/18/2020,Friday,15,0,0,0,0,0,0,0,1,0,0,1,1,
DNE,9/18/2020,Friday,16,0,0,0,0,1,1,0,1,0,0,1,1,
DNE,9/18/2020,Friday,17,0,0,0,0,0,0,0,1,0,0,1,1,
DNE,9/18/2020,Friday,18,0,0,0,0,0,0,0,1,0,0,1,1,
DNE,9/18/2020,Friday,19,0,0,0,0,0,0,0,1,0,0,1,1,
DNE,9/18/2020,Friday,20,0,0,0,0,0,0,0,1,0,0,0,1,
DNE,9/18/2020,Friday,21,0,0,0,0,0,0,0,1,0,0,1,1,
DNE,9/18/2020,Friday,22,0,0,0,0,0,0,0,1,0,0,1,1,
DNE,9/18/2020,Friday,23,0,0,1,0,0,1,0,1,0,0,1,1,
DNE,9/19/2020,Saturday,0,,,,,,,0,1,0,0,1,1,
DNE,9/19/2020,Saturday,1,,,,,,,0,1,0,0,1,1,uk uk minke? fish?; uk uk fish? possible bal?; uk uk possible bal?
DNE,9/19/2020,Saturday,2,,,,,,,0,1,0,0,1,1,uk uk bal? minke?
DNE,9/19/2020,Saturday,3,,,,,,,0,1,0,0,1,1,
DNE,9/19/2020,Saturday,4,,,,,,,0,1,0,0,1,1,
DNE,9/19/2020,Saturday,5,,,,,,,0,1,0,0,1,1,
DNE,9/19/2020,Saturday,6,,,,,,,0,1,0,0,1,1,
DNE,9/19/2020,Saturday,7,,,,,,,0,1,0,0,1,1,uk uk minke? bal?
DNE,9/19/2020,Saturday,8,,,,,,,0,1,0,0,1,1,uk uk possible bal or fish
DNE,9/19/2020,Saturday,9,,,,,,,0,1,0,0,1,1,
DNE,9/19/2020,Saturday,10,,,,,,,0,1,0,0,1,1,
DNE,9/19/2020,Saturday,11,,,,,,,0,1,0,0,1,1,
DNE,9/19/2020,Saturday,12,,,,,,,0,1,0,0,1,1,
DNE,9/19/2020,Saturday,13,,,,,,,0,1,0,0,1,1,
DNE,9/19/2020,Saturday,14,,,,,,,0,1,0,0,0,1,
DNE,9/19/2020,Saturday,15,,,,,,,0,1,0,0,1,1,
DNE,9/19/2020,Saturday,16,,,,,,,0,1,0,0,1,1,
DNE,9/19/2020,Saturday,17,,,,,,,0,1,0,0,1,1,
DNE,9/19/2020,Saturday,18,,,,,,,0,1,0,0,1,1,
DNE,9/19/2020,Saturday,19,,,,,,,0,1,0,0,1,1,
DNE,9/19/2020,Saturday,20,,,,,,,0,1,0,0,0,1,uk uk fish? bal?
DNE,9/19/2020,Saturday,21,,,,,,,0,1,0,0,1,1,
DNE,9/19/2020,Saturday,22,,,,,,,0,1,0,0,1,1,
DNE,9/19/2020,Saturday,23,,,,,,,0,1,0,0,1,1,
DNE,9/20/2020,Sunday,0,0,0,0,0,0,0,0,1,0,0,1,1,
DNE,9/20/2020,Sunday,1,0,0,0,0,0,0,0,1,0,0,1,1,
DNE,9/20/2020,Sunday,2,0,0,0,0,0,0,0,1,0,0,0,1,uk uk fish? bal?
DNE,9/20/2020,Sunday,3,0,0,0,0,0,0,0,1,0,0,1,1,
DNE,9/20/2020,Sunday,4,0,0,0,0,0,0,0,1,0,0,1,1,
DNE,9/20/2020,Sunday,5,0,0,0,0,0,0,0,1,0,0,1,1,
DNE,9/20/2020,Sunday,6,0,0,0,0,0,0,0,1,0,0,1,1,
DNE,9/20/2020,Sunday,7,0,0,0,0,0,0,0,1,0,0,1,1,
DNE,9/20/2020,Sunday,8,0,0,0,0,0,0,0,1,0,0,0,1,uk uk potential mn or bal; uk uk bal? fish?
DNE,9/20/2020,Sunday,9,0,0,0,0,0,0,0,1,0,0,1,1,
DNE,9/20/2020,Sunday,10,0,0,0,0,0,0,0,1,0,0,1,1,
DNE,9/20/2020,Sunday,11,0,0,1,0,0,1,0,1,0,0,1,1,
DNE,9/20/2020,Sunday,12,0,0,0,0,0,0,0,1,0,0,1,1,
DNE,9/20/2020,Sunday,13,0,0,0,1,0,1,0,1,0,0,1,1,
DNE,9/20/2020,Sunday,14,0,0,0,0,0,0,0,1,0,0,0,1,
DNE,9/20/2020,Sunday,15,0,0,0,0,0,0,0,1,0,0,1,1,
DNE,9/20/2020,Sunday,16,0,0,0,0,0,0,0,1,0,0,1,1,
DNE,9/20/2020,Sunday,17,0,0,0,0,0,0,0,1,0,0,1,1,
DNE,9/20/2020,Sunday,18,0,0,0,0,0,0,0,1,0,0,1,1,
DNE,9/20/2020,Sunday,19,0,0,0,0,0,0,0,1,0,0,1,1,
DNE,9/20/2020,Sunday,20,0,0,0,0,0,0,0,1,0,0,0,1,
DNE,9/20/2020,Sunday,21,0,0,0,0,0,0,0,1,0,0,1,1,
DNE,9/20/2020,Sunday,22,0,0,0,0,0,0,0,1,0,0,1,1,
DNE,9/20/2020,Sunday,23,0,0,0,1,0,1,0,1,0,0,1,1,
DNE,9/21/2020,Monday,0,0,0,0,0,0,0,0,1,0,0,1,1,
DNE,9/21/2020,Monday,1,0,0,0,0,0,0,0,1,0,0,1,1,
DNE,9/21/2020,Monday,2,0,0,0,0,0,0,0,1,0,0,0,1,
DNE,9/21/2020,Monday,3,0,0,0,0,0,0,0,1,0,0,1,1,uk uk fish possible bal?
DNE,9/21/2020,Monday,4,0,0,0,0,0,0,0,1,0,0,1,1,
DNE,9/21/2020,Monday,5,0,0,0,0,0,0,0,1,0,0,1,1,
DNE,9/21/2020,Monday,6,0,0,0,0,0,0,0,1,0,0,1,1,
DNE,9/21/2020,Monday,7,0,0,0,0,0,0,0,1,0,0,1,1,
DNE,9/21/2020,Monday,8,0,0,0,0,0,0,0,1,0,0,1,1,
DNE,9/21/2020,Monday,9,0,0,0,0,0,0,0,1,0,0,0,1,
DNE,9/21/2020,Monday,10,0,0,0,0,0,0,0,1,0,0,1,1,
DNE,9/21/2020,Monday,11,0,0,0,0,0,0,0,1,0,0,1,1,
DNE,9/21/2020,Monday,12,0,0,0,0,0,0,0,1,0,0,1,1,
DNE,9/21/2020,Monday,13,0,0,0,0,0,0,0,1,0,0,1,1,
DNE,9/21/2020,Monday,14,0,0,0,0,0,0,0,1,0,0,0,1,uk uk bal?; uk uk bal?
DNE,9/21/2020,Monday,15,0,0,0,0,0,0,0,1,0,0,0,1,uk uk bal?
DNE,9/21/2020,Monday,16,0,0,0,0,1,1,0,1,0,0,1,1,
DNE,9/21/2020,Monday,17,0,0,0,0,0,0,0,1,0,0,1,1,
DNE,9/21/2020,Monday,18,0,0,0,0,0,0,0,1,0,0,1,1,
DNE,9/21/2020,Monday,19,0,0,0,0,1,1,0,1,0,0,1,1,
DNE,9/21/2020,Monday,20,0,0,0,0,0,0,0,1,0,0,1,1,
DNE,9/21/2020,Monday,21,0,0,0,0,0,0,0,1,0,0,1,1,
DNE,9/21/2020,Monday,22,0,0,0,0,0,0,0,1,0,0,1,1,
DNE,9/21/2020,Monday,23,0,0,0,0,0,0,0,1,0,0,1,1,
DNE,9/22/2020,Tuesday,0,0,0,0,0,0,0,0,1,0,0,1,1,
DNE,9/22/2020,Tuesday,1,0,0,0,0,0,0,0,1,0,0,1,1,
DNE,9/22/2020,Tuesday,2,0,0,0,0,0,0,0,1,0,0,1,1,
DNE,9/22/2020,Tuesday,3,0,0,0,0,0,0,0,1,0,0,1,1,"uk uk possible bal?; uk uk bal, minke?"
DNE,9/22/2020,Tuesday,4,0,0,0,0,0,0,0,1,0,0,1,1,"uk uk fish, possible bal"
DNE,9/22/2020,Tuesday,5,0,0,0,0,0,0,0,1,0,0,1,1,
DNE,9/22/2020,Tuesday,6,0,0,0,0,0,0,0,1,0,0,1,1,
DNE,9/22/2020,Tuesday,7,0,0,0,0,0,0,0,1,0,0,1,1,
DNE,9/22/2020,Tuesday,8,0,0,0,0,0,0,0,1,0,0,1,1,uk uk possible bal
DNE,9/22/2020,Tuesday,9,0,0,0,0,0,0,0,1,0,0,1,1,
DNE,9/22/2020,Tuesday,10,0,0,0,0,0,0,0,1,0,0,0,1,
DNE,9/22/2020,Tuesday,11,0,0,0,0,0,0,0,0,0,0,1,1,
DNE,9/22/2020,Tuesday,12,0,0,0,0,0,0,0,1,0,0,1,1,
DNE,9/22/2020,Tuesday,13,0,0,0,0,0,0,0,1,0,0,1,1,
DNE,9/22/2020,Tuesday,14,0,0,0,0,0,0,0,0,0,0,1,1,
DNE,9/22/2020,Tuesday,15,0,0,0,0,0,0,0,1,0,0,1,1,
DNE,9/22/2020,Tuesday,16,0,0,0,0,1,1,0,1,0,0,1,1,
DNE,9/22/2020,Tuesday,17,0,0,0,0,0,0,0,1,0,0,1,1,
DNE,9/22/2020,Tuesday,18,0,0,0,0,0,0,0,1,0,0,1,1,
DNE,9/22/2020,Tuesday,19,0,0,0,0,0,0,0,1,0,0,1,1,
DNE,9/22/2020,Tuesday,20,0,0,0,0,0,0,0,1,0,0,1,1,
DNE,9/22/2020,Tuesday,21,0,0,0,0,0,0,0,1,0,0,1,1,
DNE,9/22/2020,Tuesday,22,0,0,0,0,0,0,0,1,0,0,1,1,uk uk possible bal; uk uk bal
DNE,9/22/2020,Tuesday,23,0,0,0,0,0,0,0,1,0,0,1,1,
DNE,9/23/2020,Wednesday,0,0,0,0,0,0,0,0,1,0,0,1,1,
DNE,9/23/2020,Wednesday,1,0,0,0,0,0,0,0,1,0,0,1,1,
DNE,9/23/2020,Wednesday,2,0,0,0,0,0,0,0,1,0,0,1,1,
DNE,9/23/2020,Wednesday,3,0,0,0,1,0,1,0,1,0,0,1,1,"uk uk fish?, possible bal"
DNE,9/23/2020,Wednesday,4,0,0,0,0,0,0,0,1,0,0,0,1,uk uk bal?; uk uk minke?
DNE,9/23/2020,Wednesday,5,0,0,0,0,0,0,0,1,0,0,1,1,
DNE,9/23/2020,Wednesday,6,0,0,0,0,0,0,0,1,0,0,1,1,
DNE,9/23/2020,Wednesday,7,0,0,0,0,0,0,0,1,0,0,1,1,
DNE,9/23/2020,Wednesday,8,0,0,0,0,0,0,0,1,0,0,1,1,
DNE,9/23/2020,Wednesday,9,0,0,0,0,0,0,0,1,0,0,1,1,
DNE,9/23/2020,Wednesday,10,0,0,0,0,0,0,0,1,0,0,0,1,uk uk low growling; uk uk possible bal?
DNE,9/23/2020,Wednesday,11,0,0,0,0,0,0,0,1,0,0,1,1,
DNE,9/23/2020,Wednesday,12,0,0,0,0,0,0,0,1,0,0,0,1,
DNE,9/23/2020,Wednesday,13,0,0,0,0,1,1,0,1,0,0,1,1,
DNE,9/23/2020,Wednesday,14,0,0,0,0,0,0,0,1,0,0,0,1,
DNE,9/23/2020,Wednesday,15,0,0,0,0,0,0,0,1,0,0,0,1,
DNE,9/23/2020,Wednesday,16,0,0,1,0,0,1,0,1,0,0,0,1,
DNE,9/23/2020,Wednesday,17,0,0,0,0,0,0,0,1,0,0,0,1,
DNE,9/23/2020,Wednesday,18,0,0,0,0,0,0,0,1,0,0,1,1,
DNE,9/23/2020,Wednesday,19,0,0,0,0,0,0,0,1,0,0,1,1,
DNE,9/23/2020,Wednesday,20,0,0,0,0,0,0,0,1,0,0,1,1,
DNE,9/23/2020,Wednesday,21,0,0,0,0,0,0,0,1,0,0,1,1,
DNE,9/23/2020,Wednesday,22,0,0,0,0,0,0,0,1,0,0,1,1,"uk uk tapping, anthropogenic?"
DNE,9/23/2020,Wednesday,23,0,0,0,0,0,0,0,1,0,0,1,1,
DNE,9/24/2020,Thursday,0,0,0,0,0,0,0,0,1,0,0,1,1,
DNE,9/24/2020,Thursday,1,0,0,0,0,0,0,0,1,0,0,1,1,
DNE,9/24/2020,Thursday,2,0,0,0,0,0,0,0,1,0,0,1,1,
DNE,9/24/2020,Thursday,3,0,0,0,0,0,0,0,1,0,0,1,1,
DNE,9/24/2020,Thursday,4,0,0,0,0,0,0,0,1,0,0,1,1,uk uk bal?
DNE,9/24/2020,Thursday,5,0,0,1,0,0,1,0,1,0,0,0,1,
DNE,9/24/2020,Thursday,6,0,0,0,0,0,0,0,1,0,0,1,1,
DNE,9/24/2020,Thursday,7,0,0,0,0,0,0,0,1,0,0,1,1,
DNE,9/24/2020,Thursday,8,0,1,0,0,0,1,0,1,0,0,1,1,uk uk anthropogenic
DNE,9/24/2020,Thursday,9,0,0,0,1,0,1,0,1,0,0,1,1,
DNE,9/24/2020,Thursday,10,0,0,0,0,0,0,0,1,0,0,1,1,uk uk low pulse
DNE,9/24/2020,Thursday,11,0,0,0,0,0,0,0,1,0,0,1,1,
DNE,9/24/2020,Thursday,12,0,0,1,0,0,1,0,0,0,0,1,1,
DNE,9/24/2020,Thursday,13,0,0,0,0,0,0,0,1,0,0,1,1,
DNE,9/24/2020,Thursday,14,0,0,1,0,0,1,0,1,0,0,1,1,
DNE,9/24/2020,Thursday,15,0,0,0,0,0,0,0,1,0,0,1,1,
DNE,9/24/2020,Thursday,16,0,0,0,0,0,0,0,1,0,0,0,1,uk uk low pulse
DNE,9/24/2020,Thursday,17,0,0,0,0,1,1,0,1,0,0,1,1,
DNE,9/24/2020,Thursday,18,0,0,0,0,0,0,0,1,0,0,1,1,uk uk low pulse
DNE,9/24/2020,Thursday,19,0,0,0,0,0,0,0,1,0,0,0,1,
DNE,9/24/2020,Thursday,20,0,0,0,0,0,0,0,1,0,0,1,1,
DNE,9/24/2020,Thursday,21,0,0,0,0,0,0,0,1,0,0,1,1,
DNE,9/24/2020,Thursday,22,0,0,0,0,0,0,0,1,0,0,1,1,
DNE,9/24/2020,Thursday,23,0,0,0,0,0,0,0,1,0,0,1,1,
DNE,9/25/2020,Friday,0,0,0,0,0,0,0,0,1,0,0,1,1,
DNE,9/25/2020,Friday,1,0,0,0,0,0,0,0,1,0,0,0,1,
DNE,9/25/2020,Friday,2,0,0,0,0,0,0,0,1,0,0,0,1,
DNE,9/25/2020,Friday,3,0,0,0,0,1,1,0,1,0,0,0,1,
DNE,9/25/2020,Friday,4,0,0,0,0,0,0,0,1,0,0,0,1,
DNE,9/25/2020,Friday,5,0,0,0,0,0,0,0,1,0,0,0,1,uk uk possible bal
DNE,9/25/2020,Friday,6,0,0,0,0,1,1,0,1,0,0,0,1,
DNE,9/25/2020,Friday,7,0,0,0,0,0,0,0,1,0,0,0,1,
DNE,9/25/2020,Friday,8,0,0,0,0,0,0,0,1,0,0,1,1,
DNE,9/25/2020,Friday,9,0,0,0,0,0,0,0,1,0,0,1,1,
DNE,9/25/2020,Friday,10,0,0,0,0,0,0,0,1,0,0,0,1,
DNE,9/25/2020,Friday,11,0,0,0,0,0,0,0,1,0,0,0,1,
DNE,9/25/2020,Friday,12,0,0,0,0,0,0,0,1,0,0,0,1,
DNE,9/25/2020,Friday,13,0,0,0,0,1,1,0,1,0,0,0,1,
DNE,9/25/2020,Friday,14,0,0,0,0,0,0,0,1,0,0,0,1,
DNE,9/25/2020,Friday,15,0,0,0,0,0,0,0,1,0,0,0,1,
DNE,9/25/2020,Friday,16,0,0,1,0,0,1,0,1,0,0,0,1,
DNE,9/25/2020,Friday,17,0,0,0,0,0,0,0,1,0,0,0,1,uk uk possible bal; uk uk possible bal
DNE,9/25/2020,Friday,18,0,0,0,0,0,0,0,1,0,0,0,1,uk uk possible bal; uk uk possible bal
DNE,9/25/2020,Friday,19,0,0,0,0,0,0,0,1,0,0,0,1,uk uk possible bal
DNE,9/25/2020,Friday,20,0,0,0,0,0,0,0,1,0,0,0,1,
DNE,9/25/2020,Friday,21,0,0,0,0,0,0,0,1,0,0,0,1,
DNE,9/25/2020,Friday,22,0,0,0,0,0,0,0,1,0,0,0,1,
DNE,9/25/2020,Friday,23,0,0,0,0,0,0,0,1,0,0,0,1,uk uk possible bal
DNE,9/26/2020,Saturday,0,0,0,0,0,0,0,0,1,0,0,0,1,uk uk possible bal
DNE,9/26/2020,Saturday,1,0,0,0,0,0,0,0,1,0,0,0,1,
DNE,9/26/2020,Saturday,2,0,0,0,0,0,0,0,1,0,0,0,1,
DNE,9/26/2020,Saturday,3,0,0,0,0,0,0,0,1,0,0,0,1,"uk uk mn?; uk uk bal? same as 03:07:13 selection; generally weird cool whale stuff happening this hour, send to Gen"
DNE,9/26/2020,Saturday,4,0,0,0,0,0,0,0,1,0,0,0,1,
DNE,9/26/2020,Saturday,5,0,0,0,0,0,0,0,1,0,0,0,1,
DNE,9/26/2020,Saturday,6,0,0,0,0,0,0,0,1,0,0,0,1,
DNE,9/26/2020,Saturday,7,0,0,0,0,0,0,0,1,0,0,0,1,
DNE,9/26/2020,Saturday,8,0,0,0,0,0,0,0,1,0,0,0,1,
DNE,9/26/2020,Saturday,9,0,0,0,0,0,0,0,1,0,0,0,1,
DNE,9/26/2020,Saturday,10,0,0,0,0,0,0,0,1,0,0,0,1,
DNE,9/26/2020,Saturday,11,0,0,0,0,0,0,0,1,0,0,0,1,
DNE,9/26/2020,Saturday,12,0,0,0,0,0,0,0,1,0,0,0,1,
DNE,9/26/2020,Saturday,13,0,0,0,0,0,0,0,1,0,0,0,1,uk uk bal? minke?
DNE,9/26/2020,Saturday,14,0,0,0,0,0,0,0,1,0,0,0,1,uk uk possible bal
DNE,9/26/2020,Saturday,15,0,0,0,0,0,0,0,1,0,0,0,1,
DNE,9/26/2020,Saturday,16,0,0,0,0,1,1,0,1,0,0,0,1,uk uk possible minke
DNE,9/26/2020,Saturday,17,0,0,0,0,0,0,0,1,0,0,0,1,
DNE,9/26/2020,Saturday,18,0,0,0,0,0,0,0,1,0,0,0,1,
DNE,9/26/2020,Saturday,19,0,0,0,0,0,0,0,1,0,0,0,1,
DNE,9/26/2020,Saturday,20,0,0,0,0,0,0,0,1,0,0,0,1,
DNE,9/26/2020,Saturday,21,0,0,0,0,0,0,0,1,0,0,0,1,
DNE,9/26/2020,Saturday,22,0,0,0,0,0,0,0,1,0,0,0,1,
DNE,9/26/2020,Saturday,23,0,0,0,0,0,0,0,1,0,0,1,1,
DNE,9/27/2020,Sunday,0,0,0,0,1,0,1,0,1,0,0,0,1,
DNE,9/27/2020,Sunday,1,0,0,0,0,0,0,0,1,0,0,0,1,
DNE,9/27/2020,Sunday,2,0,0,0,0,0,0,0,1,0,0,0,1,uk uk possible bal
DNE,9/27/2020,Sunday,3,0,0,0,0,0,0,0,1,0,0,0,1,
DNE,9/27/2020,Sunday,4,0,0,0,0,1,1,0,1,0,0,0,1,uk uk possible bal
DNE,9/27/2020,Sunday,5,0,0,0,0,1,1,0,1,0,0,0,1,
DNE,9/27/2020,Sunday,6,0,0,0,0,0,0,0,1,0,0,0,1,
DNE,9/27/2020,Sunday,7,0,0,0,0,0,0,0,1,0,0,0,1,
DNE,9/27/2020,Sunday,8,0,0,0,0,0,0,0,1,0,0,0,1,
DNE,9/27/2020,Sunday,9,0,0,1,0,0,1,0,1,0,0,0,1,uk uk possible bal
DNE,9/27/2020,Sunday,10,0,0,0,1,0,1,0,1,0,0,0,1,
DNE,9/27/2020,Sunday,11,0,0,0,0,0,0,0,1,0,0,0,1,
DNE,9/27/2020,Sunday,12,0,0,0,0,0,0,0,1,0,0,1,1,
DNE,9/27/2020,Sunday,13,0,0,0,0,0,0,0,1,0,0,1,1,uk uk possible bal
DNE,9/27/2020,Sunday,14,0,0,0,0,0,0,0,1,0,0,1,1,
DNE,9/27/2020,Sunday,15,0,0,0,0,0,0,0,1,0,0,1,1,
DNE,9/27/2020,Sunday,16,0,0,0,0,0,0,0,1,0,0,0,1,uk uk possible bal
DNE,9/27/2020,Sunday,17,0,0,0,0,0,0,0,1,0,0,0,1,
DNE,9/27/2020,Sunday,18,0,0,0,0,0,0,0,1,0,0,0,1,
DNE,9/27/2020,Sunday,19,0,0,0,0,0,0,0,1,0,0,0,1,uk uk possible bal
DNE,9/27/2020,Sunday,20,0,0,0,0,0,0,0,1,0,0,0,1,
DNE,9/27/2020,Sunday,21,0,0,0,0,0,0,0,1,0,0,0,1,
DNE,9/27/2020,Sunday,22,0,0,0,0,0,0,0,1,0,0,0,1,
DNE,9/27/2020,Sunday,23,0,0,0,0,0,0,0,1,0,0,0,1,
DNE,9/28/2020,Monday,0,0,0,0,0,0,0,0,1,0,0,0,1,
DNE,9/28/2020,Monday,1,0,0,0,0,0,0,0,1,0,0,0,1,
DNE,9/28/2020,Monday,2,0,0,0,0,0,0,0,1,0,0,0,1,
DNE,9/28/2020,Monday,3,0,0,0,0,0,0,0,1,0,0,0,1,
DNE,9/28/2020,Monday,4,0,0,0,0,0,0,0,1,0,0,0,1,
DNE,9/28/2020,Monday,5,0,0,0,0,0,0,0,1,0,0,0,1,
DNE,9/28/2020,Monday,6,0,0,0,0,0,0,0,1,0,0,0,1,
DNE,9/28/2020,Monday,7,0,0,0,0,0,0,0,1,0,0,1,1,
DNE,9/28/2020,Monday,8,0,0,0,0,0,0,0,0,0,0,1,1,
DNE,9/28/2020,Monday,9,0,0,0,0,0,0,0,0,0,0,1,1,
DNE,9/28/2020,Monday,10,0,0,0,0,0,0,0,1,0,0,0,1,
DNE,9/28/2020,Monday,11,0,0,0,0,0,0,0,1,0,0,1,1,
DNE,9/28/2020,Monday,12,0,0,0,0,2,1,0,1,0,0,1,1,
DNE,9/28/2020,Monday,13,0,0,0,0,0,0,0,1,0,0,1,1,uk uk possible bal
DNE,9/28/2020,Monday,14,0,0,0,0,0,0,0,1,0,0,1,1,
DNE,9/28/2020,Monday,15,0,0,0,0,0,0,0,1,0,0,1,1,uk uk possible bal
DNE,9/28/2020,Monday,16,0,0,0,0,0,0,0,1,0,0,1,1,
DNE,9/28/2020,Monday,17,0,0,0,0,0,0,0,1,0,0,1,1,
DNE,9/28/2020,Monday,18,0,0,0,0,0,0,0,1,0,0,1,1,
DNE,9/28/2020,Monday,19,0,0,0,0,0,0,0,1,0,0,1,1,
DNE,9/28/2020,Monday,20,0,0,0,0,0,0,0,1,0,0,1,1,
DNE,9/28/2020,Monday,21,0,0,0,0,0,0,0,1,0,0,1,1,
DNE,9/28/2020,Monday,22,0,0,0,0,0,0,0,1,0,0,1,1,
DNE,9/28/2020,Monday,23,0,0,0,0,1,1,0,1,0,0,1,1,
DNE,9/29/2020,Tuesday,0,0,0,0,0,0,0,0,1,0,0,1,1,
DNE,9/29/2020,Tuesday,1,0,0,0,0,0,0,0,1,0,0,1,1,
DNE,9/29/2020,Tuesday,2,0,0,0,0,0,0,0,1,0,0,1,1,
DNE,9/29/2020,Tuesday,3,0,0,0,0,0,0,0,1,0,0,1,1,
DNE,9/29/2020,Tuesday,4,0,0,0,0,0,0,0,1,0,0,1,1,
DNE,9/29/2020,Tuesday,5,0,0,0,0,0,0,0,1,0,0,1,1,
DNE,9/29/2020,Tuesday,6,0,0,0,0,0,0,0,1,0,0,1,1,
DNE,9/29/2020,Tuesday,7,0,0,0,0,0,0,0,1,0,0,1,1,
DNE,9/29/2020,Tuesday,8,0,0,0,0,1,1,0,0,0,0,1,1,
DNE,9/29/2020,Tuesday,9,0,0,1,0,0,1,0,0,0,0,1,1,
DNE,9/29/2020,Tuesday,10,0,0,0,0,0,0,0,1,0,0,1,1,
DNE,9/29/2020,Tuesday,11,0,0,0,2,0,1,0,1,0,0,1,1,uk uk possible bal; uk uk possible bal or mn
DNE,9/29/2020,Tuesday,12,0,0,0,0,0,0,0,1,0,0,1,1,
DNE,9/29/2020,Tuesday,13,0,0,0,0,0,0,0,1,0,0,1,1,
DNE,9/29/2020,Tuesday,14,0,0,0,0,0,0,0,1,0,0,1,1,
DNE,9/29/2020,Tuesday,15,0,0,0,0,0,0,0,1,0,0,1,1,
DNE,9/29/2020,Tuesday,16,0,0,0,0,0,0,0,1,0,0,1,1,
DNE,9/29/2020,Tuesday,17,0,0,0,0,0,0,0,1,0,0,1,1,
DNE,9/29/2020,Tuesday,18,0,0,0,0,0,0,0,1,0,0,1,1,uk uk air gun?
DNE,9/29/2020,Tuesday,19,0,0,0,0,0,0,0,1,0,0,1,1,
DNE,9/29/2020,Tuesday,20,0,0,0,0,1,1,0,1,0,0,1,1,
DNE,9/29/2020,Tuesday,21,0,0,0,0,0,0,0,1,0,0,1,1,
DNE,9/29/2020,Tuesday,22,0,0,0,0,0,0,0,1,0,0,1,1,
DNE,9/29/2020,Tuesday,23,0,0,0,0,0,0,0,1,0,0,1,1,
DNE,9/30/2020,Wednesday,0,0,0,0,0,0,0,0,1,0,0,1,1,uk uk possible bal
DNE,9/30/2020,Wednesday,1,0,0,0,0,1,1,0,0,0,0,0,1,
DNE,9/30/2020,Wednesday,2,0,0,0,0,0,0,0,1,0,0,1,1,
DNE,9/30/2020,Wednesday,3,0,0,0,0,0,0,0,1,0,0,1,1,
DNE,9/30/2020,Wednesday,4,0,0,0,0,0,0,0,1,0,0,1,1,
DNE,9/30/2020,Wednesday,5,0,0,0,0,0,0,0,1,0,0,1,1,
DNE,9/30/2020,Wednesday,6,0,0,0,0,0,0,0,1,0,0,1,1,
DNE,9/30/2020,Wednesday,7,0,0,0,0,1,1,0,1,0,0,1,1,
DNE,9/30/2020,Wednesday,8,0,0,0,0,0,0,0,1,0,0,1,1,
DNE,9/30/2020,Wednesday,9,0,0,0,0,0,0,0,0,0,0,1,1,
DNE,9/30/2020,Wednesday,10,0,0,0,0,1,1,0,1,0,0,1,1,
DNE,9/30/2020,Wednesday,11,0,0,0,0,0,0,0,1,0,0,1,1,uk uk bal? air gun?
DNE,9/30/2020,Wednesday,12,0,0,0,0,0,0,0,1,0,0,1,1,uk uk bal? air gun?
DNE,9/30/2020,Wednesday,13,0,0,0,0,0,0,0,1,0,0,1,1,
DNE,9/30/2020,Wednesday,14,0,0,1,0,0,1,0,1,0,0,1,1,
DNE,9/30/2020,Wednesday,15,0,0,0,0,0,0,0,1,0,0,1,1,
DNE,9/30/2020,Wednesday,16,0,0,1,0,0,1,0,1,0,0,1,1,
DNE,9/30/2020,Wednesday,17,0,0,0,0,0,0,0,1,0,0,1,1,
DNE,9/30/2020,Wednesday,18,0,0,0,0,0,0,0,1,0,0,1,1,
DNE,9/30/2020,Wednesday,19,0,0,0,0,0,0,0,1,0,0,1,1,
DNE,9/30/2020,Wednesday,20,0,0,1,0,0,1,0,1,0,0,1,1,
DNE,9/30/2020,Wednesday,21,0,0,0,0,0,0,0,1,0,0,1,1,
DNE,9/30/2020,Wednesday,22,0,0,0,0,0,0,0,1,0,0,1,1,
DNE,9/30/2020,Wednesday,23,0,0,0,0,0,0,0,1,0,0,1,1,
DNE,10/1/2020,Thursday,0,0,0,1,0,0,1,0,1,0,0,1,1,
DNE,10/1/2020,Thursday,1,0,0,0,0,0,0,0,1,0,0,1,1,
DNE,10/1/2020,Thursday,2,0,0,0,0,1,1,0,1,0,0,1,1,
DNE,10/1/2020,Thursday,3,0,0,0,0,0,0,0,1,0,0,1,1,
DNE,10/1/2020,Thursday,4,0,0,0,0,0,0,0,1,0,0,1,1,
DNE,10/1/2020,Thursday,5,0,0,0,0,1,1,0,1,0,0,1,1,
DNE,10/1/2020,Thursday,6,0,0,0,0,1,1,0,1,0,0,1,1,
DNE,10/1/2020,Thursday,7,0,0,0,0,0,0,0,1,0,0,1,1,
DNE,10/1/2020,Thursday,8,0,0,0,0,0,0,0,1,0,0,1,1,
DNE,10/1/2020,Thursday,9,0,0,0,2,0,1,0,1,0,0,1,1,
DNE,10/1/2020,Thursday,10,0,0,0,1,0,1,0,1,0,0,1,1,
DNE,10/1/2020,Thursday,11,0,0,0,2,0,1,0,1,0,0,1,1,
DNE,10/1/2020,Thursday,12,0,0,0,1,0,1,0,1,0,0,1,1,
DNE,10/1/2020,Thursday,13,0,0,1,1,0,1,0,1,0,0,1,1,
DNE,10/1/2020,Thursday,14,0,0,1,0,0,1,0,1,0,0,1,1,
DNE,10/1/2020,Thursday,15,0,0,0,0,0,0,0,1,0,0,1,1,
DNE,10/1/2020,Thursday,16,0,0,0,1,0,1,0,1,0,0,1,1,
DNE,10/1/2020,Thursday,17,0,0,0,0,0,0,0,1,0,0,1,1,
DNE,10/1/2020,Thursday,18,0,0,0,0,0,0,0,1,0,0,1,1,uk uk bal? air gun?
DNE,10/1/2020,Thursday,19,0,0,0,0,0,0,0,1,0,0,1,1,
DNE,10/1/2020,Thursday,20,0,0,0,0,0,0,0,1,0,0,1,1,
DNE,10/1/2020,Thursday,21,0,0,0,0,0,0,0,1,0,0,1,1,
DNE,10/1/2020,Thursday,22,0,0,0,0,0,0,0,1,0,0,1,1,
DNE,10/1/2020,Thursday,23,0,0,0,0,0,0,0,1,0,0,1,1,
DNE,10/2/2020,Friday,0,0,0,0,0,0,0,0,1,0,0,1,1,
DNE,10/2/2020,Friday,1,0,0,0,0,0,0,0,1,0,0,1,1,
DNE,10/2/2020,Friday,2,0,0,0,0,1,1,0,1,0,0,1,1,
DNE,10/2/2020,Friday,3,0,0,0,0,0,0,0,1,0,0,1,1,
DNE,10/2/2020,Friday,4,0,0,0,0,0,0,0,1,0,0,1,1,
DNE,10/2/2020,Friday,5,0,0,0,0,0,0,0,1,0,0,1,1,
DNE,10/2/2020,Friday,6,0,0,0,0,0,0,0,1,0,0,1,1,
DNE,10/2/2020,Friday,7,0,0,0,0,0,0,0,1,0,0,1,1,uk uk possible bal
DNE,10/2/2020,Friday,8,0,0,0,0,0,0,0,1,0,0,1,1,
DNE,10/2/2020,Friday,9,0,0,0,0,0,0,0,1,0,0,1,1,
DNE,10/2/2020,Friday,10,0,0,0,0,0,0,0,1,0,0,1,1,
DNE,10/2/2020,Friday,11,0,0,0,0,0,0,0,0,0,0,1,1,
DNE,10/2/2020,Friday,12,0,0,0,0,0,0,0,0,0,0,1,1,
DNE,10/2/2020,Friday,13,0,0,0,0,0,0,0,0,0,0,1,1,
DNE,10/2/2020,Friday,14,0,0,0,0,0,0,0,1,0,0,1,1,
DNE,10/2/2020,Friday,15,0,0,0,0,0,0,0,1,0,0,1,1,
DNE,10/2/2020,Friday,16,0,0,0,0,0,0,0,1,0,0,1,1,
DNE,10/2/2020,Friday,17,0,0,0,0,0,0,0,0,0,0,1,1,
DNE,10/2/2020,Friday,18,0,0,0,0,0,0,0,0,0,0,1,1,
DNE,10/2/2020,Friday,19,0,0,0,0,0,0,0,0,0,0,1,1,
DNE,10/2/2020,Friday,20,0,0,0,0,0,0,0,0,0,0,1,1,
DNE,10/2/2020,Friday,21,0,0,0,0,0,0,0,0,0,0,1,1,
DNE,10/2/2020,Friday,22,0,0,0,0,0,0,0,1,0,0,1,1,
DNE,10/2/2020,Friday,23,0,0,0,0,0,0,0,1,0,0,1,1,
DNE,10/3/2020,Saturday,0,0,0,0,0,0,0,0,1,0,0,1,1,
DNE,10/3/2020,Saturday,1,0,0,0,0,0,0,0,1,0,0,0,1,uk uk possible bal
DNE,10/3/2020,Saturday,2,0,0,0,0,0,0,0,1,0,0,0,1,
DNE,10/3/2020,Saturday,3,0,0,0,0,0,0,0,1,0,0,1,1,
DNE,10/3/2020,Saturday,4,0,0,0,0,0,0,0,1,0,0,1,1,
DNE,10/3/2020,Saturday,5,0,0,0,0,0,0,0,1,0,0,1,1,
DNE,10/3/2020,Saturday,6,0,0,0,0,0,0,0,1,0,0,1,1,
DNE,10/3/2020,Saturday,7,0,0,0,0,0,0,0,1,0,0,1,1,uk uk possible bal
DNE,10/3/2020,Saturday,8,0,0,0,0,0,0,0,1,0,0,1,1,
DNE,10/3/2020,Saturday,9,0,0,0,0,1,1,0,1,0,0,1,1,
DNE,10/3/2020,Saturday,10,0,0,0,0,0,0,0,1,0,0,1,1,
DNE,10/3/2020,Saturday,11,0,0,0,0,0,0,0,1,0,0,1,1,
DNE,10/3/2020,Saturday,12,0,0,0,0,0,0,0,1,0,0,1,1,
DNE,10/3/2020,Saturday,13,0,0,0,0,0,0,0,1,0,0,1,1,
DNE,10/3/2020,Saturday,14,0,0,0,0,1,1,0,1,0,0,1,1,
DNE,10/3/2020,Saturday,15,0,0,0,0,0,0,0,1,0,0,1,1,
DNE,10/3/2020,Saturday,16,0,0,0,0,0,0,0,1,0,0,1,1,
DNE,10/3/2020,Saturday,17,0,0,0,0,0,0,0,1,0,0,1,1,
DNE,10/3/2020,Saturday,18,0,0,0,0,2,1,0,1,0,0,1,1,
DNE,10/3/2020,Saturday,19,0,0,0,0,0,0,0,1,0,0,1,1,uk uk possible bal
DNE,10/3/2020,Saturday,20,0,0,0,0,0,0,0,1,0,0,1,1,
DNE,10/3/2020,Saturday,21,0,0,0,0,0,0,0,1,0,0,1,1,
DNE,10/3/2020,Saturday,22,0,0,0,0,0,0,0,1,0,0,1,1,
DNE,10/3/2020,Saturday,23,0,0,0,0,0,0,0,1,0,0,1,1,
DNE,10/4/2020,Sunday,0,0,0,0,0,0,0,0,1,0,0,1,1,
DNE,10/4/2020,Sunday,1,0,0,0,0,0,0,0,1,0,0,0,1,
DNE,10/4/2020,Sunday,2,0,0,0,0,0,0,0,1,0,0,0,1,
DNE,10/4/2020,Sunday,3,0,0,0,0,0,0,0,1,0,0,1,1,
DNE,10/4/2020,Sunday,4,0,0,0,0,0,0,0,1,0,0,1,1,
DNE,10/4/2020,Sunday,5,0,0,0,0,0,0,0,1,0,0,1,1,
DNE,10/4/2020,Sunday,6,0,0,0,0,0,0,0,0,0,0,1,1,
DNE,10/4/2020,Sunday,7,0,0,0,0,0,0,0,0,0,0,1,1,
DNE,10/4/2020,Sunday,8,0,0,0,0,0,0,0,0,0,0,1,1,
DNE,10/4/2020,Sunday,9,0,0,0,0,0,0,0,0,0,0,0,1,
DNE,10/4/2020,Sunday,10,0,0,0,0,0,0,0,0,0,0,1,1,
DNE,10/4/2020,Sunday,11,0,0,0,0,0,0,0,0,0,0,1,1,
DNE,10/4/2020,Sunday,12,0,0,0,0,0,0,0,0,0,0,1,1,
DNE,10/4/2020,Sunday,13,0,0,0,0,0,0,0,1,0,0,1,1,
DNE,10/4/2020,Sunday,14,0,0,0,0,0,0,0,1,0,0,0,1,uk uk possible bal
DNE,10/4/2020,Sunday,15,0,0,0,0,1,1,0,1,0,0,0,1,
DNE,10/4/2020,Sunday,16,0,0,0,0,0,0,0,1,0,0,1,1,
DNE,10/4/2020,Sunday,17,0,0,0,0,0,0,0,1,0,0,1,1,
DNE,10/4/2020,Sunday,18,0,0,0,0,0,0,0,1,0,0,1,1,
DNE,10/4/2020,Sunday,19,0,0,0,0,0,0,0,1,0,0,1,1,
DNE,10/4/2020,Sunday,20,0,0,1,0,0,1,0,1,0,0,1,1,
DNE,10/4/2020,Sunday,21,0,0,0,0,0,0,0,1,0,0,1,1,uk uk mn?
DNE,10/4/2020,Sunday,22,0,0,0,0,0,0,0,1,0,0,1,1,
DNE,10/4/2020,Sunday,23,0,0,0,0,0,0,0,1,0,0,1,1,
DNE,10/5/2020,Monday,0,0,0,0,0,0,0,0,1,0,0,1,1,
DNE,10/5/2020,Monday,1,0,0,0,0,0,0,0,1,0,0,1,1,
DNE,10/5/2020,Monday,2,0,0,0,0,0,0,0,1,0,0,1,1,uk uk possible bal
DNE,10/5/2020,Monday,3,0,0,0,0,0,0,0,1,0,0,0,1,uk uk possible bal
DNE,10/5/2020,Monday,4,0,0,0,0,0,0,0,1,0,0,1,1,
DNE,10/5/2020,Monday,5,0,0,0,0,0,0,0,1,0,0,1,1,
DNE,10/5/2020,Monday,6,0,0,0,0,0,0,0,1,0,0,1,1,
DNE,10/5/2020,Monday,7,0,0,0,0,0,0,0,1,0,0,1,1,
DNE,10/5/2020,Monday,8,0,0,0,0,0,0,0,1,0,0,1,1,
DNE,10/5/2020,Monday,9,0,0,0,0,0,0,0,1,0,0,1,1,
DNE,10/5/2020,Monday,10,0,0,0,0,0,0,0,0,0,0,0,1,
DNE,10/5/2020,Monday,11,0,0,0,0,0,0,0,1,0,0,1,1,
DNE,10/5/2020,Monday,12,0,0,0,0,0,0,0,0,0,0,1,1,
DNE,10/5/2020,Monday,13,0,0,0,0,0,0,0,1,0,0,1,1,
DNE,10/5/2020,Monday,14,0,0,0,0,0,0,0,0,0,0,0,1,
DNE,10/5/2020,Monday,15,0,0,0,0,0,0,0,0,0,0,0,1,
DNE,10/5/2020,Monday,16,0,0,0,0,0,0,0,0,0,0,1,1,
DNE,10/5/2020,Monday,17,0,0,0,0,0,0,0,0,0,0,1,1,
DNE,10/5/2020,Monday,18,0,0,0,0,0,0,0,0,0,0,1,1,
DNE,10/5/2020,Monday,19,0,0,0,0,0,0,0,0,0,0,1,1,
DNE,10/5/2020,Monday,20,0,0,0,0,0,0,0,0,0,0,1,1,
DNE,10/5/2020,Monday,21,0,0,0,0,0,0,0,1,0,0,1,1,
DNE,10/5/2020,Monday,22,0,0,0,0,0,0,0,1,0,0,1,1,uk uk possible bal
DNE,10/5/2020,Monday,23,0,0,0,0,0,0,0,1,0,0,1,1,
DNE,10/6/2020,Tuesday,0,0,0,0,0,0,0,0,1,0,0,1,1,
DNE,10/6/2020,Tuesday,1,0,0,0,0,0,0,0,1,0,0,1,1,
DNE,10/6/2020,Tuesday,2,0,0,0,0,0,0,0,1,0,0,1,1,
DNE,10/6/2020,Tuesday,3,0,0,0,0,0,0,0,1,0,0,0,1,
DNE,10/6/2020,Tuesday,4,0,0,0,0,0,0,0,1,0,0,0,1,
DNE,10/6/2020,Tuesday,5,0,0,0,0,0,0,0,1,0,0,1,1,
DNE,10/6/2020,Tuesday,6,0,0,0,0,0,0,0,1,0,0,1,1,
DNE,10/6/2020,Tuesday,7,0,0,0,0,0,0,0,1,0,0,1,1,
DNE,10/6/2020,Tuesday,8,0,0,0,0,0,0,0,1,0,0,1,1,
DNE,10/6/2020,Tuesday,9,0,0,0,0,0,0,0,0,0,0,1,1,
DNE,10/6/2020,Tuesday,10,0,0,0,0,0,0,0,0,0,0,0,1,
DNE,10/6/2020,Tuesday,11,0,0,0,0,0,0,0,0,0,0,1,1,
DNE,10/6/2020,Tuesday,12,0,0,0,0,0,0,0,0,0,0,1,1,
DNE,10/6/2020,Tuesday,13,0,0,0,0,0,0,0,1,0,0,1,1,
DNE,10/6/2020,Tuesday,14,0,0,0,0,0,0,0,1,0,0,1,1,
DNE,10/6/2020,Tuesday,15,0,0,0,0,0,0,0,0,0,0,0,1,
DNE,10/6/2020,Tuesday,16,0,0,0,0,0,0,0,0,0,0,0,1,
DNE,10/6/2020,Tuesday,17,0,0,0,0,0,0,0,0,0,0,1,1,
DNE,10/6/2020,Tuesday,18,0,0,0,0,0,0,0,1,0,0,1,1,
DNE,10/6/2020,Tuesday,19,0,0,0,0,0,0,0,1,0,0,1,1,
DNE,10/6/2020,Tuesday,20,0,0,0,0,0,0,0,1,0,0,1,1,
DNE,10/6/2020,Tuesday,21,0,0,0,0,0,0,0,1,0,0,1,1,
DNE,10/6/2020,Tuesday,22,0,0,0,0,0,0,0,1,0,0,1,1,
DNE,10/6/2020,Tuesday,23,0,0,0,0,0,0,0,1,0,0,1,1,
DNE,10/7/2020,Wednesday,0,0,0,0,0,0,0,0,1,0,0,1,1,
DNE,10/7/2020,Wednesday,1,0,0,0,0,0,0,0,1,0,0,1,1,
DNE,10/7/2020,Wednesday,2,0,0,0,0,0,0,0,1,0,0,1,1,
DNE,10/7/2020,Wednesday,3,0,0,0,0,0,0,0,1,0,0,1,1,
DNE,10/7/2020,Wednesday,4,0,0,0,0,0,0,0,1,0,0,0,1,
DNE,10/7/2020,Wednesday,5,0,0,0,0,0,0,0,1,0,0,1,1,
DNE,10/7/2020,Wednesday,6,0,0,0,0,1,1,0,0,0,0,1,1,
DNE,10/7/2020,Wednesday,7,0,0,0,0,0,0,0,1,0,0,1,1,
DNE,10/7/2020,Wednesday,8,0,0,0,0,0,0,0,1,0,0,1,1,
DNE,10/7/2020,Wednesday,9,0,0,0,0,0,0,0,0,0,0,1,1,
DNE,10/7/2020,Wednesday,10,0,0,0,0,0,0,0,1,0,0,1,1,
DNE,10/7/2020,Wednesday,11,0,0,0,0,0,0,0,0,0,0,1,1,
DNE,10/7/2020,Wednesday,12,0,0,0,0,0,0,0,1,0,0,1,1,
DNE,10/7/2020,Wednesday,13,0,0,0,0,0,0,0,1,0,0,1,1,
DNE,10/7/2020,Wednesday,14,0,0,0,0,0,0,0,1,0,0,1,1,
DNE,10/7/2020,Wednesday,15,0,0,0,0,0,0,0,1,0,0,1,1,uk uk possible bal
DNE,10/7/2020,Wednesday,16,0,0,0,0,0,0,0,1,0,0,1,1,
DNE,10/7/2020,Wednesday,17,0,0,0,0,0,0,0,1,0,0,1,1,
DNE,10/7/2020,Wednesday,18,0,0,0,0,1,1,0,1,0,0,1,1,
DNE,10/7/2020,Wednesday,19,0,0,0,0,0,0,0,1,0,0,1,1,
DNE,10/7/2020,Wednesday,20,0,0,0,0,0,0,0,1,0,0,1,1,
DNE,10/7/2020,Wednesday,21,0,0,0,0,0,0,0,1,0,0,1,1,
DNE,10/7/2020,Wednesday,22,0,0,0,0,0,0,0,1,0,0,1,1,
DNE,10/7/2020,Wednesday,23,0,0,0,0,0,0,0,1,0,0,1,1,
DNE,10/8/2020,Thursday,0,0,0,0,0,0,0,0,1,0,0,1,1,
DNE,10/8/2020,Thursday,1,0,0,0,0,0,0,0,1,0,0,1,1,
DNE,10/8/2020,Thursday,2,0,0,0,0,0,0,0,0,0,0,1,1,
DNE,10/8/2020,Thursday,3,0,0,0,0,0,0,0,0,0,0,1,1,
DNE,10/8/2020,Thursday,4,0,0,0,0,0,0,0,0,0,0,0,1,
DNE,10/8/2020,Thursday,5,0,0,0,0,0,0,0,0,0,0,0,1,
DNE,10/8/2020,Thursday,6,0,0,0,0,0,0,0,1,0,0,1,1,
DNE,10/8/2020,Thursday,7,0,0,0,0,0,0,0,1,0,0,1,1,
DNE,10/8/2020,Thursday,8,0,0,0,0,0,0,0,1,0,0,1,1,
DNE,10/8/2020,Thursday,9,0,0,0,0,0,0,0,0,0,0,1,1,
DNE,10/8/2020,Thursday,10,0,0,0,0,0,0,0,0,0,0,1,1,
DNE,10/8/2020,Thursday,11,0,0,0,0,0,0,0,0,0,0,1,1,
DNE,10/8/2020,Thursday,12,0,0,0,0,1,1,0,0,0,0,1,1,
DNE,10/8/2020,Thursday,13,0,0,0,0,0,0,0,0,0,0,1,1,
DNE,10/8/2020,Thursday,14,0,0,0,0,0,0,0,0,0,0,1,1,
DNE,10/8/2020,Thursday,15,0,0,0,0,0,0,0,0,0,0,1,1,
DNE,10/8/2020,Thursday,16,0,0,1,0,0,1,0,1,0,0,1,1,
DNE,10/8/2020,Thursday,17,0,0,0,0,0,0,0,1,0,0,1,1,
DNE,10/8/2020,Thursday,18,0,0,0,0,0,0,0,0,0,0,1,1,
DNE,10/8/2020,Thursday,19,0,0,0,0,0,0,0,0,0,0,1,1,
DNE,10/8/2020,Thursday,20,0,0,0,0,0,0,0,0,0,0,1,1,
DNE,10/8/2020,Thursday,21,0,0,0,1,0,1,0,0,0,0,1,1,
DNE,10/8/2020,Thursday,22,0,0,0,0,0,0,0,0,0,0,1,1,
DNE,10/8/2020,Thursday,23,0,0,0,0,0,0,0,0,0,0,1,1,
DNE,10/9/2020,Friday,0,0,0,0,0,0,0,0,0,0,0,1,1,
DNE,10/9/2020,Friday,1,0,0,0,0,0,0,0,0,0,0,1,1,
DNE,10/9/2020,Friday,2,0,0,0,0,0,0,0,0,0,0,1,1,
DNE,10/9/2020,Friday,3,0,0,0,0,0,0,0,0,0,0,1,1,
DNE,10/9/2020,Friday,4,0,0,0,0,0,0,0,0,0,0,1,1,
DNE,10/9/2020,Friday,5,0,0,1,0,0,1,0,0,0,0,1,1,
DNE,10/9/2020,Friday,6,0,0,0,0,0,0,0,0,0,0,1,1,
DNE,10/9/2020,Friday,7,0,0,0,0,0,0,0,1,0,0,1,1,
DNE,10/9/2020,Friday,8,0,0,0,0,0,0,0,1,0,0,1,1,
DNE,10/9/2020,Friday,9,0,0,0,1,0,1,0,1,0,0,1,1,
DNE,10/9/2020,Friday,10,0,0,0,0,0,0,0,1,0,0,1,1,
DNE,10/9/2020,Friday,11,0,0,0,0,0,0,0,1,0,0,1,1,
DNE,10/9/2020,Friday,12,0,0,0,0,1,1,0,1,0,0,1,1,
DNE,10/9/2020,Friday,13,0,0,0,0,0,0,0,1,0,0,1,1,
DNE,10/9/2020,Friday,14,0,0,0,0,0,0,0,1,0,0,1,1,
DNE,10/9/2020,Friday,15,0,0,0,0,0,0,0,1,0,0,1,1,
DNE,10/9/2020,Friday,16,0,0,0,1,0,1,0,1,0,0,1,1,
DNE,10/9/2020,Friday,17,0,0,1,0,0,1,0,0,0,0,1,1,
DNE,10/9/2020,Friday,18,0,0,0,0,0,0,0,1,0,0,1,1,
DNE,10/9/2020,Friday,19,0,0,1,0,0,1,0,0,0,0,1,1,
DNE,10/9/2020,Friday,20,0,0,0,0,0,0,0,0,0,0,1,1,
DNE,10/9/2020,Friday,21,0,0,0,0,0,0,0,0,0,0,1,1,
DNE,10/9/2020,Friday,22,0,0,0,0,0,0,0,1,0,0,0,1,
DNE,10/9/2020,Friday,23,0,0,0,0,0,0,0,0,0,0,1,1,
