"","Begin_Date","Begin_Hour","Maneuver","Transit","Notes","SiteID"
"1",2019-09-25,0,0,0,NA,"NGS"
"2",2019-09-25,1,0,0,NA,"NGS"
"3",2019-09-25,2,0,0,NA,"NGS"
"4",2019-09-25,3,0,0,NA,"NGS"
"5",2019-09-25,4,0,0,NA,"NGS"
"6",2019-09-25,5,0,0,NA,"NGS"
"7",2019-09-25,6,0,0,NA,"NGS"
"8",2019-09-25,7,0,0,NA,"NGS"
"9",2019-09-25,8,0,0,NA,"NGS"
"10",2019-09-25,9,0,0,NA,"NGS"
"11",2019-09-25,10,0,1,NA,"NGS"
"12",2019-09-25,11,0,0,NA,"NGS"
"13",2019-09-25,12,0,0,NA,"NGS"
"14",2019-09-25,13,0,0,NA,"NGS"
"15",2019-09-25,14,0,0,NA,"NGS"
"16",2019-09-25,15,0,0,NA,"NGS"
"17",2019-09-25,16,0,0,NA,"NGS"
"18",2019-09-25,17,0,0,NA,"NGS"
"19",2019-09-25,18,0,0,NA,"NGS"
"20",2019-09-25,19,0,0,NA,"NGS"
"21",2019-09-25,20,0,0,NA,"NGS"
"22",2019-09-25,21,0,0,NA,"NGS"
"23",2019-09-25,22,0,0,NA,"NGS"
"24",2019-09-25,23,0,0,NA,"NGS"
"25",2019-09-26,0,0,0,NA,"NGS"
"26",2019-09-26,1,0,0,NA,"NGS"
"27",2019-09-26,2,0,0,NA,"NGS"
"28",2019-09-26,3,0,0,NA,"NGS"
"29",2019-09-26,4,0,0,NA,"NGS"
"30",2019-09-26,5,0,0,NA,"NGS"
"31",2019-09-26,6,0,0,NA,"NGS"
"32",2019-09-26,7,0,0,NA,"NGS"
"33",2019-09-26,8,0,0,NA,"NGS"
"34",2019-09-26,9,0,0,NA,"NGS"
"35",2019-09-26,10,0,1,NA,"NGS"
"36",2019-09-26,11,0,0,NA,"NGS"
"37",2019-09-26,12,0,0,NA,"NGS"
"38",2019-09-26,13,0,0,NA,"NGS"
"39",2019-09-26,14,0,0,NA,"NGS"
"40",2019-09-26,15,0,0,NA,"NGS"
"41",2019-09-26,16,0,0,NA,"NGS"
"42",2019-09-26,17,0,0,NA,"NGS"
"43",2019-09-26,18,0,0,NA,"NGS"
"44",2019-09-26,19,0,0,NA,"NGS"
"45",2019-09-26,20,0,0,NA,"NGS"
"46",2019-09-26,21,0,0,NA,"NGS"
"47",2019-09-26,22,0,0,NA,"NGS"
"48",2019-09-26,23,0,0,NA,"NGS"
"49",2019-09-27,0,0,0,NA,"NGS"
"50",2019-09-27,1,0,0,NA,"NGS"
"51",2019-09-27,2,0,0,NA,"NGS"
"52",2019-09-27,3,0,0,NA,"NGS"
"53",2019-09-27,4,0,0,NA,"NGS"
"54",2019-09-27,5,0,0,NA,"NGS"
"55",2019-09-27,6,0,0,NA,"NGS"
"56",2019-09-27,7,0,0,NA,"NGS"
"57",2019-09-27,8,0,0,NA,"NGS"
"58",2019-09-27,9,0,0,NA,"NGS"
"59",2019-09-27,10,0,1,NA,"NGS"
"60",2019-09-27,11,0,0,NA,"NGS"
"61",2019-09-27,12,0,0,NA,"NGS"
"62",2019-09-27,13,0,0,NA,"NGS"
"63",2019-09-27,14,0,0,NA,"NGS"
"64",2019-09-27,15,0,0,NA,"NGS"
"65",2019-09-27,16,0,0,NA,"NGS"
"66",2019-09-27,17,0,0,NA,"NGS"
"67",2019-09-27,18,0,0,NA,"NGS"
"68",2019-09-27,19,0,0,NA,"NGS"
"69",2019-09-27,20,0,0,NA,"NGS"
"70",2019-09-27,21,0,0,NA,"NGS"
"71",2019-09-27,22,0,0,NA,"NGS"
"72",2019-09-27,23,0,0,NA,"NGS"
"73",2019-09-28,0,0,0,NA,"NGS"
"74",2019-09-28,1,0,0,NA,"NGS"
"75",2019-09-28,2,0,0,NA,"NGS"
"76",2019-09-28,3,0,0,NA,"NGS"
"77",2019-09-28,4,0,0,NA,"NGS"
"78",2019-09-28,5,0,0,NA,"NGS"
"79",2019-09-28,6,0,0,NA,"NGS"
"80",2019-09-28,7,0,0,NA,"NGS"
"81",2019-09-28,8,0,0,NA,"NGS"
"82",2019-09-28,9,0,0,NA,"NGS"
"83",2019-09-28,10,0,1,NA,"NGS"
"84",2019-09-28,11,0,0,NA,"NGS"
"85",2019-09-28,12,0,0,NA,"NGS"
"86",2019-09-28,13,0,0,NA,"NGS"
"87",2019-09-28,14,0,0,NA,"NGS"
"88",2019-09-28,15,0,0,NA,"NGS"
"89",2019-09-28,16,0,0,NA,"NGS"
"90",2019-09-28,17,0,0,NA,"NGS"
"91",2019-09-28,18,0,0,NA,"NGS"
"92",2019-09-28,19,0,0,NA,"NGS"
"93",2019-09-28,20,0,0,NA,"NGS"
"94",2019-09-28,21,0,0,NA,"NGS"
"95",2019-09-28,22,0,0,NA,"NGS"
"96",2019-09-28,23,0,0,NA,"NGS"
"97",2019-09-29,0,0,1,"very faint","NGS"
"98",2019-09-29,1,0,0,NA,"NGS"
"99",2019-09-29,2,0,0,NA,"NGS"
"100",2019-09-29,3,0,0,NA,"NGS"
"101",2019-09-29,4,0,0,NA,"NGS"
"102",2019-09-29,5,0,0,NA,"NGS"
"103",2019-09-29,6,0,0,NA,"NGS"
"104",2019-09-29,7,0,0,NA,"NGS"
"105",2019-09-29,8,0,0,NA,"NGS"
"106",2019-09-29,9,0,0,NA,"NGS"
"107",2019-09-29,10,0,1,NA,"NGS"
"108",2019-09-29,11,0,0,NA,"NGS"
"109",2019-09-29,12,0,0,NA,"NGS"
"110",2019-09-29,13,0,0,NA,"NGS"
"111",2019-09-29,14,0,0,NA,"NGS"
"112",2019-09-29,15,0,0,NA,"NGS"
"113",2019-09-29,16,0,0,NA,"NGS"
"114",2019-09-29,17,0,0,NA,"NGS"
"115",2019-09-29,18,0,0,NA,"NGS"
"116",2019-09-29,19,0,0,NA,"NGS"
"117",2019-09-29,20,0,0,NA,"NGS"
"118",2019-09-29,21,0,0,NA,"NGS"
"119",2019-09-29,22,0,0,NA,"NGS"
"120",2019-09-29,23,0,0,NA,"NGS"
"121",2019-09-30,0,0,0,NA,"NGS"
"122",2019-09-30,1,0,0,NA,"NGS"
"123",2019-09-30,2,0,0,NA,"NGS"
"124",2019-09-30,3,0,0,NA,"NGS"
"125",2019-09-30,4,0,0,NA,"NGS"
"126",2019-09-30,5,0,0,NA,"NGS"
"127",2019-09-30,6,0,0,NA,"NGS"
"128",2019-09-30,7,0,0,NA,"NGS"
"129",2019-09-30,8,0,0,NA,"NGS"
"130",2019-09-30,9,0,0,NA,"NGS"
"131",2019-09-30,10,0,2,"very faint; ","NGS"
"132",2019-09-30,11,0,0,NA,"NGS"
"133",2019-09-30,12,0,0,NA,"NGS"
"134",2019-09-30,13,0,0,NA,"NGS"
"135",2019-09-30,14,0,0,NA,"NGS"
"136",2019-09-30,15,0,0,NA,"NGS"
"137",2019-09-30,16,0,0,NA,"NGS"
"138",2019-09-30,17,0,0,NA,"NGS"
"139",2019-09-30,18,0,0,NA,"NGS"
"140",2019-09-30,19,0,0,NA,"NGS"
"141",2019-09-30,20,0,0,NA,"NGS"
"142",2019-09-30,21,0,0,NA,"NGS"
"143",2019-09-30,22,0,0,NA,"NGS"
"144",2019-09-30,23,0,0,NA,"NGS"
"145",2019-10-01,0,0,0,NA,"NGS"
"146",2019-10-01,1,0,0,NA,"NGS"
"147",2019-10-01,2,0,0,NA,"NGS"
"148",2019-10-01,3,0,0,NA,"NGS"
"149",2019-10-01,4,0,0,NA,"NGS"
"150",2019-10-01,5,1,0,"CPA ~05:27:03","NGS"
"151",2019-10-01,6,0,0,NA,"NGS"
"152",2019-10-01,7,0,0,NA,"NGS"
"153",2019-10-01,8,0,0,NA,"NGS"
"154",2019-10-01,9,0,0,NA,"NGS"
"155",2019-10-01,10,0,1,NA,"NGS"
"156",2019-10-01,11,0,0,NA,"NGS"
"157",2019-10-01,12,0,0,NA,"NGS"
"158",2019-10-01,13,0,0,NA,"NGS"
"159",2019-10-01,14,0,0,NA,"NGS"
"160",2019-10-01,15,0,0,NA,"NGS"
"161",2019-10-01,16,0,0,NA,"NGS"
"162",2019-10-01,17,0,0,NA,"NGS"
"163",2019-10-01,18,0,0,NA,"NGS"
"164",2019-10-01,19,0,0,NA,"NGS"
"165",2019-10-01,20,0,0,NA,"NGS"
"166",2019-10-01,21,0,0,NA,"NGS"
"167",2019-10-01,22,0,0,NA,"NGS"
"168",2019-10-01,23,0,0,NA,"NGS"
"169",2019-10-02,0,0,0,NA,"NGS"
"170",2019-10-02,1,0,0,NA,"NGS"
"171",2019-10-02,2,0,0,NA,"NGS"
"172",2019-10-02,3,0,0,NA,"NGS"
"173",2019-10-02,4,0,0,NA,"NGS"
"174",2019-10-02,5,0,0,NA,"NGS"
"175",2019-10-02,6,0,0,NA,"NGS"
"176",2019-10-02,7,0,0,NA,"NGS"
"177",2019-10-02,8,0,0,NA,"NGS"
"178",2019-10-02,9,0,0,NA,"NGS"
"179",2019-10-02,10,0,2,NA,"NGS"
"180",2019-10-02,11,0,0,NA,"NGS"
"181",2019-10-02,12,0,0,NA,"NGS"
"182",2019-10-02,13,0,0,NA,"NGS"
"183",2019-10-02,14,0,0,NA,"NGS"
"184",2019-10-02,15,0,0,NA,"NGS"
"185",2019-10-02,16,0,0,NA,"NGS"
"186",2019-10-02,17,0,0,NA,"NGS"
"187",2019-10-02,18,0,0,NA,"NGS"
"188",2019-10-02,19,0,0,NA,"NGS"
"189",2019-10-02,20,0,0,NA,"NGS"
"190",2019-10-02,21,0,0,NA,"NGS"
"191",2019-10-02,22,0,0,NA,"NGS"
"192",2019-10-02,23,0,0,NA,"NGS"
"193",2019-10-03,0,0,0,NA,"NGS"
"194",2019-10-03,1,0,0,NA,"NGS"
"195",2019-10-03,2,0,0,NA,"NGS"
"196",2019-10-03,3,0,0,NA,"NGS"
"197",2019-10-03,4,0,0,NA,"NGS"
"198",2019-10-03,5,0,0,NA,"NGS"
"199",2019-10-03,6,0,0,NA,"NGS"
"200",2019-10-03,7,0,0,NA,"NGS"
"201",2019-10-03,8,0,0,NA,"NGS"
"202",2019-10-03,9,0,0,NA,"NGS"
"203",2019-10-03,10,0,1,NA,"NGS"
"204",2019-10-03,11,0,0,NA,"NGS"
"205",2019-10-03,12,0,0,NA,"NGS"
"206",2019-10-03,13,0,0,NA,"NGS"
"207",2019-10-03,14,0,0,NA,"NGS"
"208",2019-10-03,15,0,0,NA,"NGS"
"209",2019-10-03,16,0,0,NA,"NGS"
"210",2019-10-03,17,0,0,NA,"NGS"
"211",2019-10-03,18,0,0,NA,"NGS"
"212",2019-10-03,19,0,0,NA,"NGS"
"213",2019-10-03,20,0,0,NA,"NGS"
"214",2019-10-03,21,0,1,"very faint","NGS"
"215",2019-10-03,22,0,0,NA,"NGS"
"216",2019-10-03,23,0,0,NA,"NGS"
"217",2019-10-04,0,0,0,NA,"NGS"
"218",2019-10-04,1,0,0,NA,"NGS"
"219",2019-10-04,2,0,0,NA,"NGS"
"220",2019-10-04,3,0,0,NA,"NGS"
"221",2019-10-04,4,0,0,NA,"NGS"
"222",2019-10-04,5,0,0,NA,"NGS"
"223",2019-10-04,6,0,0,NA,"NGS"
"224",2019-10-04,7,0,0,NA,"NGS"
"225",2019-10-04,8,0,0,NA,"NGS"
"226",2019-10-04,9,0,0,NA,"NGS"
"227",2019-10-04,10,0,1,NA,"NGS"
"228",2019-10-04,11,0,0,NA,"NGS"
"229",2019-10-04,12,0,0,NA,"NGS"
"230",2019-10-04,13,0,0,NA,"NGS"
"231",2019-10-04,14,0,0,NA,"NGS"
"232",2019-10-04,15,0,0,NA,"NGS"
"233",2019-10-04,16,0,0,NA,"NGS"
"234",2019-10-04,17,0,0,NA,"NGS"
"235",2019-10-04,18,0,0,NA,"NGS"
"236",2019-10-04,19,0,0,NA,"NGS"
"237",2019-10-04,20,0,0,NA,"NGS"
"238",2019-10-04,21,0,0,NA,"NGS"
"239",2019-10-04,22,0,0,NA,"NGS"
"240",2019-10-04,23,0,0,NA,"NGS"
"241",2019-10-05,0,0,0,NA,"NGS"
"242",2019-10-05,1,0,0,NA,"NGS"
"243",2019-10-05,2,0,0,NA,"NGS"
"244",2019-10-05,3,0,0,NA,"NGS"
"245",2019-10-05,4,0,0,NA,"NGS"
"246",2019-10-05,5,0,0,NA,"NGS"
"247",2019-10-05,6,0,0,NA,"NGS"
"248",2019-10-05,7,0,0,NA,"NGS"
"249",2019-10-05,8,0,0,NA,"NGS"
"250",2019-10-05,9,0,0,NA,"NGS"
"251",2019-10-05,10,0,1,NA,"NGS"
"252",2019-10-05,11,0,0,NA,"NGS"
"253",2019-10-05,12,0,0,NA,"NGS"
"254",2019-10-05,13,0,0,NA,"NGS"
"255",2019-10-05,14,0,0,NA,"NGS"
"256",2019-10-05,15,0,0,NA,"NGS"
"257",2019-10-05,16,0,0,NA,"NGS"
"258",2019-10-05,17,0,0,NA,"NGS"
"259",2019-10-05,18,0,0,NA,"NGS"
"260",2019-10-05,19,0,0,NA,"NGS"
"261",2019-10-05,20,0,0,NA,"NGS"
"262",2019-10-05,21,0,0,NA,"NGS"
"263",2019-10-05,22,0,0,NA,"NGS"
"264",2019-10-05,23,0,0,NA,"NGS"
"265",2019-10-06,0,0,0,NA,"NGS"
"266",2019-10-06,1,0,0,NA,"NGS"
"267",2019-10-06,2,0,0,NA,"NGS"
"268",2019-10-06,3,0,0,NA,"NGS"
"269",2019-10-06,4,0,0,NA,"NGS"
"270",2019-10-06,5,0,0,NA,"NGS"
"271",2019-10-06,6,0,0,NA,"NGS"
"272",2019-10-06,7,0,0,NA,"NGS"
"273",2019-10-06,8,0,0,NA,"NGS"
"274",2019-10-06,9,0,0,NA,"NGS"
"275",2019-10-06,10,0,1,"aliens at 12:59:52","NGS"
"276",2019-10-06,11,0,0,NA,"NGS"
"277",2019-10-06,12,0,0,NA,"NGS"
"278",2019-10-06,13,0,0,NA,"NGS"
"279",2019-10-06,14,0,0,NA,"NGS"
"280",2019-10-06,15,0,0,NA,"NGS"
"281",2019-10-06,16,0,0,NA,"NGS"
"282",2019-10-06,17,0,0,NA,"NGS"
"283",2019-10-06,18,0,0,NA,"NGS"
"284",2019-10-06,19,0,0,NA,"NGS"
"285",2019-10-06,20,0,0,NA,"NGS"
"286",2019-10-06,21,0,0,NA,"NGS"
"287",2019-10-06,22,0,0,NA,"NGS"
"288",2019-10-06,23,0,0,NA,"NGS"
"289",2019-10-07,0,0,0,NA,"NGS"
"290",2019-10-07,1,0,0,NA,"NGS"
"291",2019-10-07,2,0,0,NA,"NGS"
"292",2019-10-07,3,0,0,NA,"NGS"
"293",2019-10-07,4,0,0,NA,"NGS"
"294",2019-10-07,5,0,0,NA,"NGS"
"295",2019-10-07,6,0,0,NA,"NGS"
"296",2019-10-07,7,0,0,NA,"NGS"
"297",2019-10-07,8,0,1,NA,"NGS"
"298",2019-10-07,9,0,0,NA,"NGS"
"299",2019-10-07,10,0,1,NA,"NGS"
"300",2019-10-07,11,0,0,NA,"NGS"
"301",2019-10-07,12,0,0,NA,"NGS"
"302",2019-10-07,13,0,0,NA,"NGS"
"303",2019-10-07,14,0,0,NA,"NGS"
"304",2019-10-07,15,0,0,NA,"NGS"
"305",2019-10-07,16,0,0,NA,"NGS"
"306",2019-10-07,17,0,0,NA,"NGS"
"307",2019-10-07,18,0,0,NA,"NGS"
"308",2019-10-07,19,0,0,NA,"NGS"
"309",2019-10-07,20,0,0,NA,"NGS"
"310",2019-10-07,21,0,1,NA,"NGS"
"311",2019-10-07,22,0,0,NA,"NGS"
"312",2019-10-07,23,0,0,NA,"NGS"
"313",2019-10-08,0,0,0,NA,"NGS"
"314",2019-10-08,1,0,0,NA,"NGS"
"315",2019-10-08,2,0,0,NA,"NGS"
"316",2019-10-08,3,0,0,NA,"NGS"
"317",2019-10-08,4,0,0,NA,"NGS"
"318",2019-10-08,5,0,0,NA,"NGS"
"319",2019-10-08,6,0,0,NA,"NGS"
"320",2019-10-08,7,0,0,NA,"NGS"
"321",2019-10-08,8,0,0,NA,"NGS"
"322",2019-10-08,9,0,0,NA,"NGS"
"323",2019-10-08,10,0,1,NA,"NGS"
"324",2019-10-08,11,0,0,NA,"NGS"
"325",2019-10-08,12,0,0,NA,"NGS"
"326",2019-10-08,13,0,0,NA,"NGS"
"327",2019-10-08,14,0,0,NA,"NGS"
"328",2019-10-08,15,0,0,NA,"NGS"
"329",2019-10-08,16,0,0,NA,"NGS"
"330",2019-10-08,17,0,0,NA,"NGS"
"331",2019-10-08,18,0,0,NA,"NGS"
"332",2019-10-08,19,0,0,NA,"NGS"
"333",2019-10-08,20,0,0,NA,"NGS"
"334",2019-10-08,21,0,0,NA,"NGS"
"335",2019-10-08,22,0,0,NA,"NGS"
"336",2019-10-08,23,0,0,NA,"NGS"
"337",2019-10-09,0,0,0,NA,"NGS"
"338",2019-10-09,1,0,0,NA,"NGS"
"339",2019-10-09,2,0,0,NA,"NGS"
"340",2019-10-09,3,0,0,NA,"NGS"
"341",2019-10-09,4,0,0,NA,"NGS"
"342",2019-10-09,5,0,0,NA,"NGS"
"343",2019-10-09,6,0,0,NA,"NGS"
"344",2019-10-09,7,0,0,NA,"NGS"
"345",2019-10-09,8,0,0,NA,"NGS"
"346",2019-10-09,9,0,0,NA,"NGS"
"347",2019-10-09,10,0,0,NA,"NGS"
"348",2019-10-09,11,0,0,NA,"NGS"
"349",2019-10-09,12,0,0,NA,"NGS"
"350",2019-10-09,13,0,0,NA,"NGS"
"351",2019-10-09,14,0,0,NA,"NGS"
"352",2019-10-09,15,0,0,NA,"NGS"
"353",2019-10-09,16,0,0,NA,"NGS"
"354",2019-10-09,17,0,0,NA,"NGS"
"355",2019-10-09,18,0,0,NA,"NGS"
"356",2019-10-09,19,0,0,NA,"NGS"
"357",2019-10-09,20,0,0,NA,"NGS"
"358",2019-10-09,21,0,0,NA,"NGS"
"359",2019-10-09,22,0,0,NA,"NGS"
"360",2019-10-09,23,0,0,NA,"NGS"
"361",2019-10-10,0,0,0,NA,"NGS"
"362",2019-10-10,1,0,0,NA,"NGS"
"363",2019-10-10,2,0,0,NA,"NGS"
"364",2019-10-10,3,0,0,NA,"NGS"
"365",2019-10-10,4,0,0,NA,"NGS"
"366",2019-10-10,5,0,0,NA,"NGS"
"367",2019-10-10,6,0,0,NA,"NGS"
"368",2019-10-10,7,0,0,NA,"NGS"
"369",2019-10-10,8,0,0,NA,"NGS"
"370",2019-10-10,9,0,0,NA,"NGS"
"371",2019-10-10,10,0,1,NA,"NGS"
"372",2019-10-10,11,0,0,NA,"NGS"
"373",2019-10-10,12,0,0,NA,"NGS"
"374",2019-10-10,13,0,0,NA,"NGS"
"375",2019-10-10,14,0,0,NA,"NGS"
"376",2019-10-10,15,0,0,NA,"NGS"
"377",2019-10-10,16,0,0,NA,"NGS"
"378",2019-10-10,17,0,0,NA,"NGS"
"379",2019-10-10,18,0,0,NA,"NGS"
"380",2019-10-10,19,0,0,NA,"NGS"
"381",2019-10-10,20,0,0,NA,"NGS"
"382",2019-10-10,21,0,0,NA,"NGS"
"383",2019-10-10,22,0,0,NA,"NGS"
"384",2019-10-10,23,0,0,NA,"NGS"
"385",2019-10-11,0,0,0,NA,"NGS"
"386",2019-10-11,1,0,0,NA,"NGS"
"387",2019-10-11,2,0,0,NA,"NGS"
"388",2019-10-11,3,0,0,NA,"NGS"
"389",2019-10-11,4,0,0,NA,"NGS"
"390",2019-10-11,5,0,0,NA,"NGS"
"391",2019-10-11,6,0,0,NA,"NGS"
"392",2019-10-11,7,0,0,NA,"NGS"
"393",2019-10-11,8,0,0,NA,"NGS"
"394",2019-10-11,9,0,0,NA,"NGS"
"395",2019-10-11,10,0,1,NA,"NGS"
"396",2019-10-11,11,0,0,NA,"NGS"
"397",2019-10-11,12,0,0,NA,"NGS"
"398",2019-10-11,13,0,0,NA,"NGS"
"399",2019-10-11,14,0,0,NA,"NGS"
"400",2019-10-11,15,0,0,NA,"NGS"
"401",2019-10-11,16,0,0,NA,"NGS"
"402",2019-10-11,17,0,0,NA,"NGS"
"403",2019-10-11,18,0,0,NA,"NGS"
"404",2019-10-11,19,0,0,NA,"NGS"
"405",2019-10-11,20,0,0,NA,"NGS"
"406",2019-10-11,21,0,0,NA,"NGS"
"407",2019-10-11,22,0,0,NA,"NGS"
"408",2019-10-11,23,0,0,NA,"NGS"
"409",2019-10-12,0,0,0,NA,"NGS"
"410",2019-10-12,1,0,0,NA,"NGS"
"411",2019-10-12,2,0,0,NA,"NGS"
"412",2019-10-12,3,0,0,NA,"NGS"
"413",2019-10-12,4,0,0,NA,"NGS"
"414",2019-10-12,5,0,0,NA,"NGS"
"415",2019-10-12,6,0,0,NA,"NGS"
"416",2019-10-12,7,0,0,NA,"NGS"
"417",2019-10-12,8,0,0,NA,"NGS"
"418",2019-10-12,9,0,0,NA,"NGS"
"419",2019-10-12,10,0,1,NA,"NGS"
"420",2019-10-12,11,0,0,NA,"NGS"
"421",2019-10-12,12,0,0,NA,"NGS"
"422",2019-10-12,13,0,0,NA,"NGS"
"423",2019-10-12,14,0,0,NA,"NGS"
"424",2019-10-12,15,0,0,NA,"NGS"
"425",2019-10-12,16,0,0,NA,"NGS"
"426",2019-10-12,17,0,0,NA,"NGS"
"427",2019-10-12,18,0,0,NA,"NGS"
"428",2019-10-12,19,0,0,NA,"NGS"
"429",2019-10-12,20,0,0,NA,"NGS"
"430",2019-10-12,21,0,0,NA,"NGS"
"431",2019-10-12,22,0,0,NA,"NGS"
"432",2019-10-12,23,0,0,NA,"NGS"
"433",2019-10-13,0,0,0,NA,"NGS"
"434",2019-10-13,1,0,0,NA,"NGS"
"435",2019-10-13,2,0,0,NA,"NGS"
"436",2019-10-13,3,0,0,NA,"NGS"
"437",2019-10-13,4,0,0,NA,"NGS"
"438",2019-10-13,5,0,0,NA,"NGS"
"439",2019-10-13,6,0,0,NA,"NGS"
"440",2019-10-13,7,0,0,NA,"NGS"
"441",2019-10-13,8,0,0,NA,"NGS"
"442",2019-10-13,9,0,0,NA,"NGS"
"443",2019-10-13,10,0,1,NA,"NGS"
"444",2019-10-13,11,0,0,NA,"NGS"
"445",2019-10-13,12,0,0,NA,"NGS"
"446",2019-10-13,13,0,0,NA,"NGS"
"447",2019-10-13,14,0,0,NA,"NGS"
"448",2019-10-13,15,0,0,NA,"NGS"
"449",2019-10-13,16,0,0,NA,"NGS"
"450",2019-10-13,17,0,0,NA,"NGS"
"451",2019-10-13,18,0,0,NA,"NGS"
"452",2019-10-13,19,0,1,NA,"NGS"
"453",2019-10-13,20,0,0,NA,"NGS"
"454",2019-10-13,21,0,0,NA,"NGS"
"455",2019-10-13,22,0,0,NA,"NGS"
"456",2019-10-13,23,0,0,NA,"NGS"
"457",2019-10-14,0,0,0,NA,"NGS"
"458",2019-10-14,1,0,0,NA,"NGS"
"459",2019-10-14,2,0,0,NA,"NGS"
"460",2019-10-14,3,0,0,NA,"NGS"
"461",2019-10-14,4,0,0,NA,"NGS"
"462",2019-10-14,5,0,0,NA,"NGS"
"463",2019-10-14,6,0,0,NA,"NGS"
"464",2019-10-14,7,0,0,NA,"NGS"
"465",2019-10-14,8,0,0,NA,"NGS"
"466",2019-10-14,9,0,0,NA,"NGS"
"467",2019-10-14,10,0,1,NA,"NGS"
"468",2019-10-14,11,0,0,NA,"NGS"
"469",2019-10-14,12,0,0,NA,"NGS"
"470",2019-10-14,13,0,0,NA,"NGS"
"471",2019-10-14,14,0,0,NA,"NGS"
"472",2019-10-14,15,0,0,NA,"NGS"
"473",2019-10-14,16,0,0,NA,"NGS"
"474",2019-10-14,17,0,0,NA,"NGS"
"475",2019-10-14,18,0,0,NA,"NGS"
"476",2019-10-14,19,0,0,NA,"NGS"
"477",2019-10-14,20,0,0,NA,"NGS"
"478",2019-10-14,21,0,0,NA,"NGS"
"479",2019-10-14,22,0,0,NA,"NGS"
"480",2019-10-14,23,0,0,NA,"NGS"
"481",2019-10-15,0,0,0,NA,"NGS"
"482",2019-10-15,1,0,0,NA,"NGS"
"483",2019-10-15,2,0,0,NA,"NGS"
"484",2019-10-15,3,0,0,NA,"NGS"
"485",2019-10-15,4,0,0,NA,"NGS"
"486",2019-10-15,5,0,0,NA,"NGS"
"487",2019-10-15,6,0,0,NA,"NGS"
"488",2019-10-15,7,0,0,NA,"NGS"
"489",2019-10-15,8,0,0,NA,"NGS"
"490",2019-10-15,9,0,0,NA,"NGS"
"491",2019-10-15,10,0,1,NA,"NGS"
"492",2019-10-15,11,0,0,NA,"NGS"
"493",2019-10-15,12,0,0,NA,"NGS"
"494",2019-10-15,13,0,0,NA,"NGS"
"495",2019-10-15,14,0,0,NA,"NGS"
"496",2019-10-15,15,0,0,NA,"NGS"
"497",2019-10-15,16,0,0,NA,"NGS"
"498",2019-10-15,17,0,0,NA,"NGS"
"499",2019-10-15,18,0,0,NA,"NGS"
"500",2019-10-15,19,0,0,NA,"NGS"
"501",2019-10-15,20,0,0,NA,"NGS"
"502",2019-10-15,21,0,0,NA,"NGS"
"503",2019-10-15,22,0,0,NA,"NGS"
"504",2019-10-15,23,0,0,NA,"NGS"
"505",2019-10-16,0,0,0,NA,"NGS"
"506",2019-10-16,1,0,0,NA,"NGS"
"507",2019-10-16,2,0,0,NA,"NGS"
"508",2019-10-16,3,0,0,NA,"NGS"
"509",2019-10-16,4,0,0,NA,"NGS"
"510",2019-10-16,5,0,0,NA,"NGS"
"511",2019-10-16,6,0,0,NA,"NGS"
"512",2019-10-16,7,0,0,NA,"NGS"
"513",2019-10-16,8,0,0,NA,"NGS"
"514",2019-10-16,9,0,0,NA,"NGS"
"515",2019-10-16,10,0,1,NA,"NGS"
"516",2019-10-16,11,0,0,NA,"NGS"
"517",2019-10-16,12,0,0,NA,"NGS"
"518",2019-10-16,13,0,0,NA,"NGS"
"519",2019-10-16,14,0,0,NA,"NGS"
"520",2019-10-16,15,0,0,NA,"NGS"
"521",2019-10-16,16,0,0,NA,"NGS"
"522",2019-10-16,17,0,0,NA,"NGS"
"523",2019-10-16,18,0,0,NA,"NGS"
"524",2019-10-16,19,0,0,NA,"NGS"
"525",2019-10-16,20,0,0,NA,"NGS"
"526",2019-10-16,21,0,0,NA,"NGS"
"527",2019-10-16,22,0,0,NA,"NGS"
"528",2019-10-16,23,0,1,NA,"NGS"
"529",2019-10-17,0,0,0,NA,"NGS"
"530",2019-10-17,1,0,0,NA,"NGS"
"531",2019-10-17,2,0,0,NA,"NGS"
"532",2019-10-17,3,0,0,NA,"NGS"
"533",2019-10-17,4,0,1,"looked like single vessel in spectrogram but used LTSA to find start and end times of 3 passages","NGS"
"534",2019-10-17,5,0,2,"looked like single vessel in spectrogram but used LTSA to find start and end times of 3 passages; looked like single vessel in spectrogram but used LTSA to find start and end times of 3 passages","NGS"
"535",2019-10-17,6,0,0,NA,"NGS"
"536",2019-10-17,7,0,1,NA,"NGS"
"537",2019-10-17,8,0,0,NA,"NGS"
"538",2019-10-17,9,0,0,NA,"NGS"
"539",2019-10-17,10,0,1,NA,"NGS"
"540",2019-10-17,11,0,0,NA,"NGS"
"541",2019-10-17,12,0,0,NA,"NGS"
"542",2019-10-17,13,0,0,NA,"NGS"
"543",2019-10-17,14,0,0,NA,"NGS"
"544",2019-10-17,15,0,0,NA,"NGS"
"545",2019-10-17,16,0,0,NA,"NGS"
"546",2019-10-17,17,0,0,NA,"NGS"
"547",2019-10-17,18,0,0,NA,"NGS"
"548",2019-10-17,19,0,0,NA,"NGS"
"549",2019-10-17,20,0,0,NA,"NGS"
"550",2019-10-17,21,0,1,NA,"NGS"
"551",2019-10-17,22,0,0,NA,"NGS"
"552",2019-10-17,23,0,0,NA,"NGS"
"553",2019-10-18,0,0,0,NA,"NGS"
"554",2019-10-18,1,0,0,NA,"NGS"
"555",2019-10-18,2,0,0,NA,"NGS"
"556",2019-10-18,3,0,0,NA,"NGS"
"557",2019-10-18,4,0,0,NA,"NGS"
"558",2019-10-18,5,0,1,NA,"NGS"
"559",2019-10-18,6,0,0,NA,"NGS"
"560",2019-10-18,7,0,0,NA,"NGS"
"561",2019-10-18,8,0,0,NA,"NGS"
"562",2019-10-18,9,0,0,NA,"NGS"
"563",2019-10-18,10,0,1,NA,"NGS"
"564",2019-10-18,11,0,0,NA,"NGS"
"565",2019-10-18,12,0,0,NA,"NGS"
"566",2019-10-18,13,0,0,NA,"NGS"
"567",2019-10-18,14,0,0,NA,"NGS"
"568",2019-10-18,15,0,0,NA,"NGS"
"569",2019-10-18,16,0,0,NA,"NGS"
"570",2019-10-18,17,0,0,NA,"NGS"
"571",2019-10-18,18,0,0,NA,"NGS"
"572",2019-10-18,19,0,0,NA,"NGS"
"573",2019-10-18,20,0,0,NA,"NGS"
"574",2019-10-18,21,0,0,NA,"NGS"
"575",2019-10-18,22,0,0,NA,"NGS"
"576",2019-10-18,23,0,0,NA,"NGS"
"577",2019-10-19,0,0,0,NA,"NGS"
"578",2019-10-19,1,0,0,NA,"NGS"
"579",2019-10-19,2,0,0,NA,"NGS"
"580",2019-10-19,3,0,0,NA,"NGS"
"581",2019-10-19,4,0,0,NA,"NGS"
"582",2019-10-19,5,0,0,NA,"NGS"
"583",2019-10-19,6,0,0,NA,"NGS"
"584",2019-10-19,7,0,0,NA,"NGS"
"585",2019-10-19,8,0,0,NA,"NGS"
"586",2019-10-19,9,0,0,NA,"NGS"
"587",2019-10-19,10,0,1,NA,"NGS"
"588",2019-10-19,11,0,0,NA,"NGS"
"589",2019-10-19,12,0,0,NA,"NGS"
"590",2019-10-19,13,0,0,NA,"NGS"
"591",2019-10-19,14,0,0,NA,"NGS"
"592",2019-10-19,15,0,0,NA,"NGS"
"593",2019-10-19,16,0,0,NA,"NGS"
"594",2019-10-19,17,0,0,NA,"NGS"
"595",2019-10-19,18,0,0,NA,"NGS"
"596",2019-10-19,19,0,0,NA,"NGS"
"597",2019-10-19,20,0,0,NA,"NGS"
"598",2019-10-19,21,0,0,NA,"NGS"
"599",2019-10-19,22,0,0,NA,"NGS"
"600",2019-10-19,23,0,0,NA,"NGS"
"601",2019-10-20,0,0,0,NA,"NGS"
"602",2019-10-20,1,0,0,NA,"NGS"
"603",2019-10-20,2,0,0,NA,"NGS"
"604",2019-10-20,3,0,0,NA,"NGS"
"605",2019-10-20,4,0,0,NA,"NGS"
"606",2019-10-20,5,0,0,NA,"NGS"
"607",2019-10-20,6,0,0,NA,"NGS"
"608",2019-10-20,7,0,0,NA,"NGS"
"609",2019-10-20,8,0,0,NA,"NGS"
"610",2019-10-20,9,0,0,NA,"NGS"
"611",2019-10-20,10,0,1,NA,"NGS"
"612",2019-10-20,11,0,0,NA,"NGS"
"613",2019-10-20,12,0,0,NA,"NGS"
"614",2019-10-20,13,0,0,NA,"NGS"
"615",2019-10-20,14,0,0,NA,"NGS"
"616",2019-10-20,15,0,0,NA,"NGS"
"617",2019-10-20,16,0,0,NA,"NGS"
"618",2019-10-20,17,0,0,NA,"NGS"
"619",2019-10-20,18,0,0,NA,"NGS"
"620",2019-10-20,19,0,0,NA,"NGS"
"621",2019-10-20,20,0,0,NA,"NGS"
"622",2019-10-20,21,0,0,NA,"NGS"
"623",2019-10-20,22,0,0,NA,"NGS"
"624",2019-10-20,23,0,0,NA,"NGS"
"625",2019-10-21,0,0,0,NA,"NGS"
"626",2019-10-21,1,0,0,NA,"NGS"
"627",2019-10-21,2,0,0,NA,"NGS"
"628",2019-10-21,3,0,0,NA,"NGS"
"629",2019-10-21,4,0,0,NA,"NGS"
"630",2019-10-21,5,0,0,NA,"NGS"
"631",2019-10-21,6,0,0,NA,"NGS"
"632",2019-10-21,7,0,0,NA,"NGS"
"633",2019-10-21,8,0,0,NA,"NGS"
"634",2019-10-21,9,0,0,NA,"NGS"
"635",2019-10-21,10,0,1,NA,"NGS"
"636",2019-10-21,11,0,0,NA,"NGS"
"637",2019-10-21,12,0,0,NA,"NGS"
"638",2019-10-21,13,0,0,NA,"NGS"
"639",2019-10-21,14,0,0,NA,"NGS"
"640",2019-10-21,15,0,0,NA,"NGS"
"641",2019-10-21,16,0,0,NA,"NGS"
"642",2019-10-21,17,0,0,NA,"NGS"
"643",2019-10-21,18,0,0,NA,"NGS"
"644",2019-10-21,19,0,0,NA,"NGS"
"645",2019-10-21,20,0,0,NA,"NGS"
"646",2019-10-21,21,0,0,NA,"NGS"
"647",2019-10-21,22,0,0,NA,"NGS"
"648",2019-10-21,23,0,0,NA,"NGS"
"649",2019-10-22,0,0,0,NA,"NGS"
"650",2019-10-22,1,0,0,NA,"NGS"
"651",2019-10-22,2,0,0,NA,"NGS"
"652",2019-10-22,3,0,0,NA,"NGS"
"653",2019-10-22,4,0,0,NA,"NGS"
"654",2019-10-22,5,0,0,NA,"NGS"
"655",2019-10-22,6,0,0,NA,"NGS"
"656",2019-10-22,7,0,0,NA,"NGS"
"657",2019-10-22,8,0,0,NA,"NGS"
"658",2019-10-22,9,0,0,NA,"NGS"
"659",2019-10-22,10,0,1,NA,"NGS"
"660",2019-10-22,11,0,0,NA,"NGS"
"661",2019-10-22,12,0,0,NA,"NGS"
"662",2019-10-22,13,0,0,NA,"NGS"
"663",2019-10-22,14,0,0,NA,"NGS"
"664",2019-10-22,15,0,0,NA,"NGS"
"665",2019-10-22,16,0,0,NA,"NGS"
"666",2019-10-22,17,0,0,NA,"NGS"
"667",2019-10-22,18,0,0,NA,"NGS"
"668",2019-10-22,19,0,0,NA,"NGS"
"669",2019-10-22,20,0,0,NA,"NGS"
"670",2019-10-22,21,0,0,NA,"NGS"
"671",2019-10-22,22,0,0,NA,"NGS"
"672",2019-10-22,23,0,0,NA,"NGS"
"673",2019-10-23,0,0,0,NA,"NGS"
"674",2019-10-23,1,0,0,NA,"NGS"
"675",2019-10-23,2,0,0,NA,"NGS"
"676",2019-10-23,3,0,0,NA,"NGS"
"677",2019-10-23,4,0,0,NA,"NGS"
"678",2019-10-23,5,0,0,NA,"NGS"
"679",2019-10-23,6,0,0,NA,"NGS"
"680",2019-10-23,7,0,0,NA,"NGS"
"681",2019-10-23,8,0,0,NA,"NGS"
"682",2019-10-23,9,0,0,NA,"NGS"
"683",2019-10-23,10,0,1,NA,"NGS"
"684",2019-10-23,11,0,0,NA,"NGS"
"685",2019-10-23,12,0,0,NA,"NGS"
"686",2019-10-23,13,0,0,NA,"NGS"
"687",2019-10-23,14,0,0,NA,"NGS"
"688",2019-10-23,15,0,0,NA,"NGS"
"689",2019-10-23,16,0,0,NA,"NGS"
"690",2019-10-23,17,0,0,NA,"NGS"
"691",2019-10-23,18,0,0,NA,"NGS"
"692",2019-10-23,19,0,0,NA,"NGS"
"693",2019-10-23,20,0,0,NA,"NGS"
"694",2019-10-23,21,0,0,NA,"NGS"
"695",2019-10-23,22,0,0,NA,"NGS"
"696",2019-10-23,23,0,0,NA,"NGS"
"697",2019-10-24,0,0,0,NA,"NGS"
"698",2019-10-24,1,0,0,NA,"NGS"
"699",2019-10-24,2,0,0,NA,"NGS"
"700",2019-10-24,3,0,0,NA,"NGS"
"701",2019-10-24,4,0,0,NA,"NGS"
"702",2019-10-24,5,0,0,NA,"NGS"
"703",2019-10-24,6,0,0,NA,"NGS"
"704",2019-10-24,7,0,0,NA,"NGS"
"705",2019-10-24,8,0,0,NA,"NGS"
"706",2019-10-24,9,0,0,NA,"NGS"
"707",2019-10-24,10,0,1,NA,"NGS"
"708",2019-10-24,11,0,0,NA,"NGS"
"709",2019-10-24,12,0,0,NA,"NGS"
"710",2019-10-24,13,0,0,NA,"NGS"
"711",2019-10-24,14,0,0,NA,"NGS"
"712",2019-10-24,15,0,0,NA,"NGS"
"713",2019-10-24,16,0,0,NA,"NGS"
"714",2019-10-24,17,0,0,NA,"NGS"
"715",2019-10-24,18,0,0,NA,"NGS"
"716",2019-10-24,19,0,0,NA,"NGS"
"717",2019-10-24,20,0,0,NA,"NGS"
"718",2019-10-24,21,0,0,NA,"NGS"
"719",2019-10-24,22,0,0,NA,"NGS"
"720",2019-10-24,23,0,0,NA,"NGS"
"721",2019-10-25,0,0,0,NA,"NGS"
"722",2019-10-25,1,0,0,NA,"NGS"
"723",2019-10-25,2,0,0,NA,"NGS"
"724",2019-10-25,3,0,0,NA,"NGS"
"725",2019-10-25,4,0,0,NA,"NGS"
"726",2019-10-25,5,0,0,NA,"NGS"
"727",2019-10-25,6,0,1,NA,"NGS"
"728",2019-10-25,7,0,0,NA,"NGS"
"729",2019-10-25,8,0,0,NA,"NGS"
"730",2019-10-25,9,0,0,NA,"NGS"
"731",2019-10-25,10,0,1,NA,"NGS"
"732",2019-10-25,11,0,0,NA,"NGS"
"733",2019-10-25,12,0,0,NA,"NGS"
"734",2019-10-25,13,0,0,NA,"NGS"
"735",2019-10-25,14,0,0,NA,"NGS"
"736",2019-10-25,15,0,0,NA,"NGS"
"737",2019-10-25,16,0,0,NA,"NGS"
"738",2019-10-25,17,0,0,NA,"NGS"
"739",2019-10-25,18,0,0,NA,"NGS"
"740",2019-10-25,19,0,0,NA,"NGS"
"741",2019-10-25,20,0,0,NA,"NGS"
"742",2019-10-25,21,0,0,NA,"NGS"
"743",2019-10-25,22,0,0,NA,"NGS"
"744",2019-10-25,23,0,0,NA,"NGS"
"745",2019-10-26,0,0,0,NA,"NGS"
"746",2019-10-26,1,0,0,NA,"NGS"
"747",2019-10-26,2,0,0,NA,"NGS"
"748",2019-10-26,3,0,0,NA,"NGS"
"749",2019-10-26,4,0,0,NA,"NGS"
"750",2019-10-26,5,0,0,NA,"NGS"
"751",2019-10-26,6,0,0,NA,"NGS"
"752",2019-10-26,7,0,0,NA,"NGS"
"753",2019-10-26,8,0,0,NA,"NGS"
"754",2019-10-26,9,0,0,NA,"NGS"
"755",2019-10-26,10,0,1,NA,"NGS"
"756",2019-10-26,11,0,0,NA,"NGS"
"757",2019-10-26,12,0,0,NA,"NGS"
"758",2019-10-26,13,0,0,NA,"NGS"
"759",2019-10-26,14,0,0,NA,"NGS"
"760",2019-10-26,15,0,0,NA,"NGS"
"761",2019-10-26,16,0,0,NA,"NGS"
"762",2019-10-26,17,0,0,NA,"NGS"
"763",2019-10-26,18,0,0,NA,"NGS"
"764",2019-10-26,19,0,0,NA,"NGS"
"765",2019-10-26,20,0,0,NA,"NGS"
"766",2019-10-26,21,0,0,NA,"NGS"
"767",2019-10-26,22,0,0,NA,"NGS"
"768",2019-10-26,23,0,0,NA,"NGS"
"769",2019-10-27,0,0,0,NA,"NGS"
"770",2019-10-27,1,0,0,NA,"NGS"
"771",2019-10-27,2,0,0,NA,"NGS"
"772",2019-10-27,3,0,1,NA,"NGS"
"773",2019-10-27,4,0,1,NA,"NGS"
"774",2019-10-27,5,0,0,NA,"NGS"
"775",2019-10-27,6,0,0,NA,"NGS"
"776",2019-10-27,7,0,0,NA,"NGS"
"777",2019-10-27,8,0,0,NA,"NGS"
"778",2019-10-27,9,0,0,NA,"NGS"
"779",2019-10-27,10,0,1,NA,"NGS"
"780",2019-10-27,11,0,0,NA,"NGS"
"781",2019-10-27,12,0,0,NA,"NGS"
"782",2019-10-27,13,0,0,NA,"NGS"
"783",2019-10-27,14,0,0,NA,"NGS"
"784",2019-10-27,15,0,0,NA,"NGS"
"785",2019-10-27,16,0,0,NA,"NGS"
"786",2019-10-27,17,0,0,NA,"NGS"
"787",2019-10-27,18,0,0,NA,"NGS"
"788",2019-10-27,19,0,0,NA,"NGS"
"789",2019-10-27,20,0,0,NA,"NGS"
"790",2019-10-27,21,0,0,NA,"NGS"
"791",2019-10-27,22,0,0,NA,"NGS"
"792",2019-10-27,23,0,0,NA,"NGS"
"793",2019-10-28,0,0,0,NA,"NGS"
"794",2019-10-28,1,0,0,NA,"NGS"
"795",2019-10-28,2,0,0,NA,"NGS"
"796",2019-10-28,3,0,0,NA,"NGS"
"797",2019-10-28,4,0,0,NA,"NGS"
"798",2019-10-28,5,0,0,NA,"NGS"
"799",2019-10-28,6,0,0,NA,"NGS"
"800",2019-10-28,7,0,0,NA,"NGS"
"801",2019-10-28,8,0,0,NA,"NGS"
"802",2019-10-28,9,0,0,NA,"NGS"
"803",2019-10-28,10,0,1,NA,"NGS"
"804",2019-10-28,11,0,0,NA,"NGS"
"805",2019-10-28,12,0,0,NA,"NGS"
"806",2019-10-28,13,0,0,NA,"NGS"
"807",2019-10-28,14,0,0,NA,"NGS"
"808",2019-10-28,15,0,0,NA,"NGS"
"809",2019-10-28,16,0,0,NA,"NGS"
"810",2019-10-28,17,0,0,NA,"NGS"
"811",2019-10-28,18,0,0,NA,"NGS"
"812",2019-10-28,19,0,0,NA,"NGS"
"813",2019-10-28,20,0,0,NA,"NGS"
"814",2019-10-28,21,0,0,NA,"NGS"
"815",2019-10-28,22,0,0,NA,"NGS"
"816",2019-10-28,23,0,0,NA,"NGS"
"817",2019-10-29,0,0,0,NA,"NGS"
"818",2019-10-29,1,0,0,NA,"NGS"
"819",2019-10-29,2,0,0,NA,"NGS"
"820",2019-10-29,3,0,0,NA,"NGS"
"821",2019-10-29,4,0,0,NA,"NGS"
"822",2019-10-29,5,0,0,NA,"NGS"
"823",2019-10-29,6,0,0,NA,"NGS"
"824",2019-10-29,7,0,0,NA,"NGS"
"825",2019-10-29,8,0,0,NA,"NGS"
"826",2019-10-29,9,0,1,NA,"NGS"
"827",2019-10-29,10,0,1,NA,"NGS"
"828",2019-10-29,11,0,0,NA,"NGS"
"829",2019-10-29,12,0,0,NA,"NGS"
"830",2019-10-29,13,0,0,NA,"NGS"
"831",2019-10-29,14,0,0,NA,"NGS"
"832",2019-10-29,15,0,0,NA,"NGS"
"833",2019-10-29,16,0,0,NA,"NGS"
"834",2019-10-29,17,0,0,NA,"NGS"
"835",2019-10-29,18,0,0,NA,"NGS"
"836",2019-10-29,19,0,0,NA,"NGS"
"837",2019-10-29,20,0,0,NA,"NGS"
"838",2019-10-29,21,0,0,NA,"NGS"
"839",2019-10-29,22,0,0,NA,"NGS"
"840",2019-10-29,23,0,0,NA,"NGS"
"841",2019-10-30,0,0,1,NA,"NGS"
"842",2019-10-30,1,0,0,NA,"NGS"
"843",2019-10-30,2,0,0,NA,"NGS"
"844",2019-10-30,3,0,0,NA,"NGS"
"845",2019-10-30,4,0,0,NA,"NGS"
"846",2019-10-30,5,0,0,NA,"NGS"
"847",2019-10-30,6,0,0,NA,"NGS"
"848",2019-10-30,7,0,0,NA,"NGS"
"849",2019-10-30,8,0,0,NA,"NGS"
"850",2019-10-30,9,0,0,NA,"NGS"
"851",2019-10-30,10,0,1,NA,"NGS"
"852",2019-10-30,11,0,0,NA,"NGS"
"853",2019-10-30,12,0,0,NA,"NGS"
"854",2019-10-30,13,0,0,NA,"NGS"
"855",2019-10-30,14,0,0,NA,"NGS"
"856",2019-10-30,15,0,0,NA,"NGS"
"857",2019-10-30,16,0,0,NA,"NGS"
"858",2019-10-30,17,0,0,NA,"NGS"
"859",2019-10-30,18,0,0,NA,"NGS"
"860",2019-10-30,19,0,0,NA,"NGS"
"861",2019-10-30,20,0,0,NA,"NGS"
"862",2019-10-30,21,0,0,NA,"NGS"
"863",2019-10-30,22,0,0,NA,"NGS"
"864",2019-10-30,23,0,0,NA,"NGS"
"865",2019-10-31,0,0,0,NA,"NGS"
"866",2019-10-31,1,0,0,NA,"NGS"
"867",2019-10-31,2,0,0,NA,"NGS"
"868",2019-10-31,3,0,0,NA,"NGS"
"869",2019-10-31,4,0,0,NA,"NGS"
"870",2019-10-31,5,0,0,NA,"NGS"
"871",2019-10-31,6,0,0,NA,"NGS"
"872",2019-10-31,7,0,0,NA,"NGS"
"873",2019-10-31,8,0,0,NA,"NGS"
"874",2019-10-31,9,0,0,NA,"NGS"
"875",2019-10-31,10,0,0,NA,"NGS"
"876",2019-10-31,11,0,1,NA,"NGS"
"877",2019-10-31,12,0,0,NA,"NGS"
"878",2019-10-31,13,0,0,NA,"NGS"
"879",2019-10-31,14,0,0,NA,"NGS"
"880",2019-10-31,15,0,0,NA,"NGS"
"881",2019-10-31,16,0,0,NA,"NGS"
"882",2019-10-31,17,0,0,NA,"NGS"
"883",2019-10-31,18,0,0,NA,"NGS"
"884",2019-10-31,19,0,0,NA,"NGS"
"885",2019-10-31,20,0,0,NA,"NGS"
"886",2019-10-31,21,0,0,NA,"NGS"
"887",2019-10-31,22,0,0,NA,"NGS"
"888",2019-10-31,23,0,0,NA,"NGS"
"889",2019-11-01,0,0,0,NA,"NGS"
"890",2019-11-01,1,0,0,NA,"NGS"
"891",2019-11-01,2,0,0,NA,"NGS"
"892",2019-11-01,3,0,0,NA,"NGS"
"893",2019-11-01,4,0,0,NA,"NGS"
"894",2019-11-01,5,0,0,NA,"NGS"
"895",2019-11-01,6,0,0,NA,"NGS"
"896",2019-11-01,7,0,0,NA,"NGS"
"897",2019-11-01,8,0,0,NA,"NGS"
"898",2019-11-01,9,0,0,NA,"NGS"
"899",2019-11-01,10,0,0,NA,"NGS"
"900",2019-11-01,11,0,1,NA,"NGS"
"901",2019-11-01,12,0,0,NA,"NGS"
"902",2019-11-01,13,0,0,NA,"NGS"
"903",2019-11-01,14,0,0,NA,"NGS"
"904",2019-11-01,15,0,0,NA,"NGS"
"905",2019-11-01,16,0,0,NA,"NGS"
"906",2019-11-01,17,0,0,NA,"NGS"
"907",2019-11-01,18,0,0,NA,"NGS"
"908",2019-11-01,19,0,0,NA,"NGS"
"909",2019-11-01,20,0,0,NA,"NGS"
"910",2019-11-01,21,0,0,NA,"NGS"
"911",2019-11-01,22,0,0,NA,"NGS"
"912",2019-11-01,23,0,0,NA,"NGS"
"913",2019-11-02,0,0,0,NA,"NGS"
"914",2019-11-02,1,0,0,NA,"NGS"
"915",2019-11-02,2,0,0,NA,"NGS"
"916",2019-11-02,3,0,0,NA,"NGS"
"917",2019-11-02,4,0,0,NA,"NGS"
"918",2019-11-02,5,0,0,NA,"NGS"
"919",2019-11-02,6,0,0,NA,"NGS"
"920",2019-11-02,7,0,0,NA,"NGS"
"921",2019-11-02,8,0,0,NA,"NGS"
"922",2019-11-02,9,0,0,NA,"NGS"
"923",2019-11-02,10,0,0,NA,"NGS"
"924",2019-11-02,11,0,1,NA,"NGS"
"925",2019-11-02,12,0,0,NA,"NGS"
"926",2019-11-02,13,0,0,NA,"NGS"
"927",2019-11-02,14,0,0,NA,"NGS"
"928",2019-11-02,15,0,0,NA,"NGS"
"929",2019-11-02,16,0,0,NA,"NGS"
"930",2019-11-02,17,0,0,NA,"NGS"
"931",2019-11-02,18,0,0,NA,"NGS"
"932",2019-11-02,19,0,0,NA,"NGS"
"933",2019-11-02,20,0,0,NA,"NGS"
"934",2019-11-02,21,0,0,NA,"NGS"
"935",2019-11-02,22,0,0,NA,"NGS"
"936",2019-11-02,23,0,0,NA,"NGS"
"937",2019-11-03,0,0,0,NA,"NGS"
"938",2019-11-03,1,0,0,NA,"NGS"
"939",2019-11-03,2,0,0,NA,"NGS"
"940",2019-11-03,3,0,0,NA,"NGS"
"941",2019-11-03,4,0,0,NA,"NGS"
"942",2019-11-03,5,0,0,NA,"NGS"
"943",2019-11-03,6,0,0,NA,"NGS"
"944",2019-11-03,7,0,0,NA,"NGS"
"945",2019-11-03,8,0,0,NA,"NGS"
"946",2019-11-03,9,0,0,NA,"NGS"
"947",2019-11-03,10,0,1,NA,"NGS"
"948",2019-11-03,11,0,0,NA,"NGS"
"949",2019-11-03,12,0,0,NA,"NGS"
"950",2019-11-03,13,0,0,NA,"NGS"
"951",2019-11-03,14,0,0,NA,"NGS"
"952",2019-11-03,15,0,0,NA,"NGS"
"953",2019-11-03,16,0,0,NA,"NGS"
"954",2019-11-03,17,0,0,NA,"NGS"
"955",2019-11-03,18,0,0,NA,"NGS"
"956",2019-11-03,19,0,0,NA,"NGS"
"957",2019-11-03,20,0,0,NA,"NGS"
"958",2019-11-03,21,0,0,NA,"NGS"
"959",2019-11-03,22,0,1,NA,"NGS"
"960",2019-11-03,23,0,0,NA,"NGS"
"961",2019-11-04,0,0,0,NA,"NGS"
"962",2019-11-04,1,0,0,NA,"NGS"
"963",2019-11-04,2,0,0,NA,"NGS"
"964",2019-11-04,3,0,0,NA,"NGS"
"965",2019-11-04,4,0,0,NA,"NGS"
"966",2019-11-04,5,0,0,NA,"NGS"
"967",2019-11-04,6,0,0,NA,"NGS"
"968",2019-11-04,7,0,0,NA,"NGS"
"969",2019-11-04,8,0,0,NA,"NGS"
"970",2019-11-04,9,0,0,NA,"NGS"
"971",2019-11-04,10,0,0,NA,"NGS"
"972",2019-11-04,11,0,1,NA,"NGS"
"973",2019-11-04,12,0,0,NA,"NGS"
"974",2019-11-04,13,0,0,NA,"NGS"
"975",2019-11-04,14,0,0,NA,"NGS"
"976",2019-11-04,15,0,0,NA,"NGS"
"977",2019-11-04,16,0,0,NA,"NGS"
"978",2019-11-04,17,0,0,NA,"NGS"
"979",2019-11-04,18,0,0,NA,"NGS"
"980",2019-11-04,19,0,0,NA,"NGS"
"981",2019-11-04,20,0,0,NA,"NGS"
"982",2019-11-04,21,0,1,NA,"NGS"
"983",2019-11-04,22,0,0,NA,"NGS"
"984",2019-11-04,23,0,0,NA,"NGS"
"985",2019-11-05,0,0,1,NA,"NGS"
"986",2019-11-05,1,0,1,NA,"NGS"
"987",2019-11-05,2,0,0,NA,"NGS"
"988",2019-11-05,3,0,1,"faint, difficult to determine exact start/end","NGS"
"989",2019-11-05,4,0,0,NA,"NGS"
"990",2019-11-05,5,0,0,NA,"NGS"
"991",2019-11-05,6,0,0,NA,"NGS"
"992",2019-11-05,7,0,0,NA,"NGS"
"993",2019-11-05,8,0,0,NA,"NGS"
"994",2019-11-05,9,0,0,NA,"NGS"
"995",2019-11-05,10,0,1,NA,"NGS"
"996",2019-11-05,11,0,0,NA,"NGS"
"997",2019-11-05,12,0,0,NA,"NGS"
"998",2019-11-05,13,0,0,NA,"NGS"
"999",2019-11-05,14,0,0,NA,"NGS"
"1000",2019-11-05,15,0,0,NA,"NGS"
"1001",2019-11-05,16,0,0,NA,"NGS"
"1002",2019-11-05,17,0,0,NA,"NGS"
"1003",2019-11-05,18,0,0,NA,"NGS"
"1004",2019-11-05,19,0,0,NA,"NGS"
"1005",2019-11-05,20,0,0,NA,"NGS"
"1006",2019-11-05,21,0,0,NA,"NGS"
"1007",2019-11-05,22,0,0,NA,"NGS"
"1008",2019-11-05,23,0,0,NA,"NGS"
"1009",2019-11-06,0,0,0,NA,"NGS"
"1010",2019-11-06,1,0,0,NA,"NGS"
"1011",2019-11-06,2,0,0,NA,"NGS"
"1012",2019-11-06,3,0,0,NA,"NGS"
"1013",2019-11-06,4,0,0,NA,"NGS"
"1014",2019-11-06,5,0,0,NA,"NGS"
"1015",2019-11-06,6,0,0,NA,"NGS"
"1016",2019-11-06,7,0,0,NA,"NGS"
"1017",2019-11-06,8,0,0,NA,"NGS"
"1018",2019-11-06,9,0,0,NA,"NGS"
"1019",2019-11-06,10,0,1,NA,"NGS"
"1020",2019-11-06,11,0,0,NA,"NGS"
"1021",2019-11-06,12,0,0,NA,"NGS"
"1022",2019-11-06,13,0,0,NA,"NGS"
"1023",2019-11-06,14,0,0,NA,"NGS"
"1024",2019-11-06,15,0,0,NA,"NGS"
"1025",2019-11-06,16,0,0,NA,"NGS"
"1026",2019-11-06,17,0,0,NA,"NGS"
"1027",2019-11-06,18,0,0,NA,"NGS"
"1028",2019-11-06,19,0,0,NA,"NGS"
"1029",2019-11-06,20,0,0,NA,"NGS"
"1030",2019-11-06,21,0,0,NA,"NGS"
"1031",2019-11-06,22,0,0,NA,"NGS"
"1032",2019-11-06,23,0,0,NA,"NGS"
"1033",2019-11-07,0,0,0,NA,"NGS"
"1034",2019-11-07,1,0,0,NA,"NGS"
"1035",2019-11-07,2,0,0,NA,"NGS"
"1036",2019-11-07,3,0,0,NA,"NGS"
"1037",2019-11-07,4,0,0,NA,"NGS"
"1038",2019-11-07,5,0,0,NA,"NGS"
"1039",2019-11-07,6,0,0,NA,"NGS"
"1040",2019-11-07,7,0,0,NA,"NGS"
"1041",2019-11-07,8,0,0,NA,"NGS"
"1042",2019-11-07,9,0,0,NA,"NGS"
"1043",2019-11-07,10,0,2,"; end of vessel masked by fish chorusing","NGS"
"1044",2019-11-07,11,0,0,NA,"NGS"
"1045",2019-11-07,12,0,0,NA,"NGS"
"1046",2019-11-07,13,0,0,NA,"NGS"
"1047",2019-11-07,14,0,0,NA,"NGS"
"1048",2019-11-07,15,0,0,NA,"NGS"
"1049",2019-11-07,16,0,0,NA,"NGS"
"1050",2019-11-07,17,0,0,NA,"NGS"
"1051",2019-11-07,18,0,0,NA,"NGS"
"1052",2019-11-07,19,0,0,NA,"NGS"
"1053",2019-11-07,20,0,0,NA,"NGS"
"1054",2019-11-07,21,0,0,NA,"NGS"
"1055",2019-11-07,22,0,0,NA,"NGS"
"1056",2019-11-07,23,0,0,NA,"NGS"
"1057",2019-11-08,0,1,0,"weirdly quiet","NGS"
"1058",2019-11-08,1,0,0,NA,"NGS"
"1059",2019-11-08,2,0,0,NA,"NGS"
"1060",2019-11-08,3,0,0,NA,"NGS"
"1061",2019-11-08,4,0,0,NA,"NGS"
"1062",2019-11-08,5,0,0,NA,"NGS"
"1063",2019-11-08,6,0,0,NA,"NGS"
"1064",2019-11-08,7,0,0,NA,"NGS"
"1065",2019-11-08,8,0,0,NA,"NGS"
"1066",2019-11-08,9,0,0,NA,"NGS"
"1067",2019-11-08,10,0,1,NA,"NGS"
"1068",2019-11-08,11,0,0,NA,"NGS"
"1069",2019-11-08,12,0,0,NA,"NGS"
"1070",2019-11-08,13,0,1,NA,"NGS"
"1071",2019-11-08,14,0,0,NA,"NGS"
"1072",2019-11-08,15,0,0,NA,"NGS"
"1073",2019-11-08,16,0,0,NA,"NGS"
"1074",2019-11-08,17,0,0,NA,"NGS"
"1075",2019-11-08,18,0,0,NA,"NGS"
"1076",2019-11-08,19,0,0,NA,"NGS"
"1077",2019-11-08,20,0,0,NA,"NGS"
"1078",2019-11-08,21,0,0,NA,"NGS"
"1079",2019-11-08,22,0,0,NA,"NGS"
"1080",2019-11-08,23,0,0,NA,"NGS"
"1081",2019-11-09,0,0,0,NA,"NGS"
"1082",2019-11-09,1,0,0,NA,"NGS"
"1083",2019-11-09,2,0,0,NA,"NGS"
"1084",2019-11-09,3,0,1,NA,"NGS"
"1085",2019-11-09,4,0,0,NA,"NGS"
"1086",2019-11-09,5,0,0,NA,"NGS"
"1087",2019-11-09,6,0,0,NA,"NGS"
"1088",2019-11-09,7,0,0,NA,"NGS"
"1089",2019-11-09,8,0,0,NA,"NGS"
"1090",2019-11-09,9,0,0,NA,"NGS"
"1091",2019-11-09,10,0,0,NA,"NGS"
"1092",2019-11-09,11,0,1,NA,"NGS"
"1093",2019-11-09,12,0,0,NA,"NGS"
"1094",2019-11-09,13,0,0,NA,"NGS"
"1095",2019-11-09,14,0,0,NA,"NGS"
"1096",2019-11-09,15,0,0,NA,"NGS"
"1097",2019-11-09,16,0,0,NA,"NGS"
"1098",2019-11-09,17,0,0,NA,"NGS"
"1099",2019-11-09,18,0,0,NA,"NGS"
"1100",2019-11-09,19,0,0,NA,"NGS"
"1101",2019-11-09,20,0,0,NA,"NGS"
"1102",2019-11-09,21,0,0,NA,"NGS"
"1103",2019-11-09,22,0,0,NA,"NGS"
"1104",2019-11-09,23,0,0,NA,"NGS"
"1105",2019-11-10,0,0,0,NA,"NGS"
"1106",2019-11-10,1,0,0,NA,"NGS"
"1107",2019-11-10,2,0,0,NA,"NGS"
"1108",2019-11-10,3,0,0,NA,"NGS"
"1109",2019-11-10,4,0,0,NA,"NGS"
"1110",2019-11-10,5,0,0,NA,"NGS"
"1111",2019-11-10,6,0,0,NA,"NGS"
"1112",2019-11-10,7,0,0,NA,"NGS"
"1113",2019-11-10,8,0,0,NA,"NGS"
"1114",2019-11-10,9,0,0,NA,"NGS"
"1115",2019-11-10,10,0,1,NA,"NGS"
"1116",2019-11-10,11,0,0,NA,"NGS"
"1117",2019-11-10,12,0,0,NA,"NGS"
"1118",2019-11-10,13,0,0,NA,"NGS"
"1119",2019-11-10,14,0,0,NA,"NGS"
"1120",2019-11-10,15,0,0,NA,"NGS"
"1121",2019-11-10,16,0,0,NA,"NGS"
"1122",2019-11-10,17,0,0,NA,"NGS"
"1123",2019-11-10,18,0,0,NA,"NGS"
"1124",2019-11-10,19,0,0,NA,"NGS"
"1125",2019-11-10,20,0,0,NA,"NGS"
"1126",2019-11-10,21,0,0,NA,"NGS"
"1127",2019-11-10,22,0,0,NA,"NGS"
"1128",2019-11-10,23,0,0,NA,"NGS"
"1129",2019-11-11,0,0,0,NA,"NGS"
"1130",2019-11-11,1,0,0,NA,"NGS"
"1131",2019-11-11,2,0,0,NA,"NGS"
"1132",2019-11-11,3,0,0,NA,"NGS"
"1133",2019-11-11,4,0,0,NA,"NGS"
"1134",2019-11-11,5,0,0,NA,"NGS"
"1135",2019-11-11,6,0,1,NA,"NGS"
"1136",2019-11-11,7,0,0,NA,"NGS"
"1137",2019-11-11,8,0,0,NA,"NGS"
"1138",2019-11-11,9,0,0,NA,"NGS"
"1139",2019-11-11,10,0,0,NA,"NGS"
"1140",2019-11-11,11,0,1,NA,"NGS"
"1141",2019-11-11,12,0,0,NA,"NGS"
"1142",2019-11-11,13,0,0,NA,"NGS"
"1143",2019-11-11,14,0,0,NA,"NGS"
"1144",2019-11-11,15,0,0,NA,"NGS"
"1145",2019-11-11,16,0,0,NA,"NGS"
"1146",2019-11-11,17,0,0,NA,"NGS"
"1147",2019-11-11,18,0,0,NA,"NGS"
"1148",2019-11-11,19,0,0,NA,"NGS"
"1149",2019-11-11,20,0,0,NA,"NGS"
"1150",2019-11-11,21,0,0,NA,"NGS"
"1151",2019-11-11,22,0,0,NA,"NGS"
"1152",2019-11-11,23,0,0,NA,"NGS"
"1153",2019-11-12,0,0,0,NA,"NGS"
"1154",2019-11-12,1,0,0,NA,"NGS"
"1155",2019-11-12,2,0,0,NA,"NGS"
"1156",2019-11-12,3,0,0,NA,"NGS"
"1157",2019-11-12,4,0,0,NA,"NGS"
"1158",2019-11-12,5,0,0,NA,"NGS"
"1159",2019-11-12,6,0,0,NA,"NGS"
"1160",2019-11-12,7,0,0,NA,"NGS"
"1161",2019-11-12,8,0,0,NA,"NGS"
"1162",2019-11-12,9,0,0,NA,"NGS"
"1163",2019-11-12,10,0,0,NA,"NGS"
"1164",2019-11-12,11,0,1,NA,"NGS"
"1165",2019-11-12,12,0,0,NA,"NGS"
"1166",2019-11-12,13,0,0,NA,"NGS"
"1167",2019-11-12,14,0,0,NA,"NGS"
"1168",2019-11-12,15,0,0,NA,"NGS"
"1169",2019-11-12,16,0,0,NA,"NGS"
"1170",2019-11-12,17,0,0,NA,"NGS"
"1171",2019-11-12,18,0,0,NA,"NGS"
"1172",2019-11-12,19,0,0,NA,"NGS"
"1173",2019-11-12,20,0,0,NA,"NGS"
"1174",2019-11-12,21,0,0,NA,"NGS"
"1175",2019-11-12,22,0,0,NA,"NGS"
"1176",2019-11-12,23,0,0,NA,"NGS"
"1177",2019-11-13,0,0,0,NA,"NGS"
"1178",2019-11-13,1,0,0,NA,"NGS"
"1179",2019-11-13,2,0,0,NA,"NGS"
"1180",2019-11-13,3,0,0,NA,"NGS"
"1181",2019-11-13,4,0,0,NA,"NGS"
"1182",2019-11-13,5,0,0,NA,"NGS"
"1183",2019-11-13,6,0,1,NA,"NGS"
"1184",2019-11-13,7,0,0,NA,"NGS"
"1185",2019-11-13,8,0,0,NA,"NGS"
"1186",2019-11-13,9,0,0,NA,"NGS"
"1187",2019-11-13,10,0,0,NA,"NGS"
"1188",2019-11-13,11,0,1,NA,"NGS"
"1189",2019-11-13,12,0,0,NA,"NGS"
"1190",2019-11-13,13,0,0,NA,"NGS"
"1191",2019-11-13,14,0,0,NA,"NGS"
"1192",2019-11-13,15,0,0,NA,"NGS"
"1193",2019-11-13,16,0,0,NA,"NGS"
"1194",2019-11-13,17,0,1,NA,"NGS"
"1195",2019-11-13,18,0,0,NA,"NGS"
"1196",2019-11-13,19,0,0,NA,"NGS"
"1197",2019-11-13,20,0,0,NA,"NGS"
"1198",2019-11-13,21,0,0,NA,"NGS"
"1199",2019-11-13,22,0,0,NA,"NGS"
"1200",2019-11-13,23,0,0,NA,"NGS"
"1201",2019-11-14,0,0,0,NA,"NGS"
"1202",2019-11-14,1,0,0,NA,"NGS"
"1203",2019-11-14,2,0,0,NA,"NGS"
"1204",2019-11-14,3,0,0,NA,"NGS"
"1205",2019-11-14,4,0,0,NA,"NGS"
"1206",2019-11-14,5,0,0,NA,"NGS"
"1207",2019-11-14,6,0,0,NA,"NGS"
"1208",2019-11-14,7,0,0,NA,"NGS"
"1209",2019-11-14,8,0,0,NA,"NGS"
"1210",2019-11-14,9,0,0,NA,"NGS"
"1211",2019-11-14,10,0,0,NA,"NGS"
"1212",2019-11-14,11,0,1,NA,"NGS"
"1213",2019-11-14,12,0,0,NA,"NGS"
"1214",2019-11-14,13,0,0,NA,"NGS"
"1215",2019-11-14,14,0,0,NA,"NGS"
"1216",2019-11-14,15,0,0,NA,"NGS"
"1217",2019-11-14,16,0,0,NA,"NGS"
"1218",2019-11-14,17,0,0,NA,"NGS"
"1219",2019-11-14,18,0,0,NA,"NGS"
"1220",2019-11-14,19,0,0,NA,"NGS"
"1221",2019-11-14,20,0,0,NA,"NGS"
"1222",2019-11-14,21,0,0,NA,"NGS"
"1223",2019-11-14,22,0,0,NA,"NGS"
"1224",2019-11-14,23,0,0,NA,"NGS"
"1225",2019-11-15,0,0,0,NA,"NGS"
"1226",2019-11-15,1,0,0,NA,"NGS"
"1227",2019-11-15,2,0,0,NA,"NGS"
"1228",2019-11-15,3,0,0,NA,"NGS"
"1229",2019-11-15,4,0,0,NA,"NGS"
"1230",2019-11-15,5,0,0,NA,"NGS"
"1231",2019-11-15,6,0,0,NA,"NGS"
"1232",2019-11-15,7,0,0,NA,"NGS"
"1233",2019-11-15,8,0,0,NA,"NGS"
"1234",2019-11-15,9,0,0,NA,"NGS"
"1235",2019-11-15,10,0,0,NA,"NGS"
"1236",2019-11-15,11,0,1,NA,"NGS"
"1237",2019-11-15,12,0,0,NA,"NGS"
"1238",2019-11-15,13,0,0,NA,"NGS"
"1239",2019-11-15,14,0,0,NA,"NGS"
"1240",2019-11-15,15,0,0,NA,"NGS"
"1241",2019-11-15,16,0,0,NA,"NGS"
"1242",2019-11-15,17,0,0,NA,"NGS"
"1243",2019-11-15,18,0,0,NA,"NGS"
"1244",2019-11-15,19,0,0,NA,"NGS"
"1245",2019-11-15,20,0,0,NA,"NGS"
"1246",2019-11-15,21,0,0,NA,"NGS"
"1247",2019-11-15,22,0,0,NA,"NGS"
"1248",2019-11-15,23,0,0,NA,"NGS"
"1249",2019-11-16,0,0,0,NA,"NGS"
"1250",2019-11-16,1,0,0,NA,"NGS"
"1251",2019-11-16,2,0,0,NA,"NGS"
"1252",2019-11-16,3,0,0,NA,"NGS"
"1253",2019-11-16,4,0,0,NA,"NGS"
"1254",2019-11-16,5,0,0,NA,"NGS"
"1255",2019-11-16,6,0,0,NA,"NGS"
"1256",2019-11-16,7,0,0,NA,"NGS"
"1257",2019-11-16,8,0,0,NA,"NGS"
"1258",2019-11-16,9,0,0,NA,"NGS"
"1259",2019-11-16,10,0,0,NA,"NGS"
"1260",2019-11-16,11,0,1,NA,"NGS"
"1261",2019-11-16,12,0,0,NA,"NGS"
"1262",2019-11-16,13,0,0,NA,"NGS"
"1263",2019-11-16,14,0,1,"overlaps with 416","NGS"
"1264",2019-11-16,15,0,0,NA,"NGS"
"1265",2019-11-16,16,0,0,NA,"NGS"
"1266",2019-11-16,17,0,0,NA,"NGS"
"1267",2019-11-16,18,0,0,NA,"NGS"
"1268",2019-11-16,19,0,0,NA,"NGS"
"1269",2019-11-16,20,0,0,NA,"NGS"
"1270",2019-11-16,21,0,0,NA,"NGS"
"1271",2019-11-16,22,1,0,NA,"NGS"
"1272",2019-11-16,23,0,0,NA,"NGS"
"1273",2019-11-17,0,0,0,NA,"NGS"
"1274",2019-11-17,1,0,0,NA,"NGS"
"1275",2019-11-17,2,0,0,NA,"NGS"
"1276",2019-11-17,3,0,0,NA,"NGS"
"1277",2019-11-17,4,0,0,NA,"NGS"
"1278",2019-11-17,5,0,0,NA,"NGS"
"1279",2019-11-17,6,0,0,NA,"NGS"
"1280",2019-11-17,7,0,0,NA,"NGS"
"1281",2019-11-17,8,0,0,NA,"NGS"
"1282",2019-11-17,9,0,0,NA,"NGS"
"1283",2019-11-17,10,0,0,NA,"NGS"
"1284",2019-11-17,11,0,0,NA,"NGS"
"1285",2019-11-17,12,0,0,NA,"NGS"
"1286",2019-11-17,13,0,0,NA,"NGS"
"1287",2019-11-17,14,0,0,NA,"NGS"
"1288",2019-11-17,15,0,0,NA,"NGS"
"1289",2019-11-17,16,0,0,NA,"NGS"
"1290",2019-11-17,17,0,0,NA,"NGS"
"1291",2019-11-17,18,0,0,NA,"NGS"
"1292",2019-11-17,19,0,0,NA,"NGS"
"1293",2019-11-17,20,0,0,NA,"NGS"
"1294",2019-11-17,21,0,0,NA,"NGS"
"1295",2019-11-17,22,0,0,NA,"NGS"
"1296",2019-11-17,23,0,0,NA,"NGS"
"1297",2019-11-18,0,0,0,NA,"NGS"
"1298",2019-11-18,1,0,0,NA,"NGS"
"1299",2019-11-18,2,0,0,NA,"NGS"
"1300",2019-11-18,3,0,0,NA,"NGS"
"1301",2019-11-18,4,0,0,NA,"NGS"
"1302",2019-11-18,5,0,0,NA,"NGS"
"1303",2019-11-18,6,0,0,NA,"NGS"
"1304",2019-11-18,7,0,0,NA,"NGS"
"1305",2019-11-18,8,0,0,NA,"NGS"
"1306",2019-11-18,9,0,0,NA,"NGS"
"1307",2019-11-18,10,0,0,NA,"NGS"
"1308",2019-11-18,11,0,0,NA,"NGS"
"1309",2019-11-18,12,0,0,NA,"NGS"
"1310",2019-11-18,13,0,0,NA,"NGS"
"1311",2019-11-18,14,0,0,NA,"NGS"
"1312",2019-11-18,15,0,0,NA,"NGS"
"1313",2019-11-18,16,0,0,NA,"NGS"
"1314",2019-11-18,17,0,0,NA,"NGS"
"1315",2019-11-18,18,0,0,NA,"NGS"
"1316",2019-11-18,19,0,0,NA,"NGS"
"1317",2019-11-18,20,0,0,NA,"NGS"
"1318",2019-11-18,21,0,0,NA,"NGS"
"1319",2019-11-18,22,0,0,NA,"NGS"
"1320",2019-11-18,23,0,0,NA,"NGS"
