"","Begin_Date","Begin_Hour","Maneuver","Not_Assigned","Transit","Notes","SiteID"
"1",2019-04-11,0,0,NA,0,NA,"CGMP"
"2",2019-04-11,1,0,NA,0,NA,"CGMP"
"3",2019-04-11,2,0,NA,0,NA,"CGMP"
"4",2019-04-11,3,0,NA,0,NA,"CGMP"
"5",2019-04-11,4,0,NA,0,NA,"CGMP"
"6",2019-04-11,5,0,NA,0,NA,"CGMP"
"7",2019-04-11,6,0,NA,0,NA,"CGMP"
"8",2019-04-11,7,0,NA,0,NA,"CGMP"
"9",2019-04-11,8,0,NA,0,NA,"CGMP"
"10",2019-04-11,9,0,NA,0,NA,"CGMP"
"11",2019-04-11,10,0,NA,0,NA,"CGMP"
"12",2019-04-11,11,0,NA,0,NA,"CGMP"
"13",2019-04-11,12,0,NA,0,NA,"CGMP"
"14",2019-04-11,13,0,NA,0,NA,"CGMP"
"15",2019-04-11,14,0,NA,0,NA,"CGMP"
"16",2019-04-11,15,0,NA,0,NA,"CGMP"
"17",2019-04-11,16,0,NA,0,NA,"CGMP"
"18",2019-04-11,17,0,NA,0,NA,"CGMP"
"19",2019-04-11,18,0,NA,0,NA,"CGMP"
"20",2019-04-11,19,0,NA,0,NA,"CGMP"
"21",2019-04-11,20,0,NA,0,NA,"CGMP"
"22",2019-04-11,21,0,NA,0,NA,"CGMP"
"23",2019-04-11,22,0,NA,0,NA,"CGMP"
"24",2019-04-11,23,0,NA,0,NA,"CGMP"
"25",2019-04-12,0,0,NA,0,NA,"CGMP"
"26",2019-04-12,1,0,NA,0,NA,"CGMP"
"27",2019-04-12,2,0,NA,0,NA,"CGMP"
"28",2019-04-12,3,0,NA,0,NA,"CGMP"
"29",2019-04-12,4,0,NA,0,NA,"CGMP"
"30",2019-04-12,5,0,NA,0,NA,"CGMP"
"31",2019-04-12,6,0,NA,0,NA,"CGMP"
"32",2019-04-12,7,0,NA,0,NA,"CGMP"
"33",2019-04-12,8,0,NA,0,NA,"CGMP"
"34",2019-04-12,9,0,NA,0,NA,"CGMP"
"35",2019-04-12,10,0,NA,0,NA,"CGMP"
"36",2019-04-12,11,0,NA,0,NA,"CGMP"
"37",2019-04-12,12,0,NA,0,NA,"CGMP"
"38",2019-04-12,13,0,NA,0,NA,"CGMP"
"39",2019-04-12,14,0,NA,0,NA,"CGMP"
"40",2019-04-12,15,0,NA,0,NA,"CGMP"
"41",2019-04-12,16,0,NA,0,NA,"CGMP"
"42",2019-04-12,17,0,NA,0,NA,"CGMP"
"43",2019-04-12,18,0,NA,0,NA,"CGMP"
"44",2019-04-12,19,0,NA,0,NA,"CGMP"
"45",2019-04-12,20,0,NA,0,NA,"CGMP"
"46",2019-04-12,21,0,NA,0,NA,"CGMP"
"47",2019-04-12,22,0,NA,0,NA,"CGMP"
"48",2019-04-12,23,0,NA,0,NA,"CGMP"
"49",2019-04-13,0,0,NA,0,NA,"CGMP"
"50",2019-04-13,1,0,NA,0,NA,"CGMP"
"51",2019-04-13,2,0,NA,0,NA,"CGMP"
"52",2019-04-13,3,0,NA,0,NA,"CGMP"
"53",2019-04-13,4,0,NA,0,NA,"CGMP"
"54",2019-04-13,5,0,NA,0,NA,"CGMP"
"55",2019-04-13,6,0,NA,0,NA,"CGMP"
"56",2019-04-13,7,0,NA,0,NA,"CGMP"
"57",2019-04-13,8,0,NA,0,NA,"CGMP"
"58",2019-04-13,9,0,NA,0,NA,"CGMP"
"59",2019-04-13,10,0,NA,0,NA,"CGMP"
"60",2019-04-13,11,0,NA,0,NA,"CGMP"
"61",2019-04-13,12,0,NA,0,NA,"CGMP"
"62",2019-04-13,13,0,NA,0,NA,"CGMP"
"63",2019-04-13,14,0,NA,0,NA,"CGMP"
"64",2019-04-13,15,0,NA,0,NA,"CGMP"
"65",2019-04-13,16,0,NA,0,NA,"CGMP"
"66",2019-04-13,17,0,NA,0,NA,"CGMP"
"67",2019-04-13,18,0,NA,0,NA,"CGMP"
"68",2019-04-13,19,0,NA,0,NA,"CGMP"
"69",2019-04-13,20,0,NA,0,NA,"CGMP"
"70",2019-04-13,21,0,NA,0,NA,"CGMP"
"71",2019-04-13,22,0,NA,0,NA,"CGMP"
"72",2019-04-13,23,0,NA,0,NA,"CGMP"
"73",2019-04-14,0,0,NA,0,NA,"CGMP"
"74",2019-04-14,1,0,NA,0,NA,"CGMP"
"75",2019-04-14,2,0,NA,0,NA,"CGMP"
"76",2019-04-14,3,0,NA,0,NA,"CGMP"
"77",2019-04-14,4,0,NA,0,NA,"CGMP"
"78",2019-04-14,5,0,NA,0,NA,"CGMP"
"79",2019-04-14,6,0,NA,0,NA,"CGMP"
"80",2019-04-14,7,0,NA,0,NA,"CGMP"
"81",2019-04-14,8,0,NA,0,NA,"CGMP"
"82",2019-04-14,9,0,NA,0,NA,"CGMP"
"83",2019-04-14,10,0,NA,0,NA,"CGMP"
"84",2019-04-14,11,0,NA,0,NA,"CGMP"
"85",2019-04-14,12,0,NA,0,NA,"CGMP"
"86",2019-04-14,13,0,NA,0,NA,"CGMP"
"87",2019-04-14,14,0,NA,0,NA,"CGMP"
"88",2019-04-14,15,0,NA,0,NA,"CGMP"
"89",2019-04-14,16,0,NA,0,NA,"CGMP"
"90",2019-04-14,17,0,NA,0,NA,"CGMP"
"91",2019-04-14,18,0,NA,0,NA,"CGMP"
"92",2019-04-14,19,0,NA,0,NA,"CGMP"
"93",2019-04-14,20,0,NA,0,NA,"CGMP"
"94",2019-04-14,21,0,NA,0,NA,"CGMP"
"95",2019-04-14,22,0,NA,0,NA,"CGMP"
"96",2019-04-14,23,0,NA,0,NA,"CGMP"
"97",2019-04-15,0,0,NA,0,NA,"CGMP"
"98",2019-04-15,1,0,NA,0,NA,"CGMP"
"99",2019-04-15,2,0,NA,0,NA,"CGMP"
"100",2019-04-15,3,0,NA,0,NA,"CGMP"
"101",2019-04-15,4,0,NA,0,NA,"CGMP"
"102",2019-04-15,5,0,NA,0,NA,"CGMP"
"103",2019-04-15,6,0,NA,0,NA,"CGMP"
"104",2019-04-15,7,0,NA,0,NA,"CGMP"
"105",2019-04-15,8,0,NA,0,NA,"CGMP"
"106",2019-04-15,9,0,NA,0,NA,"CGMP"
"107",2019-04-15,10,0,NA,0,NA,"CGMP"
"108",2019-04-15,11,0,NA,0,NA,"CGMP"
"109",2019-04-15,12,0,NA,0,NA,"CGMP"
"110",2019-04-15,13,0,NA,0,NA,"CGMP"
"111",2019-04-15,14,0,NA,0,NA,"CGMP"
"112",2019-04-15,15,0,NA,0,NA,"CGMP"
"113",2019-04-15,16,0,NA,0,NA,"CGMP"
"114",2019-04-15,17,0,NA,0,NA,"CGMP"
"115",2019-04-15,18,0,NA,0,NA,"CGMP"
"116",2019-04-15,19,0,NA,0,NA,"CGMP"
"117",2019-04-15,20,0,NA,0,NA,"CGMP"
"118",2019-04-15,21,0,NA,0,NA,"CGMP"
"119",2019-04-15,22,0,NA,0,NA,"CGMP"
"120",2019-04-15,23,0,NA,0,NA,"CGMP"
"121",2019-04-16,0,0,NA,0,NA,"CGMP"
"122",2019-04-16,1,0,NA,0,NA,"CGMP"
"123",2019-04-16,2,0,NA,0,NA,"CGMP"
"124",2019-04-16,3,0,NA,0,NA,"CGMP"
"125",2019-04-16,4,0,NA,0,NA,"CGMP"
"126",2019-04-16,5,0,NA,0,NA,"CGMP"
"127",2019-04-16,6,0,NA,0,NA,"CGMP"
"128",2019-04-16,7,0,NA,0,NA,"CGMP"
"129",2019-04-16,8,0,NA,0,NA,"CGMP"
"130",2019-04-16,9,0,NA,0,NA,"CGMP"
"131",2019-04-16,10,0,NA,0,NA,"CGMP"
"132",2019-04-16,11,0,NA,0,NA,"CGMP"
"133",2019-04-16,12,0,NA,0,NA,"CGMP"
"134",2019-04-16,13,0,NA,0,NA,"CGMP"
"135",2019-04-16,14,0,NA,0,NA,"CGMP"
"136",2019-04-16,15,0,NA,0,NA,"CGMP"
"137",2019-04-16,16,0,NA,0,NA,"CGMP"
"138",2019-04-16,17,0,NA,0,NA,"CGMP"
"139",2019-04-16,18,0,NA,0,NA,"CGMP"
"140",2019-04-16,19,0,NA,0,NA,"CGMP"
"141",2019-04-16,20,0,NA,0,NA,"CGMP"
"142",2019-04-16,21,0,NA,0,NA,"CGMP"
"143",2019-04-16,22,0,NA,0,NA,"CGMP"
"144",2019-04-16,23,0,NA,0,NA,"CGMP"
"145",2019-04-17,0,0,NA,0,NA,"CGMP"
"146",2019-04-17,1,0,NA,0,NA,"CGMP"
"147",2019-04-17,2,0,NA,0,NA,"CGMP"
"148",2019-04-17,3,0,NA,0,NA,"CGMP"
"149",2019-04-17,4,0,NA,0,NA,"CGMP"
"150",2019-04-17,5,0,NA,0,NA,"CGMP"
"151",2019-04-17,6,0,NA,0,NA,"CGMP"
"152",2019-04-17,7,0,NA,0,NA,"CGMP"
"153",2019-04-17,8,0,NA,0,NA,"CGMP"
"154",2019-04-17,9,0,0,1,NA,"CGMP"
"155",2019-04-17,10,0,1,0,"weird mechanical sound","CGMP"
"156",2019-04-17,11,0,1,0,"mechanical sound again","CGMP"
"157",2019-04-17,12,0,NA,0,NA,"CGMP"
"158",2019-04-17,13,0,0,1,NA,"CGMP"
"159",2019-04-17,14,0,0,1,NA,"CGMP"
"160",2019-04-17,15,0,1,0,"Rain","CGMP"
"161",2019-04-17,16,0,NA,0,NA,"CGMP"
"162",2019-04-17,17,0,0,1,NA,"CGMP"
"163",2019-04-17,18,0,NA,0,NA,"CGMP"
"164",2019-04-17,19,0,NA,0,NA,"CGMP"
"165",2019-04-17,20,0,NA,0,NA,"CGMP"
"166",2019-04-17,21,0,NA,0,NA,"CGMP"
"167",2019-04-17,22,0,NA,0,NA,"CGMP"
"168",2019-04-17,23,0,NA,0,NA,"CGMP"
"169",2019-04-18,0,0,NA,0,NA,"CGMP"
"170",2019-04-18,1,0,NA,0,NA,"CGMP"
"171",2019-04-18,2,0,NA,0,NA,"CGMP"
"172",2019-04-18,3,0,NA,0,NA,"CGMP"
"173",2019-04-18,4,0,NA,0,NA,"CGMP"
"174",2019-04-18,5,0,NA,0,NA,"CGMP"
"175",2019-04-18,6,0,0,1,NA,"CGMP"
"176",2019-04-18,7,0,0,1,NA,"CGMP"
"177",2019-04-18,8,0,NA,0,NA,"CGMP"
"178",2019-04-18,9,0,NA,0,NA,"CGMP"
"179",2019-04-18,10,0,NA,0,NA,"CGMP"
"180",2019-04-18,11,0,NA,0,NA,"CGMP"
"181",2019-04-18,12,0,NA,0,NA,"CGMP"
"182",2019-04-18,13,0,0,1,NA,"CGMP"
"183",2019-04-18,14,0,NA,0,NA,"CGMP"
"184",2019-04-18,15,0,NA,0,NA,"CGMP"
"185",2019-04-18,16,0,NA,0,NA,"CGMP"
"186",2019-04-18,17,0,NA,0,NA,"CGMP"
"187",2019-04-18,18,0,NA,0,NA,"CGMP"
"188",2019-04-18,19,0,NA,0,NA,"CGMP"
"189",2019-04-18,20,0,NA,0,NA,"CGMP"
"190",2019-04-18,21,0,NA,0,NA,"CGMP"
"191",2019-04-18,22,0,NA,0,NA,"CGMP"
"192",2019-04-18,23,0,NA,0,NA,"CGMP"
"193",2019-04-19,0,0,NA,0,NA,"CGMP"
"194",2019-04-19,1,0,NA,0,NA,"CGMP"
"195",2019-04-19,2,0,NA,0,NA,"CGMP"
"196",2019-04-19,3,0,NA,0,NA,"CGMP"
"197",2019-04-19,4,0,NA,0,NA,"CGMP"
"198",2019-04-19,5,0,0,1,NA,"CGMP"
"199",2019-04-19,6,0,0,2,NA,"CGMP"
"200",2019-04-19,7,0,0,2,NA,"CGMP"
"201",2019-04-19,8,0,0,1,NA,"CGMP"
"202",2019-04-19,9,0,0,1,NA,"CGMP"
"203",2019-04-19,10,0,0,1,NA,"CGMP"
"204",2019-04-19,11,0,0,1,NA,"CGMP"
"205",2019-04-19,12,0,NA,0,NA,"CGMP"
"206",2019-04-19,13,0,NA,0,NA,"CGMP"
"207",2019-04-19,14,0,NA,0,NA,"CGMP"
"208",2019-04-19,15,0,NA,0,NA,"CGMP"
"209",2019-04-19,16,0,NA,0,NA,"CGMP"
"210",2019-04-19,17,0,NA,0,NA,"CGMP"
"211",2019-04-19,18,0,NA,0,NA,"CGMP"
"212",2019-04-19,19,0,NA,0,NA,"CGMP"
"213",2019-04-19,20,0,NA,0,NA,"CGMP"
"214",2019-04-19,21,0,NA,0,NA,"CGMP"
"215",2019-04-19,22,0,NA,0,NA,"CGMP"
"216",2019-04-19,23,0,1,0,"Rain","CGMP"
"217",2019-04-20,0,0,0,1,NA,"CGMP"
"218",2019-04-20,1,0,NA,0,NA,"CGMP"
"219",2019-04-20,2,0,1,0,"Rain","CGMP"
"220",2019-04-20,3,0,NA,0,NA,"CGMP"
"221",2019-04-20,4,0,NA,0,NA,"CGMP"
"222",2019-04-20,5,0,NA,0,NA,"CGMP"
"223",2019-04-20,6,0,1,2,"; Rain; ","CGMP"
"224",2019-04-20,7,0,0,1,NA,"CGMP"
"225",2019-04-20,8,0,0,1,NA,"CGMP"
"226",2019-04-20,9,0,0,1,NA,"CGMP"
"227",2019-04-20,10,1,0,0,NA,"CGMP"
"228",2019-04-20,11,1,0,0,NA,"CGMP"
"229",2019-04-20,12,0,0,1,NA,"CGMP"
"230",2019-04-20,13,0,NA,0,NA,"CGMP"
"231",2019-04-20,14,0,NA,0,NA,"CGMP"
"232",2019-04-20,15,0,NA,0,NA,"CGMP"
"233",2019-04-20,16,0,NA,0,NA,"CGMP"
"234",2019-04-20,17,0,NA,0,NA,"CGMP"
"235",2019-04-20,18,0,NA,0,NA,"CGMP"
"236",2019-04-20,19,0,NA,0,NA,"CGMP"
"237",2019-04-20,20,0,NA,0,NA,"CGMP"
"238",2019-04-20,21,0,NA,0,NA,"CGMP"
"239",2019-04-20,22,0,NA,0,NA,"CGMP"
"240",2019-04-20,23,0,NA,0,NA,"CGMP"
"241",2019-04-21,0,0,NA,0,NA,"CGMP"
"242",2019-04-21,1,0,NA,0,NA,"CGMP"
"243",2019-04-21,2,0,NA,0,NA,"CGMP"
"244",2019-04-21,3,0,NA,0,NA,"CGMP"
"245",2019-04-21,4,0,NA,0,NA,"CGMP"
"246",2019-04-21,5,0,NA,0,NA,"CGMP"
"247",2019-04-21,6,0,0,2,NA,"CGMP"
"248",2019-04-21,7,0,0,1,NA,"CGMP"
"249",2019-04-21,8,1,0,1,NA,"CGMP"
"250",2019-04-21,9,0,0,1,NA,"CGMP"
"251",2019-04-21,10,0,NA,0,NA,"CGMP"
"252",2019-04-21,11,0,0,1,NA,"CGMP"
"253",2019-04-21,12,0,0,1,NA,"CGMP"
"254",2019-04-21,13,0,NA,0,NA,"CGMP"
"255",2019-04-21,14,0,NA,0,NA,"CGMP"
"256",2019-04-21,15,0,NA,0,NA,"CGMP"
"257",2019-04-21,16,0,NA,0,NA,"CGMP"
"258",2019-04-21,17,0,NA,0,NA,"CGMP"
"259",2019-04-21,18,0,NA,0,NA,"CGMP"
"260",2019-04-21,19,0,NA,0,NA,"CGMP"
"261",2019-04-21,20,0,NA,0,NA,"CGMP"
"262",2019-04-21,21,0,NA,0,NA,"CGMP"
"263",2019-04-21,22,0,NA,0,NA,"CGMP"
"264",2019-04-21,23,0,NA,0,NA,"CGMP"
"265",2019-04-22,0,0,NA,0,NA,"CGMP"
"266",2019-04-22,1,0,NA,0,NA,"CGMP"
"267",2019-04-22,2,0,NA,0,NA,"CGMP"
"268",2019-04-22,3,0,NA,0,NA,"CGMP"
"269",2019-04-22,4,0,NA,0,NA,"CGMP"
"270",2019-04-22,5,0,NA,0,NA,"CGMP"
"271",2019-04-22,6,0,0,1,NA,"CGMP"
"272",2019-04-22,7,0,0,1,NA,"CGMP"
"273",2019-04-22,8,0,0,2,NA,"CGMP"
"274",2019-04-22,9,0,0,1,NA,"CGMP"
"275",2019-04-22,10,0,NA,0,NA,"CGMP"
"276",2019-04-22,11,0,0,1,NA,"CGMP"
"277",2019-04-22,12,0,0,4,NA,"CGMP"
"278",2019-04-22,13,0,0,1,NA,"CGMP"
"279",2019-04-22,14,0,NA,0,NA,"CGMP"
"280",2019-04-22,15,0,NA,0,NA,"CGMP"
"281",2019-04-22,16,0,NA,0,NA,"CGMP"
"282",2019-04-22,17,0,NA,0,NA,"CGMP"
"283",2019-04-22,18,0,NA,0,NA,"CGMP"
"284",2019-04-22,19,0,NA,0,NA,"CGMP"
"285",2019-04-22,20,0,NA,0,NA,"CGMP"
"286",2019-04-22,21,0,NA,0,NA,"CGMP"
"287",2019-04-22,22,0,NA,0,NA,"CGMP"
"288",2019-04-22,23,0,NA,0,NA,"CGMP"
"289",2019-04-23,0,0,NA,0,NA,"CGMP"
"290",2019-04-23,1,0,NA,0,NA,"CGMP"
"291",2019-04-23,2,0,NA,0,NA,"CGMP"
"292",2019-04-23,3,0,NA,0,NA,"CGMP"
"293",2019-04-23,4,0,NA,0,NA,"CGMP"
"294",2019-04-23,5,0,NA,0,NA,"CGMP"
"295",2019-04-23,6,0,0,1,NA,"CGMP"
"296",2019-04-23,7,0,0,1,NA,"CGMP"
"297",2019-04-23,8,0,NA,0,NA,"CGMP"
"298",2019-04-23,9,0,0,1,NA,"CGMP"
"299",2019-04-23,10,0,0,1,NA,"CGMP"
"300",2019-04-23,11,0,0,1,NA,"CGMP"
"301",2019-04-23,12,0,NA,0,NA,"CGMP"
"302",2019-04-23,13,0,NA,0,NA,"CGMP"
"303",2019-04-23,14,0,NA,0,NA,"CGMP"
"304",2019-04-23,15,0,NA,0,NA,"CGMP"
"305",2019-04-23,16,0,NA,0,NA,"CGMP"
"306",2019-04-23,17,0,NA,0,NA,"CGMP"
"307",2019-04-23,18,0,NA,0,NA,"CGMP"
"308",2019-04-23,19,0,NA,0,NA,"CGMP"
"309",2019-04-23,20,0,NA,0,NA,"CGMP"
"310",2019-04-23,21,0,NA,0,NA,"CGMP"
"311",2019-04-23,22,0,NA,0,NA,"CGMP"
"312",2019-04-23,23,0,NA,0,NA,"CGMP"
"313",2019-04-24,0,0,NA,0,NA,"CGMP"
"314",2019-04-24,1,0,NA,0,NA,"CGMP"
"315",2019-04-24,2,0,NA,0,NA,"CGMP"
"316",2019-04-24,3,0,NA,0,NA,"CGMP"
"317",2019-04-24,4,0,NA,0,NA,"CGMP"
"318",2019-04-24,5,0,NA,0,NA,"CGMP"
"319",2019-04-24,6,0,0,1,NA,"CGMP"
"320",2019-04-24,7,1,0,1,NA,"CGMP"
"321",2019-04-24,8,0,0,1,NA,"CGMP"
"322",2019-04-24,9,1,0,0,NA,"CGMP"
"323",2019-04-24,10,0,0,1,NA,"CGMP"
"324",2019-04-24,11,0,0,1,NA,"CGMP"
"325",2019-04-24,12,0,0,2,NA,"CGMP"
"326",2019-04-24,13,0,0,2,NA,"CGMP"
"327",2019-04-24,14,0,NA,0,NA,"CGMP"
"328",2019-04-24,15,0,NA,0,NA,"CGMP"
"329",2019-04-24,16,0,NA,0,NA,"CGMP"
"330",2019-04-24,17,0,NA,0,NA,"CGMP"
"331",2019-04-24,18,0,NA,0,NA,"CGMP"
"332",2019-04-24,19,0,NA,0,NA,"CGMP"
"333",2019-04-24,20,0,NA,0,NA,"CGMP"
"334",2019-04-24,21,0,NA,0,NA,"CGMP"
"335",2019-04-24,22,0,NA,0,NA,"CGMP"
"336",2019-04-24,23,0,NA,0,NA,"CGMP"
"337",2019-04-25,0,0,NA,0,NA,"CGMP"
"338",2019-04-25,1,0,NA,0,NA,"CGMP"
"339",2019-04-25,2,0,NA,0,NA,"CGMP"
"340",2019-04-25,3,0,NA,0,NA,"CGMP"
"341",2019-04-25,4,0,NA,0,NA,"CGMP"
"342",2019-04-25,5,0,0,1,NA,"CGMP"
"343",2019-04-25,6,1,0,1,NA,"CGMP"
"344",2019-04-25,7,0,0,1,NA,"CGMP"
"345",2019-04-25,8,0,0,2,NA,"CGMP"
"346",2019-04-25,9,1,0,1,"; could be same as previous vessel","CGMP"
"347",2019-04-25,10,0,0,1,NA,"CGMP"
"348",2019-04-25,11,0,0,1,NA,"CGMP"
"349",2019-04-25,12,1,0,0,NA,"CGMP"
"350",2019-04-25,13,0,0,2,NA,"CGMP"
"351",2019-04-25,14,1,0,0,NA,"CGMP"
"352",2019-04-25,15,0,NA,0,NA,"CGMP"
"353",2019-04-25,16,0,NA,0,NA,"CGMP"
"354",2019-04-25,17,0,NA,0,NA,"CGMP"
"355",2019-04-25,18,0,NA,0,NA,"CGMP"
"356",2019-04-25,19,0,NA,0,NA,"CGMP"
"357",2019-04-25,20,0,NA,0,NA,"CGMP"
"358",2019-04-25,21,0,NA,0,NA,"CGMP"
"359",2019-04-25,22,0,NA,0,NA,"CGMP"
"360",2019-04-25,23,0,NA,0,NA,"CGMP"
"361",2019-04-26,0,0,NA,0,NA,"CGMP"
"362",2019-04-26,1,0,NA,0,NA,"CGMP"
"363",2019-04-26,2,0,NA,0,NA,"CGMP"
"364",2019-04-26,3,0,NA,0,NA,"CGMP"
"365",2019-04-26,4,0,NA,0,NA,"CGMP"
"366",2019-04-26,5,0,NA,0,NA,"CGMP"
"367",2019-04-26,6,1,0,1,NA,"CGMP"
"368",2019-04-26,7,0,0,2,NA,"CGMP"
"369",2019-04-26,8,0,0,2,NA,"CGMP"
"370",2019-04-26,9,1,0,0,NA,"CGMP"
"371",2019-04-26,10,0,0,1,NA,"CGMP"
"372",2019-04-26,11,1,0,0,NA,"CGMP"
"373",2019-04-26,12,0,NA,0,NA,"CGMP"
"374",2019-04-26,13,0,NA,0,NA,"CGMP"
"375",2019-04-26,14,0,NA,0,NA,"CGMP"
"376",2019-04-26,15,0,NA,0,NA,"CGMP"
"377",2019-04-26,16,0,NA,0,NA,"CGMP"
"378",2019-04-26,17,0,NA,0,NA,"CGMP"
"379",2019-04-26,18,0,NA,0,NA,"CGMP"
"380",2019-04-26,19,0,NA,0,NA,"CGMP"
"381",2019-04-26,20,0,NA,0,NA,"CGMP"
"382",2019-04-26,21,0,NA,0,NA,"CGMP"
"383",2019-04-26,22,0,NA,0,NA,"CGMP"
"384",2019-04-26,23,0,NA,0,NA,"CGMP"
"385",2019-04-27,0,0,NA,0,NA,"CGMP"
"386",2019-04-27,1,0,NA,0,NA,"CGMP"
"387",2019-04-27,2,0,NA,0,NA,"CGMP"
"388",2019-04-27,3,0,NA,0,NA,"CGMP"
"389",2019-04-27,4,0,NA,0,NA,"CGMP"
"390",2019-04-27,5,0,NA,0,NA,"CGMP"
"391",2019-04-27,6,0,NA,0,NA,"CGMP"
"392",2019-04-27,7,0,NA,0,NA,"CGMP"
"393",2019-04-27,8,0,NA,0,NA,"CGMP"
"394",2019-04-27,9,0,1,0,"minke star wars! more later in file but faint","CGMP"
"395",2019-04-27,10,0,NA,0,NA,"CGMP"
"396",2019-04-27,11,0,NA,0,NA,"CGMP"
"397",2019-04-27,12,0,NA,0,NA,"CGMP"
"398",2019-04-27,13,0,NA,0,NA,"CGMP"
"399",2019-04-27,14,0,0,1,NA,"CGMP"
"400",2019-04-27,15,0,NA,0,NA,"CGMP"
"401",2019-04-27,16,0,NA,0,NA,"CGMP"
"402",2019-04-27,17,0,NA,0,NA,"CGMP"
"403",2019-04-27,18,0,NA,0,NA,"CGMP"
"404",2019-04-27,19,0,NA,0,NA,"CGMP"
"405",2019-04-27,20,0,NA,0,NA,"CGMP"
"406",2019-04-27,21,0,NA,0,NA,"CGMP"
"407",2019-04-27,22,0,NA,0,NA,"CGMP"
"408",2019-04-27,23,0,NA,0,NA,"CGMP"
"409",2019-04-28,0,0,NA,0,NA,"CGMP"
"410",2019-04-28,1,0,NA,0,NA,"CGMP"
"411",2019-04-28,2,0,NA,0,NA,"CGMP"
"412",2019-04-28,3,0,NA,0,NA,"CGMP"
"413",2019-04-28,4,0,NA,0,NA,"CGMP"
"414",2019-04-28,5,0,NA,0,NA,"CGMP"
"415",2019-04-28,6,0,0,1,NA,"CGMP"
"416",2019-04-28,7,0,0,1,NA,"CGMP"
"417",2019-04-28,8,0,0,1,NA,"CGMP"
"418",2019-04-28,9,0,0,1,NA,"CGMP"
"419",2019-04-28,10,0,0,1,NA,"CGMP"
"420",2019-04-28,11,0,NA,0,NA,"CGMP"
"421",2019-04-28,12,0,0,1,NA,"CGMP"
"422",2019-04-28,13,0,0,1,NA,"CGMP"
"423",2019-04-28,14,0,NA,0,NA,"CGMP"
"424",2019-04-28,15,0,NA,0,NA,"CGMP"
"425",2019-04-28,16,0,NA,0,NA,"CGMP"
"426",2019-04-28,17,0,NA,0,NA,"CGMP"
"427",2019-04-28,18,0,NA,0,NA,"CGMP"
"428",2019-04-28,19,0,NA,0,NA,"CGMP"
"429",2019-04-28,20,0,0,1,NA,"CGMP"
"430",2019-04-28,21,0,NA,0,NA,"CGMP"
"431",2019-04-28,22,0,0,1,NA,"CGMP"
"432",2019-04-28,23,0,NA,0,NA,"CGMP"
"433",2019-04-29,0,0,NA,0,NA,"CGMP"
"434",2019-04-29,1,0,NA,0,NA,"CGMP"
"435",2019-04-29,2,0,NA,0,NA,"CGMP"
"436",2019-04-29,3,0,0,1,NA,"CGMP"
"437",2019-04-29,4,0,NA,0,NA,"CGMP"
"438",2019-04-29,5,0,NA,0,NA,"CGMP"
"439",2019-04-29,6,0,0,1,NA,"CGMP"
"440",2019-04-29,7,0,NA,0,NA,"CGMP"
"441",2019-04-29,8,0,NA,0,NA,"CGMP"
"442",2019-04-29,9,0,NA,0,NA,"CGMP"
"443",2019-04-29,10,0,0,1,NA,"CGMP"
"444",2019-04-29,11,0,NA,0,NA,"CGMP"
"445",2019-04-29,12,0,0,1,NA,"CGMP"
"446",2019-04-29,13,0,NA,0,NA,"CGMP"
"447",2019-04-29,14,0,NA,0,NA,"CGMP"
"448",2019-04-29,15,0,NA,0,NA,"CGMP"
"449",2019-04-29,16,0,NA,0,NA,"CGMP"
"450",2019-04-29,17,0,NA,0,NA,"CGMP"
"451",2019-04-29,18,0,NA,0,NA,"CGMP"
"452",2019-04-29,19,0,NA,0,NA,"CGMP"
"453",2019-04-29,20,0,NA,0,NA,"CGMP"
"454",2019-04-29,21,0,NA,0,NA,"CGMP"
"455",2019-04-29,22,0,1,0,"lots of minke star wars!","CGMP"
"456",2019-04-29,23,0,3,0,"possibel faint minke star wars; faint minke; minke pulses?","CGMP"
"457",2019-04-30,0,0,1,0,"minke star wars","CGMP"
"458",2019-04-30,1,0,1,0,"lots of minke star wars calls!","CGMP"
"459",2019-04-30,2,0,NA,0,NA,"CGMP"
"460",2019-04-30,3,0,NA,0,NA,"CGMP"
"461",2019-04-30,4,0,NA,0,NA,"CGMP"
"462",2019-04-30,5,0,NA,0,NA,"CGMP"
"463",2019-04-30,6,0,0,1,NA,"CGMP"
"464",2019-04-30,7,0,0,1,NA,"CGMP"
"465",2019-04-30,8,0,NA,0,NA,"CGMP"
"466",2019-04-30,9,0,0,1,NA,"CGMP"
"467",2019-04-30,10,0,0,1,NA,"CGMP"
"468",2019-04-30,11,0,0,1,NA,"CGMP"
"469",2019-04-30,12,0,NA,0,NA,"CGMP"
"470",2019-04-30,13,0,NA,0,NA,"CGMP"
"471",2019-04-30,14,0,NA,0,NA,"CGMP"
"472",2019-04-30,15,0,1,0,"minke star wars","CGMP"
"473",2019-04-30,16,0,NA,0,NA,"CGMP"
"474",2019-04-30,17,0,NA,0,NA,"CGMP"
"475",2019-04-30,18,0,NA,0,NA,"CGMP"
"476",2019-04-30,19,0,NA,0,NA,"CGMP"
"477",2019-04-30,20,0,NA,0,NA,"CGMP"
"478",2019-04-30,21,0,NA,0,NA,"CGMP"
"479",2019-04-30,22,0,NA,0,NA,"CGMP"
"480",2019-04-30,23,0,NA,0,NA,"CGMP"
"481",2019-05-01,0,0,NA,0,NA,"CGMP"
"482",2019-05-01,1,0,NA,0,NA,"CGMP"
"483",2019-05-01,2,0,1,0,"minke star wars","CGMP"
"484",2019-05-01,3,0,NA,0,NA,"CGMP"
"485",2019-05-01,4,0,NA,0,NA,"CGMP"
"486",2019-05-01,5,0,NA,0,NA,"CGMP"
"487",2019-05-01,6,0,0,3,"; ; ","CGMP"
"488",2019-05-01,7,0,NA,0,NA,"CGMP"
"489",2019-05-01,8,0,0,1,NA,"CGMP"
"490",2019-05-01,9,0,0,1,NA,"CGMP"
"491",2019-05-01,10,0,0,1,NA,"CGMP"
"492",2019-05-01,11,0,0,1,NA,"CGMP"
"493",2019-05-01,12,0,NA,0,NA,"CGMP"
"494",2019-05-01,13,0,NA,0,NA,"CGMP"
"495",2019-05-01,14,0,NA,0,NA,"CGMP"
"496",2019-05-01,15,0,NA,0,NA,"CGMP"
"497",2019-05-01,16,1,0,0,NA,"CGMP"
"498",2019-05-01,17,0,NA,0,NA,"CGMP"
"499",2019-05-01,18,0,NA,0,NA,"CGMP"
"500",2019-05-01,19,0,NA,0,NA,"CGMP"
"501",2019-05-01,20,0,NA,0,NA,"CGMP"
"502",2019-05-01,21,0,NA,0,NA,"CGMP"
"503",2019-05-01,22,0,NA,0,NA,"CGMP"
"504",2019-05-01,23,0,NA,0,NA,"CGMP"
"505",2019-05-02,0,0,NA,0,NA,"CGMP"
"506",2019-05-02,1,0,0,1,NA,"CGMP"
"507",2019-05-02,2,0,NA,0,NA,"CGMP"
"508",2019-05-02,3,0,NA,0,NA,"CGMP"
"509",2019-05-02,4,0,NA,0,NA,"CGMP"
"510",2019-05-02,5,0,NA,0,NA,"CGMP"
"511",2019-05-02,6,0,NA,0,NA,"CGMP"
"512",2019-05-02,7,0,NA,0,NA,"CGMP"
"513",2019-05-02,8,0,NA,0,NA,"CGMP"
"514",2019-05-02,9,0,NA,0,NA,"CGMP"
"515",2019-05-02,10,0,NA,0,NA,"CGMP"
"516",2019-05-02,11,0,NA,0,NA,"CGMP"
"517",2019-05-02,12,0,NA,0,NA,"CGMP"
"518",2019-05-02,13,0,NA,0,NA,"CGMP"
"519",2019-05-02,14,0,0,1,NA,"CGMP"
"520",2019-05-02,15,0,NA,0,NA,"CGMP"
"521",2019-05-02,16,0,NA,0,NA,"CGMP"
"522",2019-05-02,17,0,NA,0,NA,"CGMP"
"523",2019-05-02,18,0,NA,0,NA,"CGMP"
"524",2019-05-02,19,0,NA,0,NA,"CGMP"
"525",2019-05-02,20,0,NA,0,NA,"CGMP"
"526",2019-05-02,21,0,NA,0,NA,"CGMP"
"527",2019-05-02,22,0,NA,0,NA,"CGMP"
"528",2019-05-02,23,0,NA,0,NA,"CGMP"
"529",2019-05-03,0,0,NA,0,NA,"CGMP"
"530",2019-05-03,1,0,NA,0,NA,"CGMP"
"531",2019-05-03,2,0,NA,0,NA,"CGMP"
"532",2019-05-03,3,0,NA,0,NA,"CGMP"
"533",2019-05-03,4,0,NA,0,NA,"CGMP"
"534",2019-05-03,5,0,NA,0,NA,"CGMP"
"535",2019-05-03,6,0,NA,0,NA,"CGMP"
"536",2019-05-03,7,0,NA,0,NA,"CGMP"
"537",2019-05-03,8,0,NA,0,NA,"CGMP"
"538",2019-05-03,9,0,NA,0,NA,"CGMP"
"539",2019-05-03,10,0,NA,0,NA,"CGMP"
"540",2019-05-03,11,0,NA,0,NA,"CGMP"
"541",2019-05-03,12,0,NA,0,NA,"CGMP"
"542",2019-05-03,13,0,NA,0,NA,"CGMP"
"543",2019-05-03,14,0,NA,0,NA,"CGMP"
"544",2019-05-03,15,0,NA,0,NA,"CGMP"
"545",2019-05-03,16,0,NA,0,NA,"CGMP"
"546",2019-05-03,17,0,NA,0,NA,"CGMP"
"547",2019-05-03,18,0,NA,0,NA,"CGMP"
"548",2019-05-03,19,0,NA,0,NA,"CGMP"
"549",2019-05-03,20,0,NA,0,NA,"CGMP"
"550",2019-05-03,21,0,1,0,"unk bio--whistley low calls","CGMP"
"551",2019-05-03,22,0,NA,0,NA,"CGMP"
"552",2019-05-03,23,0,NA,0,NA,"CGMP"
"553",2019-05-04,0,0,NA,0,NA,"CGMP"
"554",2019-05-04,1,0,NA,0,NA,"CGMP"
"555",2019-05-04,2,0,NA,0,NA,"CGMP"
"556",2019-05-04,3,0,NA,0,NA,"CGMP"
"557",2019-05-04,4,0,NA,0,NA,"CGMP"
"558",2019-05-04,5,0,NA,0,NA,"CGMP"
"559",2019-05-04,6,0,NA,0,NA,"CGMP"
"560",2019-05-04,7,0,NA,0,NA,"CGMP"
"561",2019-05-04,8,0,0,1,NA,"CGMP"
"562",2019-05-04,9,0,NA,0,NA,"CGMP"
"563",2019-05-04,10,0,NA,0,NA,"CGMP"
"564",2019-05-04,11,0,NA,0,NA,"CGMP"
"565",2019-05-04,12,0,NA,0,NA,"CGMP"
"566",2019-05-04,13,0,NA,0,NA,"CGMP"
"567",2019-05-04,14,0,0,1,NA,"CGMP"
"568",2019-05-04,15,0,NA,0,NA,"CGMP"
"569",2019-05-04,16,0,NA,0,NA,"CGMP"
"570",2019-05-04,17,0,NA,0,NA,"CGMP"
"571",2019-05-04,18,0,NA,0,NA,"CGMP"
"572",2019-05-04,19,0,NA,0,NA,"CGMP"
"573",2019-05-04,20,0,NA,0,NA,"CGMP"
"574",2019-05-04,21,0,NA,0,NA,"CGMP"
"575",2019-05-04,22,0,NA,0,NA,"CGMP"
"576",2019-05-04,23,0,NA,0,NA,"CGMP"
"577",2019-05-05,0,0,NA,0,NA,"CGMP"
"578",2019-05-05,1,0,NA,0,NA,"CGMP"
"579",2019-05-05,2,0,NA,0,NA,"CGMP"
"580",2019-05-05,3,0,NA,0,NA,"CGMP"
"581",2019-05-05,4,0,NA,0,NA,"CGMP"
"582",2019-05-05,5,0,NA,0,NA,"CGMP"
"583",2019-05-05,6,0,0,1,NA,"CGMP"
"584",2019-05-05,7,0,NA,0,NA,"CGMP"
"585",2019-05-05,8,0,NA,0,NA,"CGMP"
"586",2019-05-05,9,0,NA,0,NA,"CGMP"
"587",2019-05-05,10,0,NA,0,NA,"CGMP"
"588",2019-05-05,11,0,NA,0,NA,"CGMP"
"589",2019-05-05,12,0,NA,0,NA,"CGMP"
"590",2019-05-05,13,0,NA,0,NA,"CGMP"
"591",2019-05-05,14,0,NA,0,NA,"CGMP"
"592",2019-05-05,15,0,NA,0,NA,"CGMP"
"593",2019-05-05,16,0,NA,0,NA,"CGMP"
"594",2019-05-05,17,0,NA,0,NA,"CGMP"
"595",2019-05-05,18,0,NA,0,NA,"CGMP"
"596",2019-05-05,19,0,NA,0,NA,"CGMP"
"597",2019-05-05,20,0,NA,0,NA,"CGMP"
"598",2019-05-05,21,0,NA,0,NA,"CGMP"
"599",2019-05-05,22,0,NA,0,NA,"CGMP"
"600",2019-05-05,23,0,NA,0,NA,"CGMP"
"601",2019-05-06,0,0,NA,0,NA,"CGMP"
"602",2019-05-06,1,0,NA,0,NA,"CGMP"
"603",2019-05-06,2,0,NA,0,NA,"CGMP"
"604",2019-05-06,3,0,NA,0,NA,"CGMP"
"605",2019-05-06,4,0,NA,0,NA,"CGMP"
"606",2019-05-06,5,0,NA,0,NA,"CGMP"
"607",2019-05-06,6,0,NA,0,NA,"CGMP"
"608",2019-05-06,7,0,NA,0,NA,"CGMP"
"609",2019-05-06,8,0,NA,0,NA,"CGMP"
"610",2019-05-06,9,0,NA,0,NA,"CGMP"
"611",2019-05-06,10,0,NA,0,NA,"CGMP"
"612",2019-05-06,11,0,NA,0,NA,"CGMP"
"613",2019-05-06,12,0,NA,0,NA,"CGMP"
"614",2019-05-06,13,0,NA,0,NA,"CGMP"
"615",2019-05-06,14,0,NA,0,NA,"CGMP"
"616",2019-05-06,15,0,NA,0,NA,"CGMP"
"617",2019-05-06,16,0,NA,0,NA,"CGMP"
"618",2019-05-06,17,0,NA,0,NA,"CGMP"
"619",2019-05-06,18,0,NA,0,NA,"CGMP"
"620",2019-05-06,19,0,NA,0,NA,"CGMP"
"621",2019-05-06,20,0,NA,0,NA,"CGMP"
"622",2019-05-06,21,0,0,1,NA,"CGMP"
"623",2019-05-06,22,0,NA,0,NA,"CGMP"
"624",2019-05-06,23,0,NA,0,NA,"CGMP"
"625",2019-05-07,0,0,NA,0,NA,"CGMP"
"626",2019-05-07,1,0,NA,0,NA,"CGMP"
"627",2019-05-07,2,0,NA,0,NA,"CGMP"
"628",2019-05-07,3,0,NA,0,NA,"CGMP"
"629",2019-05-07,4,0,NA,0,NA,"CGMP"
"630",2019-05-07,5,0,NA,0,NA,"CGMP"
"631",2019-05-07,6,0,NA,0,NA,"CGMP"
"632",2019-05-07,7,0,NA,0,NA,"CGMP"
"633",2019-05-07,8,0,NA,0,NA,"CGMP"
"634",2019-05-07,9,0,0,3,"; ; ","CGMP"
"635",2019-05-07,10,0,0,1,NA,"CGMP"
"636",2019-05-07,11,1,0,0,NA,"CGMP"
"637",2019-05-07,12,1,1,0,"; mechanical sound, not quite vessel","CGMP"
"638",2019-05-07,13,0,NA,0,NA,"CGMP"
"639",2019-05-07,14,0,NA,0,NA,"CGMP"
"640",2019-05-07,15,0,0,1,NA,"CGMP"
"641",2019-05-07,16,0,0,1,NA,"CGMP"
"642",2019-05-07,17,0,NA,0,NA,"CGMP"
"643",2019-05-07,18,0,NA,0,NA,"CGMP"
"644",2019-05-07,19,0,NA,0,NA,"CGMP"
"645",2019-05-07,20,0,NA,0,NA,"CGMP"
"646",2019-05-07,21,0,NA,0,NA,"CGMP"
"647",2019-05-07,22,0,NA,0,NA,"CGMP"
"648",2019-05-07,23,0,0,1,NA,"CGMP"
"649",2019-05-08,0,0,NA,0,NA,"CGMP"
"650",2019-05-08,1,0,0,1,NA,"CGMP"
"651",2019-05-08,2,0,NA,0,NA,"CGMP"
"652",2019-05-08,3,0,NA,0,NA,"CGMP"
"653",2019-05-08,4,0,NA,0,NA,"CGMP"
"654",2019-05-08,5,0,NA,0,NA,"CGMP"
"655",2019-05-08,6,0,NA,0,NA,"CGMP"
"656",2019-05-08,7,0,0,2,NA,"CGMP"
"657",2019-05-08,8,1,0,0,NA,"CGMP"
"658",2019-05-08,9,0,0,1,NA,"CGMP"
"659",2019-05-08,10,0,0,1,NA,"CGMP"
"660",2019-05-08,11,0,0,1,NA,"CGMP"
"661",2019-05-08,12,0,NA,0,NA,"CGMP"
"662",2019-05-08,13,0,0,1,NA,"CGMP"
"663",2019-05-08,14,0,0,1,NA,"CGMP"
"664",2019-05-08,15,0,NA,0,NA,"CGMP"
"665",2019-05-08,16,0,NA,0,NA,"CGMP"
"666",2019-05-08,17,0,NA,0,NA,"CGMP"
"667",2019-05-08,18,0,NA,0,NA,"CGMP"
"668",2019-05-08,19,0,NA,0,NA,"CGMP"
"669",2019-05-08,20,0,NA,0,NA,"CGMP"
"670",2019-05-08,21,0,NA,0,NA,"CGMP"
"671",2019-05-08,22,0,NA,0,NA,"CGMP"
"672",2019-05-08,23,0,NA,0,NA,"CGMP"
"673",2019-05-09,0,0,NA,0,NA,"CGMP"
"674",2019-05-09,1,0,NA,0,NA,"CGMP"
"675",2019-05-09,2,0,NA,0,NA,"CGMP"
"676",2019-05-09,3,0,NA,0,NA,"CGMP"
"677",2019-05-09,4,0,NA,0,NA,"CGMP"
"678",2019-05-09,5,0,NA,0,NA,"CGMP"
"679",2019-05-09,6,0,NA,0,NA,"CGMP"
"680",2019-05-09,7,0,0,2,NA,"CGMP"
"681",2019-05-09,8,0,NA,0,NA,"CGMP"
"682",2019-05-09,9,0,NA,0,NA,"CGMP"
"683",2019-05-09,10,1,0,0,NA,"CGMP"
"684",2019-05-09,11,0,0,1,NA,"CGMP"
"685",2019-05-09,12,0,NA,0,NA,"CGMP"
"686",2019-05-09,13,0,0,1,NA,"CGMP"
"687",2019-05-09,14,0,NA,0,NA,"CGMP"
"688",2019-05-09,15,0,0,3,NA,"CGMP"
"689",2019-05-09,16,0,0,2,NA,"CGMP"
"690",2019-05-09,17,0,NA,0,NA,"CGMP"
"691",2019-05-09,18,0,NA,0,NA,"CGMP"
"692",2019-05-09,19,0,NA,0,NA,"CGMP"
"693",2019-05-09,20,0,NA,0,NA,"CGMP"
"694",2019-05-09,21,0,NA,0,NA,"CGMP"
"695",2019-05-09,22,0,NA,0,NA,"CGMP"
"696",2019-05-09,23,0,NA,0,NA,"CGMP"
"697",2019-05-10,0,0,NA,0,NA,"CGMP"
"698",2019-05-10,1,0,NA,0,NA,"CGMP"
"699",2019-05-10,2,0,NA,0,NA,"CGMP"
"700",2019-05-10,3,0,NA,0,NA,"CGMP"
"701",2019-05-10,4,0,NA,0,NA,"CGMP"
"702",2019-05-10,5,0,NA,0,NA,"CGMP"
"703",2019-05-10,6,0,NA,0,NA,"CGMP"
"704",2019-05-10,7,0,NA,0,NA,"CGMP"
"705",2019-05-10,8,0,NA,0,NA,"CGMP"
"706",2019-05-10,9,1,0,0,NA,"CGMP"
"707",2019-05-10,10,0,0,1,NA,"CGMP"
"708",2019-05-10,11,0,NA,0,NA,"CGMP"
"709",2019-05-10,12,0,NA,0,NA,"CGMP"
"710",2019-05-10,13,0,NA,0,NA,"CGMP"
"711",2019-05-10,14,0,NA,0,NA,"CGMP"
"712",2019-05-10,15,0,NA,0,NA,"CGMP"
"713",2019-05-10,16,0,NA,0,NA,"CGMP"
"714",2019-05-10,17,0,NA,0,NA,"CGMP"
"715",2019-05-10,18,0,NA,0,NA,"CGMP"
"716",2019-05-10,19,0,NA,0,NA,"CGMP"
"717",2019-05-10,20,0,NA,0,NA,"CGMP"
"718",2019-05-10,21,0,NA,0,NA,"CGMP"
"719",2019-05-10,22,0,NA,0,NA,"CGMP"
"720",2019-05-10,23,0,NA,0,NA,"CGMP"
"721",2019-05-11,0,0,NA,0,NA,"CGMP"
"722",2019-05-11,1,0,NA,0,NA,"CGMP"
"723",2019-05-11,2,0,NA,0,NA,"CGMP"
"724",2019-05-11,3,0,NA,0,NA,"CGMP"
"725",2019-05-11,4,0,NA,0,NA,"CGMP"
"726",2019-05-11,5,0,NA,0,NA,"CGMP"
"727",2019-05-11,6,0,NA,0,NA,"CGMP"
"728",2019-05-11,7,0,NA,0,NA,"CGMP"
"729",2019-05-11,8,0,0,1,NA,"CGMP"
"730",2019-05-11,9,0,NA,0,NA,"CGMP"
"731",2019-05-11,10,0,NA,0,NA,"CGMP"
"732",2019-05-11,11,0,NA,0,NA,"CGMP"
"733",2019-05-11,12,0,NA,0,NA,"CGMP"
"734",2019-05-11,13,0,NA,0,NA,"CGMP"
"735",2019-05-11,14,0,NA,0,NA,"CGMP"
"736",2019-05-11,15,0,NA,0,NA,"CGMP"
"737",2019-05-11,16,0,NA,0,NA,"CGMP"
"738",2019-05-11,17,0,NA,0,NA,"CGMP"
"739",2019-05-11,18,0,NA,0,NA,"CGMP"
"740",2019-05-11,19,0,NA,0,NA,"CGMP"
"741",2019-05-11,20,0,NA,0,NA,"CGMP"
"742",2019-05-11,21,0,NA,0,NA,"CGMP"
"743",2019-05-11,22,0,NA,0,NA,"CGMP"
"744",2019-05-11,23,0,NA,0,NA,"CGMP"
"745",2019-05-12,0,0,NA,0,NA,"CGMP"
"746",2019-05-12,1,0,NA,0,NA,"CGMP"
"747",2019-05-12,2,0,NA,0,NA,"CGMP"
"748",2019-05-12,3,0,NA,0,NA,"CGMP"
"749",2019-05-12,4,0,NA,0,NA,"CGMP"
"750",2019-05-12,5,0,NA,0,NA,"CGMP"
"751",2019-05-12,6,0,NA,0,NA,"CGMP"
"752",2019-05-12,7,0,NA,0,NA,"CGMP"
"753",2019-05-12,8,0,NA,0,NA,"CGMP"
"754",2019-05-12,9,0,NA,0,NA,"CGMP"
"755",2019-05-12,10,0,NA,0,NA,"CGMP"
"756",2019-05-12,11,0,NA,0,NA,"CGMP"
"757",2019-05-12,12,0,NA,0,NA,"CGMP"
"758",2019-05-12,13,0,NA,0,NA,"CGMP"
"759",2019-05-12,14,0,NA,0,NA,"CGMP"
"760",2019-05-12,15,0,NA,0,NA,"CGMP"
"761",2019-05-12,16,0,NA,0,NA,"CGMP"
"762",2019-05-12,17,0,NA,0,NA,"CGMP"
"763",2019-05-12,18,0,NA,0,NA,"CGMP"
"764",2019-05-12,19,0,NA,0,NA,"CGMP"
"765",2019-05-12,20,0,NA,0,NA,"CGMP"
"766",2019-05-12,21,0,NA,0,NA,"CGMP"
"767",2019-05-12,22,0,NA,0,NA,"CGMP"
"768",2019-05-12,23,0,NA,0,NA,"CGMP"
"769",2019-05-13,0,0,NA,0,NA,"CGMP"
"770",2019-05-13,1,0,NA,0,NA,"CGMP"
"771",2019-05-13,2,0,NA,0,NA,"CGMP"
"772",2019-05-13,3,0,NA,0,NA,"CGMP"
"773",2019-05-13,4,0,NA,0,NA,"CGMP"
"774",2019-05-13,5,0,NA,0,NA,"CGMP"
"775",2019-05-13,6,0,NA,0,NA,"CGMP"
"776",2019-05-13,7,0,NA,0,NA,"CGMP"
"777",2019-05-13,8,0,NA,0,NA,"CGMP"
"778",2019-05-13,9,0,NA,0,NA,"CGMP"
"779",2019-05-13,10,0,0,1,NA,"CGMP"
"780",2019-05-13,11,0,NA,0,NA,"CGMP"
"781",2019-05-13,12,0,NA,0,NA,"CGMP"
"782",2019-05-13,13,0,0,1,"also minke star wars calls","CGMP"
"783",2019-05-13,14,0,NA,0,NA,"CGMP"
"784",2019-05-13,15,0,NA,0,NA,"CGMP"
"785",2019-05-13,16,0,NA,0,NA,"CGMP"
"786",2019-05-13,17,0,NA,0,NA,"CGMP"
"787",2019-05-13,18,0,NA,0,NA,"CGMP"
"788",2019-05-13,19,0,NA,0,NA,"CGMP"
"789",2019-05-13,20,0,NA,0,NA,"CGMP"
"790",2019-05-13,21,0,NA,0,NA,"CGMP"
"791",2019-05-13,22,0,NA,0,NA,"CGMP"
"792",2019-05-13,23,0,NA,0,NA,"CGMP"
"793",2019-05-14,0,0,NA,0,NA,"CGMP"
"794",2019-05-14,1,0,NA,0,NA,"CGMP"
"795",2019-05-14,2,0,NA,0,NA,"CGMP"
"796",2019-05-14,3,0,NA,0,NA,"CGMP"
"797",2019-05-14,4,0,NA,0,NA,"CGMP"
"798",2019-05-14,5,0,NA,0,NA,"CGMP"
"799",2019-05-14,6,1,0,0,NA,"CGMP"
"800",2019-05-14,7,2,0,0,NA,"CGMP"
"801",2019-05-14,8,0,NA,0,NA,"CGMP"
"802",2019-05-14,9,0,0,1,NA,"CGMP"
"803",2019-05-14,10,0,0,3,NA,"CGMP"
"804",2019-05-14,11,1,0,1,NA,"CGMP"
"805",2019-05-14,12,0,0,1,NA,"CGMP"
"806",2019-05-14,13,1,0,0,NA,"CGMP"
"807",2019-05-14,14,0,0,1,NA,"CGMP"
"808",2019-05-14,15,0,0,1,NA,"CGMP"
"809",2019-05-14,16,0,NA,0,NA,"CGMP"
"810",2019-05-14,17,0,0,1,NA,"CGMP"
"811",2019-05-14,18,0,0,1,NA,"CGMP"
"812",2019-05-14,19,0,NA,0,NA,"CGMP"
"813",2019-05-14,20,0,NA,0,NA,"CGMP"
"814",2019-05-14,21,0,NA,0,NA,"CGMP"
"815",2019-05-14,22,0,0,1,NA,"CGMP"
"816",2019-05-14,23,0,0,1,NA,"CGMP"
"817",2019-05-15,0,0,NA,0,NA,"CGMP"
"818",2019-05-15,1,0,NA,0,NA,"CGMP"
"819",2019-05-15,2,0,NA,0,NA,"CGMP"
"820",2019-05-15,3,0,NA,0,NA,"CGMP"
"821",2019-05-15,4,0,NA,0,NA,"CGMP"
"822",2019-05-15,5,0,NA,0,NA,"CGMP"
"823",2019-05-15,6,0,NA,0,NA,"CGMP"
"824",2019-05-15,7,0,NA,0,NA,"CGMP"
"825",2019-05-15,8,0,NA,0,NA,"CGMP"
"826",2019-05-15,9,0,NA,0,NA,"CGMP"
"827",2019-05-15,10,0,NA,0,NA,"CGMP"
"828",2019-05-15,11,0,NA,0,NA,"CGMP"
"829",2019-05-15,12,0,NA,0,NA,"CGMP"
"830",2019-05-15,13,0,NA,0,NA,"CGMP"
"831",2019-05-15,14,0,0,1,NA,"CGMP"
"832",2019-05-15,15,0,NA,0,NA,"CGMP"
"833",2019-05-15,16,0,NA,0,NA,"CGMP"
"834",2019-05-15,17,0,NA,0,NA,"CGMP"
"835",2019-05-15,18,0,0,1,NA,"CGMP"
"836",2019-05-15,19,0,NA,0,NA,"CGMP"
"837",2019-05-15,20,0,NA,0,NA,"CGMP"
"838",2019-05-15,21,0,NA,0,NA,"CGMP"
"839",2019-05-15,22,0,NA,0,NA,"CGMP"
"840",2019-05-15,23,0,NA,0,NA,"CGMP"
"841",2019-05-16,0,0,NA,0,NA,"CGMP"
"842",2019-05-16,1,0,NA,0,NA,"CGMP"
"843",2019-05-16,2,0,NA,0,NA,"CGMP"
"844",2019-05-16,3,0,NA,0,NA,"CGMP"
"845",2019-05-16,4,0,NA,0,NA,"CGMP"
"846",2019-05-16,5,0,NA,0,NA,"CGMP"
"847",2019-05-16,6,0,NA,0,NA,"CGMP"
"848",2019-05-16,7,0,0,1,NA,"CGMP"
"849",2019-05-16,8,0,NA,0,NA,"CGMP"
"850",2019-05-16,9,0,NA,0,NA,"CGMP"
"851",2019-05-16,10,0,NA,0,NA,"CGMP"
"852",2019-05-16,11,0,NA,0,NA,"CGMP"
"853",2019-05-16,12,0,0,1,NA,"CGMP"
"854",2019-05-16,13,0,NA,0,NA,"CGMP"
"855",2019-05-16,14,0,0,2,NA,"CGMP"
"856",2019-05-16,15,0,NA,0,NA,"CGMP"
"857",2019-05-16,16,0,0,1,NA,"CGMP"
"858",2019-05-16,17,0,NA,0,NA,"CGMP"
"859",2019-05-16,18,0,NA,0,NA,"CGMP"
"860",2019-05-16,19,0,NA,0,NA,"CGMP"
"861",2019-05-16,20,0,NA,0,NA,"CGMP"
"862",2019-05-16,21,0,NA,0,NA,"CGMP"
"863",2019-05-16,22,0,NA,0,NA,"CGMP"
"864",2019-05-16,23,0,NA,0,NA,"CGMP"
"865",2019-05-17,0,0,NA,0,NA,"CGMP"
"866",2019-05-17,1,0,NA,0,NA,"CGMP"
"867",2019-05-17,2,0,NA,0,NA,"CGMP"
"868",2019-05-17,3,0,NA,0,NA,"CGMP"
"869",2019-05-17,4,0,NA,0,NA,"CGMP"
"870",2019-05-17,5,0,NA,0,NA,"CGMP"
"871",2019-05-17,6,0,0,1,NA,"CGMP"
"872",2019-05-17,7,1,0,0,NA,"CGMP"
"873",2019-05-17,8,0,0,1,NA,"CGMP"
"874",2019-05-17,9,1,0,0,NA,"CGMP"
"875",2019-05-17,10,0,0,1,NA,"CGMP"
"876",2019-05-17,11,0,0,1,NA,"CGMP"
"877",2019-05-17,12,0,0,1,NA,"CGMP"
"878",2019-05-17,13,0,0,1,NA,"CGMP"
"879",2019-05-17,14,0,0,1,NA,"CGMP"
"880",2019-05-17,15,0,NA,0,NA,"CGMP"
"881",2019-05-17,16,0,NA,0,NA,"CGMP"
"882",2019-05-17,17,0,NA,0,NA,"CGMP"
"883",2019-05-17,18,1,0,1,NA,"CGMP"
"884",2019-05-17,19,0,0,1,NA,"CGMP"
"885",2019-05-17,20,0,NA,0,NA,"CGMP"
"886",2019-05-17,21,0,NA,0,NA,"CGMP"
"887",2019-05-17,22,0,NA,0,NA,"CGMP"
"888",2019-05-17,23,0,0,1,NA,"CGMP"
"889",2019-05-18,0,0,NA,0,NA,"CGMP"
"890",2019-05-18,1,0,NA,0,NA,"CGMP"
"891",2019-05-18,2,0,NA,0,NA,"CGMP"
"892",2019-05-18,3,0,NA,0,NA,"CGMP"
"893",2019-05-18,4,0,NA,0,NA,"CGMP"
"894",2019-05-18,5,0,0,1,"minke star wars good masking example","CGMP"
"895",2019-05-18,6,0,0,1,NA,"CGMP"
"896",2019-05-18,7,0,0,1,NA,"CGMP"
"897",2019-05-18,8,0,0,1,NA,"CGMP"
"898",2019-05-18,9,0,0,1,NA,"CGMP"
"899",2019-05-18,10,1,0,0,NA,"CGMP"
"900",2019-05-18,11,0,0,1,NA,"CGMP"
"901",2019-05-18,12,2,0,0,NA,"CGMP"
"902",2019-05-18,13,1,0,0,NA,"CGMP"
"903",2019-05-18,14,0,NA,0,NA,"CGMP"
"904",2019-05-18,15,0,NA,0,NA,"CGMP"
"905",2019-05-18,16,0,NA,0,NA,"CGMP"
"906",2019-05-18,17,0,NA,0,NA,"CGMP"
"907",2019-05-18,18,0,NA,0,NA,"CGMP"
"908",2019-05-18,19,0,NA,0,NA,"CGMP"
"909",2019-05-18,20,0,0,1,NA,"CGMP"
"910",2019-05-18,21,0,NA,0,NA,"CGMP"
"911",2019-05-18,22,0,NA,0,NA,"CGMP"
"912",2019-05-18,23,0,NA,0,NA,"CGMP"
"913",2019-05-19,0,0,NA,0,NA,"CGMP"
"914",2019-05-19,1,0,NA,0,NA,"CGMP"
"915",2019-05-19,2,0,NA,0,NA,"CGMP"
"916",2019-05-19,3,0,NA,0,NA,"CGMP"
"917",2019-05-19,4,0,0,1,NA,"CGMP"
"918",2019-05-19,5,0,0,2,NA,"CGMP"
"919",2019-05-19,6,0,0,1,NA,"CGMP"
"920",2019-05-19,7,0,0,1,NA,"CGMP"
"921",2019-05-19,8,0,0,2,NA,"CGMP"
"922",2019-05-19,9,1,0,0,NA,"CGMP"
"923",2019-05-19,10,0,0,1,NA,"CGMP"
"924",2019-05-19,11,0,0,1,NA,"CGMP"
"925",2019-05-19,12,0,0,1,NA,"CGMP"
"926",2019-05-19,13,0,0,1,NA,"CGMP"
"927",2019-05-19,14,0,0,1,NA,"CGMP"
"928",2019-05-19,15,0,0,1,NA,"CGMP"
"929",2019-05-19,16,0,NA,0,NA,"CGMP"
"930",2019-05-19,17,0,NA,0,NA,"CGMP"
"931",2019-05-19,18,0,NA,0,NA,"CGMP"
"932",2019-05-19,19,0,NA,0,NA,"CGMP"
"933",2019-05-19,20,0,NA,0,NA,"CGMP"
"934",2019-05-19,21,0,NA,0,NA,"CGMP"
"935",2019-05-19,22,0,NA,0,NA,"CGMP"
"936",2019-05-19,23,0,NA,0,NA,"CGMP"
"937",2019-05-20,0,0,NA,0,NA,"CGMP"
"938",2019-05-20,1,0,NA,0,NA,"CGMP"
"939",2019-05-20,2,0,NA,0,NA,"CGMP"
"940",2019-05-20,3,0,NA,0,NA,"CGMP"
"941",2019-05-20,4,0,NA,0,NA,"CGMP"
"942",2019-05-20,5,0,NA,0,NA,"CGMP"
"943",2019-05-20,6,1,0,0,NA,"CGMP"
"944",2019-05-20,7,0,0,1,NA,"CGMP"
"945",2019-05-20,8,0,0,1,NA,"CGMP"
"946",2019-05-20,9,0,0,1,NA,"CGMP"
"947",2019-05-20,10,0,0,2,NA,"CGMP"
"948",2019-05-20,11,0,NA,0,NA,"CGMP"
"949",2019-05-20,12,0,0,1,NA,"CGMP"
"950",2019-05-20,13,0,NA,0,NA,"CGMP"
"951",2019-05-20,14,0,NA,0,NA,"CGMP"
"952",2019-05-20,15,0,NA,0,NA,"CGMP"
"953",2019-05-20,16,0,NA,0,NA,"CGMP"
"954",2019-05-20,17,0,NA,0,NA,"CGMP"
"955",2019-05-20,18,0,NA,0,NA,"CGMP"
"956",2019-05-20,19,0,NA,0,NA,"CGMP"
"957",2019-05-20,20,0,NA,0,NA,"CGMP"
"958",2019-05-20,21,0,NA,0,NA,"CGMP"
"959",2019-05-20,22,0,NA,0,NA,"CGMP"
"960",2019-05-20,23,0,NA,0,NA,"CGMP"
"961",2019-05-21,0,0,NA,0,NA,"CGMP"
"962",2019-05-21,1,0,NA,0,NA,"CGMP"
"963",2019-05-21,2,0,NA,0,NA,"CGMP"
"964",2019-05-21,3,0,NA,0,NA,"CGMP"
"965",2019-05-21,4,0,NA,0,NA,"CGMP"
"966",2019-05-21,5,0,NA,0,NA,"CGMP"
"967",2019-05-21,6,0,0,2,NA,"CGMP"
"968",2019-05-21,7,0,NA,0,NA,"CGMP"
"969",2019-05-21,8,0,NA,0,NA,"CGMP"
"970",2019-05-21,9,0,0,1,NA,"CGMP"
"971",2019-05-21,10,1,0,0,NA,"CGMP"
"972",2019-05-21,11,1,0,1,NA,"CGMP"
"973",2019-05-21,12,0,NA,0,NA,"CGMP"
"974",2019-05-21,13,0,NA,0,NA,"CGMP"
"975",2019-05-21,14,0,NA,0,NA,"CGMP"
"976",2019-05-21,15,0,NA,0,NA,"CGMP"
"977",2019-05-21,16,0,0,1,NA,"CGMP"
"978",2019-05-21,17,0,NA,0,NA,"CGMP"
"979",2019-05-21,18,0,NA,0,NA,"CGMP"
"980",2019-05-21,19,0,NA,0,NA,"CGMP"
"981",2019-05-21,20,0,NA,0,NA,"CGMP"
"982",2019-05-21,21,0,NA,0,NA,"CGMP"
"983",2019-05-21,22,0,0,1,NA,"CGMP"
"984",2019-05-21,23,1,0,0,NA,"CGMP"
"985",2019-05-22,0,0,NA,0,NA,"CGMP"
"986",2019-05-22,1,0,NA,0,NA,"CGMP"
"987",2019-05-22,2,0,NA,0,NA,"CGMP"
"988",2019-05-22,3,0,NA,0,NA,"CGMP"
"989",2019-05-22,4,0,NA,0,NA,"CGMP"
"990",2019-05-22,5,0,NA,0,NA,"CGMP"
"991",2019-05-22,6,0,0,1,NA,"CGMP"
"992",2019-05-22,7,0,NA,0,NA,"CGMP"
"993",2019-05-22,8,0,0,1,NA,"CGMP"
"994",2019-05-22,9,0,0,1,NA,"CGMP"
"995",2019-05-22,10,0,0,1,NA,"CGMP"
"996",2019-05-22,11,1,0,1,NA,"CGMP"
"997",2019-05-22,12,1,0,1,NA,"CGMP"
"998",2019-05-22,13,0,0,1,NA,"CGMP"
"999",2019-05-22,14,0,0,3,NA,"CGMP"
"1000",2019-05-22,15,1,0,0,NA,"CGMP"
"1001",2019-05-22,16,0,NA,0,NA,"CGMP"
"1002",2019-05-22,17,0,NA,0,NA,"CGMP"
"1003",2019-05-22,18,0,NA,0,NA,"CGMP"
"1004",2019-05-22,19,0,0,1,NA,"CGMP"
"1005",2019-05-22,20,1,0,1,NA,"CGMP"
"1006",2019-05-22,21,0,NA,0,NA,"CGMP"
"1007",2019-05-22,22,0,NA,0,NA,"CGMP"
"1008",2019-05-22,23,0,NA,0,NA,"CGMP"
"1009",2019-05-23,0,0,NA,0,NA,"CGMP"
"1010",2019-05-23,1,0,NA,0,NA,"CGMP"
"1011",2019-05-23,2,0,NA,0,NA,"CGMP"
"1012",2019-05-23,3,0,NA,0,NA,"CGMP"
"1013",2019-05-23,4,0,NA,0,NA,"CGMP"
"1014",2019-05-23,5,0,NA,0,NA,"CGMP"
"1015",2019-05-23,6,0,0,3,NA,"CGMP"
"1016",2019-05-23,7,1,0,1,NA,"CGMP"
"1017",2019-05-23,8,1,0,2,NA,"CGMP"
"1018",2019-05-23,9,1,0,0,NA,"CGMP"
"1019",2019-05-23,10,0,0,2,NA,"CGMP"
"1020",2019-05-23,11,0,NA,0,NA,"CGMP"
"1021",2019-05-23,12,0,0,2,NA,"CGMP"
"1022",2019-05-23,13,1,0,0,NA,"CGMP"
"1023",2019-05-23,14,0,0,1,NA,"CGMP"
"1024",2019-05-23,15,0,NA,0,NA,"CGMP"
"1025",2019-05-23,16,0,0,1,NA,"CGMP"
"1026",2019-05-23,17,0,NA,0,NA,"CGMP"
"1027",2019-05-23,18,0,0,1,NA,"CGMP"
"1028",2019-05-23,19,0,NA,0,NA,"CGMP"
"1029",2019-05-23,20,0,NA,0,NA,"CGMP"
"1030",2019-05-23,21,0,NA,0,NA,"CGMP"
"1031",2019-05-23,22,0,NA,0,NA,"CGMP"
"1032",2019-05-23,23,0,NA,0,NA,"CGMP"
"1033",2019-05-24,0,0,NA,0,NA,"CGMP"
"1034",2019-05-24,1,0,NA,0,NA,"CGMP"
"1035",2019-05-24,2,0,NA,0,NA,"CGMP"
"1036",2019-05-24,3,0,NA,0,NA,"CGMP"
"1037",2019-05-24,4,0,NA,0,NA,"CGMP"
"1038",2019-05-24,5,0,NA,0,NA,"CGMP"
"1039",2019-05-24,6,1,0,0,NA,"CGMP"
"1040",2019-05-24,7,0,0,1,NA,"CGMP"
"1041",2019-05-24,8,0,0,2,NA,"CGMP"
"1042",2019-05-24,9,0,0,1,NA,"CGMP"
"1043",2019-05-24,10,0,NA,0,NA,"CGMP"
"1044",2019-05-24,11,1,0,1,NA,"CGMP"
"1045",2019-05-24,12,0,0,1,NA,"CGMP"
"1046",2019-05-24,13,0,NA,0,NA,"CGMP"
"1047",2019-05-24,14,0,NA,0,NA,"CGMP"
"1048",2019-05-24,15,0,NA,0,NA,"CGMP"
"1049",2019-05-24,16,0,NA,0,NA,"CGMP"
"1050",2019-05-24,17,0,NA,0,NA,"CGMP"
"1051",2019-05-24,18,0,NA,0,NA,"CGMP"
"1052",2019-05-24,19,0,NA,0,NA,"CGMP"
"1053",2019-05-24,20,0,NA,0,NA,"CGMP"
"1054",2019-05-24,21,0,NA,0,NA,"CGMP"
"1055",2019-05-24,22,0,NA,0,NA,"CGMP"
"1056",2019-05-24,23,0,NA,0,NA,"CGMP"
"1057",2019-05-25,0,0,NA,0,NA,"CGMP"
"1058",2019-05-25,1,0,NA,0,NA,"CGMP"
"1059",2019-05-25,2,0,NA,0,NA,"CGMP"
"1060",2019-05-25,3,0,NA,0,NA,"CGMP"
"1061",2019-05-25,4,0,NA,0,NA,"CGMP"
"1062",2019-05-25,5,0,0,1,NA,"CGMP"
"1063",2019-05-25,6,0,0,2,NA,"CGMP"
"1064",2019-05-25,7,2,0,0,NA,"CGMP"
"1065",2019-05-25,8,1,0,1,NA,"CGMP"
"1066",2019-05-25,9,0,0,1,NA,"CGMP"
"1067",2019-05-25,10,0,0,3,NA,"CGMP"
"1068",2019-05-25,11,0,0,1,NA,"CGMP"
"1069",2019-05-25,12,0,0,2,NA,"CGMP"
"1070",2019-05-25,13,1,0,1,NA,"CGMP"
"1071",2019-05-25,14,0,NA,0,NA,"CGMP"
"1072",2019-05-25,15,0,0,1,NA,"CGMP"
"1073",2019-05-25,16,0,0,1,NA,"CGMP"
"1074",2019-05-25,17,0,NA,0,NA,"CGMP"
"1075",2019-05-25,18,0,NA,0,NA,"CGMP"
"1076",2019-05-25,19,0,NA,0,NA,"CGMP"
"1077",2019-05-25,20,0,0,1,NA,"CGMP"
"1078",2019-05-25,21,0,NA,0,NA,"CGMP"
"1079",2019-05-25,22,0,NA,0,NA,"CGMP"
"1080",2019-05-25,23,0,NA,0,NA,"CGMP"
"1081",2019-05-26,0,0,NA,0,NA,"CGMP"
"1082",2019-05-26,1,0,NA,0,NA,"CGMP"
"1083",2019-05-26,2,0,NA,0,NA,"CGMP"
"1084",2019-05-26,3,0,NA,0,NA,"CGMP"
"1085",2019-05-26,4,0,NA,0,NA,"CGMP"
"1086",2019-05-26,5,0,NA,0,NA,"CGMP"
"1087",2019-05-26,6,0,0,1,NA,"CGMP"
"1088",2019-05-26,7,0,0,1,NA,"CGMP"
"1089",2019-05-26,8,0,NA,0,NA,"CGMP"
"1090",2019-05-26,9,0,NA,0,NA,"CGMP"
"1091",2019-05-26,10,0,NA,0,NA,"CGMP"
"1092",2019-05-26,11,0,0,2,NA,"CGMP"
"1093",2019-05-26,12,0,NA,0,NA,"CGMP"
"1094",2019-05-26,13,0,0,1,NA,"CGMP"
"1095",2019-05-26,14,0,NA,0,NA,"CGMP"
"1096",2019-05-26,15,0,0,1,NA,"CGMP"
"1097",2019-05-26,16,0,NA,0,NA,"CGMP"
"1098",2019-05-26,17,0,NA,0,NA,"CGMP"
"1099",2019-05-26,18,0,NA,0,NA,"CGMP"
"1100",2019-05-26,19,0,NA,0,NA,"CGMP"
"1101",2019-05-26,20,0,NA,0,NA,"CGMP"
"1102",2019-05-26,21,0,NA,0,NA,"CGMP"
"1103",2019-05-26,22,0,NA,0,NA,"CGMP"
"1104",2019-05-26,23,0,NA,0,NA,"CGMP"
"1105",2019-05-27,0,0,NA,0,NA,"CGMP"
"1106",2019-05-27,1,0,NA,0,NA,"CGMP"
"1107",2019-05-27,2,0,NA,0,NA,"CGMP"
"1108",2019-05-27,3,0,NA,0,NA,"CGMP"
"1109",2019-05-27,4,0,NA,0,NA,"CGMP"
"1110",2019-05-27,5,0,NA,0,NA,"CGMP"
"1111",2019-05-27,6,0,NA,0,NA,"CGMP"
"1112",2019-05-27,7,0,NA,0,NA,"CGMP"
"1113",2019-05-27,8,0,NA,0,NA,"CGMP"
"1114",2019-05-27,9,0,NA,0,NA,"CGMP"
"1115",2019-05-27,10,0,0,1,NA,"CGMP"
"1116",2019-05-27,11,0,NA,0,NA,"CGMP"
"1117",2019-05-27,12,0,0,1,NA,"CGMP"
"1118",2019-05-27,13,0,NA,0,NA,"CGMP"
"1119",2019-05-27,14,0,0,2,NA,"CGMP"
"1120",2019-05-27,15,0,NA,0,NA,"CGMP"
"1121",2019-05-27,16,0,NA,0,NA,"CGMP"
"1122",2019-05-27,17,0,NA,0,NA,"CGMP"
"1123",2019-05-27,18,0,NA,0,NA,"CGMP"
"1124",2019-05-27,19,0,NA,0,NA,"CGMP"
"1125",2019-05-27,20,0,NA,0,NA,"CGMP"
"1126",2019-05-27,21,0,NA,0,NA,"CGMP"
"1127",2019-05-27,22,0,NA,0,NA,"CGMP"
"1128",2019-05-27,23,0,NA,0,NA,"CGMP"
"1129",2019-05-28,0,0,NA,0,NA,"CGMP"
"1130",2019-05-28,1,0,NA,0,NA,"CGMP"
"1131",2019-05-28,2,0,NA,0,NA,"CGMP"
"1132",2019-05-28,3,0,NA,0,NA,"CGMP"
"1133",2019-05-28,4,0,NA,0,NA,"CGMP"
"1134",2019-05-28,5,0,NA,0,NA,"CGMP"
"1135",2019-05-28,6,0,NA,0,NA,"CGMP"
"1136",2019-05-28,7,0,NA,0,NA,"CGMP"
"1137",2019-05-28,8,0,NA,0,NA,"CGMP"
"1138",2019-05-28,9,0,NA,0,NA,"CGMP"
"1139",2019-05-28,10,0,NA,0,NA,"CGMP"
"1140",2019-05-28,11,0,NA,0,NA,"CGMP"
"1141",2019-05-28,12,0,NA,0,NA,"CGMP"
"1142",2019-05-28,13,0,0,1,NA,"CGMP"
"1143",2019-05-28,14,0,NA,0,NA,"CGMP"
"1144",2019-05-28,15,0,NA,0,NA,"CGMP"
"1145",2019-05-28,16,0,0,1,NA,"CGMP"
"1146",2019-05-28,17,0,NA,0,NA,"CGMP"
"1147",2019-05-28,18,0,NA,0,NA,"CGMP"
"1148",2019-05-28,19,0,NA,0,NA,"CGMP"
"1149",2019-05-28,20,0,NA,0,NA,"CGMP"
"1150",2019-05-28,21,0,NA,0,NA,"CGMP"
"1151",2019-05-28,22,0,NA,0,NA,"CGMP"
"1152",2019-05-28,23,0,NA,0,NA,"CGMP"
"1153",2019-05-29,0,0,NA,0,NA,"CGMP"
"1154",2019-05-29,1,0,NA,0,NA,"CGMP"
"1155",2019-05-29,2,0,NA,0,NA,"CGMP"
"1156",2019-05-29,3,0,NA,0,NA,"CGMP"
"1157",2019-05-29,4,0,NA,0,NA,"CGMP"
"1158",2019-05-29,5,0,NA,0,NA,"CGMP"
"1159",2019-05-29,6,0,NA,0,NA,"CGMP"
"1160",2019-05-29,7,0,NA,0,NA,"CGMP"
"1161",2019-05-29,8,0,NA,0,NA,"CGMP"
"1162",2019-05-29,9,1,0,0,NA,"CGMP"
"1163",2019-05-29,10,1,0,0,NA,"CGMP"
"1164",2019-05-29,11,0,NA,0,NA,"CGMP"
"1165",2019-05-29,12,0,0,2,NA,"CGMP"
"1166",2019-05-29,13,0,NA,0,NA,"CGMP"
"1167",2019-05-29,14,0,NA,0,NA,"CGMP"
"1168",2019-05-29,15,0,NA,0,NA,"CGMP"
"1169",2019-05-29,16,0,NA,0,NA,"CGMP"
"1170",2019-05-29,17,0,NA,0,NA,"CGMP"
"1171",2019-05-29,18,0,NA,0,NA,"CGMP"
"1172",2019-05-29,19,0,NA,0,NA,"CGMP"
"1173",2019-05-29,20,0,NA,0,NA,"CGMP"
"1174",2019-05-29,21,0,NA,0,NA,"CGMP"
"1175",2019-05-29,22,0,NA,0,NA,"CGMP"
"1176",2019-05-29,23,0,NA,0,NA,"CGMP"
"1177",2019-05-30,0,0,NA,0,NA,"CGMP"
"1178",2019-05-30,1,0,NA,0,NA,"CGMP"
"1179",2019-05-30,2,0,NA,0,NA,"CGMP"
"1180",2019-05-30,3,0,NA,0,NA,"CGMP"
"1181",2019-05-30,4,0,NA,0,NA,"CGMP"
"1182",2019-05-30,5,0,NA,0,NA,"CGMP"
"1183",2019-05-30,6,0,NA,0,NA,"CGMP"
"1184",2019-05-30,7,0,NA,0,NA,"CGMP"
"1185",2019-05-30,8,0,NA,0,NA,"CGMP"
"1186",2019-05-30,9,0,NA,0,NA,"CGMP"
"1187",2019-05-30,10,0,NA,0,NA,"CGMP"
"1188",2019-05-30,11,0,NA,0,NA,"CGMP"
"1189",2019-05-30,12,0,NA,0,NA,"CGMP"
"1190",2019-05-30,13,0,NA,0,NA,"CGMP"
"1191",2019-05-30,14,0,NA,0,NA,"CGMP"
"1192",2019-05-30,15,0,0,1,NA,"CGMP"
"1193",2019-05-30,16,0,NA,0,NA,"CGMP"
"1194",2019-05-30,17,0,NA,0,NA,"CGMP"
"1195",2019-05-30,18,0,NA,0,NA,"CGMP"
"1196",2019-05-30,19,0,NA,0,NA,"CGMP"
"1197",2019-05-30,20,0,NA,0,NA,"CGMP"
"1198",2019-05-30,21,0,NA,0,NA,"CGMP"
"1199",2019-05-30,22,0,NA,0,NA,"CGMP"
"1200",2019-05-30,23,0,NA,0,NA,"CGMP"
"1201",2019-05-31,0,0,NA,0,NA,"CGMP"
"1202",2019-05-31,1,0,NA,0,NA,"CGMP"
"1203",2019-05-31,2,0,0,1,NA,"CGMP"
"1204",2019-05-31,3,0,NA,0,NA,"CGMP"
"1205",2019-05-31,4,0,NA,0,NA,"CGMP"
"1206",2019-05-31,5,0,NA,0,NA,"CGMP"
"1207",2019-05-31,6,0,NA,0,NA,"CGMP"
"1208",2019-05-31,7,1,0,0,NA,"CGMP"
"1209",2019-05-31,8,0,0,1,NA,"CGMP"
"1210",2019-05-31,9,0,0,1,NA,"CGMP"
"1211",2019-05-31,10,0,NA,0,NA,"CGMP"
"1212",2019-05-31,11,0,0,2,NA,"CGMP"
"1213",2019-05-31,12,0,NA,0,NA,"CGMP"
"1214",2019-05-31,13,0,NA,0,NA,"CGMP"
"1215",2019-05-31,14,0,0,1,NA,"CGMP"
"1216",2019-05-31,15,0,0,1,NA,"CGMP"
"1217",2019-05-31,16,0,NA,0,NA,"CGMP"
"1218",2019-05-31,17,0,NA,0,NA,"CGMP"
"1219",2019-05-31,18,0,NA,0,NA,"CGMP"
"1220",2019-05-31,19,0,NA,0,NA,"CGMP"
"1221",2019-05-31,20,0,NA,0,NA,"CGMP"
"1222",2019-05-31,21,0,NA,0,NA,"CGMP"
"1223",2019-05-31,22,0,NA,0,NA,"CGMP"
"1224",2019-05-31,23,0,NA,0,NA,"CGMP"
"1225",2019-06-01,0,0,NA,0,NA,"CGMP"
"1226",2019-06-01,1,0,NA,0,NA,"CGMP"
"1227",2019-06-01,2,0,NA,0,NA,"CGMP"
"1228",2019-06-01,3,0,NA,0,NA,"CGMP"
"1229",2019-06-01,4,0,NA,0,NA,"CGMP"
"1230",2019-06-01,5,0,NA,0,NA,"CGMP"
"1231",2019-06-01,6,0,NA,0,NA,"CGMP"
"1232",2019-06-01,7,0,NA,0,NA,"CGMP"
"1233",2019-06-01,8,0,NA,0,NA,"CGMP"
"1234",2019-06-01,9,0,NA,0,NA,"CGMP"
"1235",2019-06-01,10,0,NA,0,NA,"CGMP"
"1236",2019-06-01,11,0,NA,0,NA,"CGMP"
"1237",2019-06-01,12,0,NA,0,NA,"CGMP"
"1238",2019-06-01,13,0,0,1,NA,"CGMP"
"1239",2019-06-01,14,0,NA,0,NA,"CGMP"
"1240",2019-06-01,15,0,NA,0,NA,"CGMP"
"1241",2019-06-01,16,0,NA,0,NA,"CGMP"
"1242",2019-06-01,17,0,NA,0,NA,"CGMP"
"1243",2019-06-01,18,0,NA,0,NA,"CGMP"
"1244",2019-06-01,19,0,NA,0,NA,"CGMP"
"1245",2019-06-01,20,0,NA,0,NA,"CGMP"
"1246",2019-06-01,21,0,NA,0,NA,"CGMP"
"1247",2019-06-01,22,0,NA,0,NA,"CGMP"
"1248",2019-06-01,23,0,NA,0,NA,"CGMP"
"1249",2019-06-02,0,0,NA,0,NA,"CGMP"
"1250",2019-06-02,1,0,NA,0,NA,"CGMP"
"1251",2019-06-02,2,0,NA,0,NA,"CGMP"
"1252",2019-06-02,3,0,NA,0,NA,"CGMP"
"1253",2019-06-02,4,0,NA,0,NA,"CGMP"
"1254",2019-06-02,5,0,NA,0,NA,"CGMP"
"1255",2019-06-02,6,0,NA,0,NA,"CGMP"
"1256",2019-06-02,7,0,NA,0,NA,"CGMP"
"1257",2019-06-02,8,0,NA,0,NA,"CGMP"
"1258",2019-06-02,9,0,NA,0,NA,"CGMP"
"1259",2019-06-02,10,0,NA,0,NA,"CGMP"
"1260",2019-06-02,11,0,NA,0,NA,"CGMP"
"1261",2019-06-02,12,0,NA,0,NA,"CGMP"
"1262",2019-06-02,13,0,NA,0,NA,"CGMP"
"1263",2019-06-02,14,0,NA,0,NA,"CGMP"
"1264",2019-06-02,15,0,0,1,NA,"CGMP"
"1265",2019-06-02,16,0,NA,0,NA,"CGMP"
"1266",2019-06-02,17,0,NA,0,NA,"CGMP"
"1267",2019-06-02,18,0,NA,0,NA,"CGMP"
"1268",2019-06-02,19,0,NA,0,NA,"CGMP"
"1269",2019-06-02,20,0,0,1,NA,"CGMP"
"1270",2019-06-02,21,0,NA,0,NA,"CGMP"
"1271",2019-06-02,22,0,NA,0,NA,"CGMP"
"1272",2019-06-02,23,0,NA,0,NA,"CGMP"
"1273",2019-06-03,0,0,0,1,NA,"CGMP"
"1274",2019-06-03,1,0,NA,0,NA,"CGMP"
"1275",2019-06-03,2,0,NA,0,NA,"CGMP"
"1276",2019-06-03,3,0,NA,0,NA,"CGMP"
"1277",2019-06-03,4,0,NA,0,NA,"CGMP"
"1278",2019-06-03,5,0,NA,0,NA,"CGMP"
"1279",2019-06-03,6,0,NA,0,NA,"CGMP"
"1280",2019-06-03,7,0,NA,0,NA,"CGMP"
"1281",2019-06-03,8,0,0,1,NA,"CGMP"
"1282",2019-06-03,9,0,NA,0,NA,"CGMP"
"1283",2019-06-03,10,0,NA,0,NA,"CGMP"
"1284",2019-06-03,11,0,NA,0,NA,"CGMP"
"1285",2019-06-03,12,0,0,1,NA,"CGMP"
"1286",2019-06-03,13,0,NA,0,NA,"CGMP"
"1287",2019-06-03,14,0,NA,0,NA,"CGMP"
"1288",2019-06-03,15,0,NA,0,NA,"CGMP"
"1289",2019-06-03,16,0,NA,0,NA,"CGMP"
"1290",2019-06-03,17,0,NA,0,NA,"CGMP"
"1291",2019-06-03,18,0,NA,0,NA,"CGMP"
"1292",2019-06-03,19,0,NA,0,NA,"CGMP"
"1293",2019-06-03,20,0,NA,0,NA,"CGMP"
"1294",2019-06-03,21,0,NA,0,NA,"CGMP"
"1295",2019-06-03,22,0,NA,0,NA,"CGMP"
"1296",2019-06-03,23,0,NA,0,NA,"CGMP"
"1297",2019-06-04,0,0,NA,0,NA,"CGMP"
"1298",2019-06-04,1,0,NA,0,NA,"CGMP"
"1299",2019-06-04,2,0,NA,0,NA,"CGMP"
"1300",2019-06-04,3,0,NA,0,NA,"CGMP"
"1301",2019-06-04,4,0,NA,0,NA,"CGMP"
"1302",2019-06-04,5,0,NA,0,NA,"CGMP"
"1303",2019-06-04,6,0,NA,0,NA,"CGMP"
"1304",2019-06-04,7,0,NA,0,NA,"CGMP"
"1305",2019-06-04,8,0,NA,0,NA,"CGMP"
"1306",2019-06-04,9,0,NA,0,NA,"CGMP"
"1307",2019-06-04,10,0,NA,0,NA,"CGMP"
"1308",2019-06-04,11,0,NA,0,NA,"CGMP"
"1309",2019-06-04,12,0,NA,0,NA,"CGMP"
"1310",2019-06-04,13,0,NA,0,NA,"CGMP"
"1311",2019-06-04,14,0,NA,0,NA,"CGMP"
"1312",2019-06-04,15,0,NA,0,NA,"CGMP"
"1313",2019-06-04,16,0,NA,0,NA,"CGMP"
"1314",2019-06-04,17,0,NA,0,NA,"CGMP"
"1315",2019-06-04,18,0,NA,0,NA,"CGMP"
"1316",2019-06-04,19,0,NA,0,NA,"CGMP"
"1317",2019-06-04,20,0,NA,0,NA,"CGMP"
"1318",2019-06-04,21,0,NA,0,NA,"CGMP"
"1319",2019-06-04,22,0,NA,0,NA,"CGMP"
"1320",2019-06-04,23,0,NA,0,NA,"CGMP"
"1321",2019-06-05,0,0,NA,0,NA,"CGMP"
"1322",2019-06-05,1,0,NA,0,NA,"CGMP"
"1323",2019-06-05,2,0,NA,0,NA,"CGMP"
"1324",2019-06-05,3,0,NA,0,NA,"CGMP"
"1325",2019-06-05,4,0,NA,0,NA,"CGMP"
"1326",2019-06-05,5,0,NA,0,NA,"CGMP"
"1327",2019-06-05,6,0,NA,0,NA,"CGMP"
"1328",2019-06-05,7,0,NA,0,NA,"CGMP"
"1329",2019-06-05,8,0,NA,0,NA,"CGMP"
"1330",2019-06-05,9,0,NA,0,NA,"CGMP"
"1331",2019-06-05,10,0,NA,0,NA,"CGMP"
"1332",2019-06-05,11,0,NA,0,NA,"CGMP"
"1333",2019-06-05,12,0,NA,0,NA,"CGMP"
"1334",2019-06-05,13,0,NA,0,NA,"CGMP"
"1335",2019-06-05,14,0,NA,0,NA,"CGMP"
"1336",2019-06-05,15,0,NA,0,NA,"CGMP"
"1337",2019-06-05,16,0,NA,0,NA,"CGMP"
"1338",2019-06-05,17,0,0,2,NA,"CGMP"
"1339",2019-06-05,18,0,NA,0,NA,"CGMP"
"1340",2019-06-05,19,0,NA,0,NA,"CGMP"
"1341",2019-06-05,20,0,NA,0,NA,"CGMP"
"1342",2019-06-05,21,0,NA,0,NA,"CGMP"
"1343",2019-06-05,22,0,NA,0,NA,"CGMP"
"1344",2019-06-05,23,0,NA,0,NA,"CGMP"
"1345",2019-06-06,0,0,NA,0,NA,"CGMP"
"1346",2019-06-06,1,0,NA,0,NA,"CGMP"
"1347",2019-06-06,2,0,NA,0,NA,"CGMP"
"1348",2019-06-06,3,0,NA,0,NA,"CGMP"
"1349",2019-06-06,4,0,NA,0,NA,"CGMP"
"1350",2019-06-06,5,0,NA,0,NA,"CGMP"
"1351",2019-06-06,6,0,NA,0,NA,"CGMP"
"1352",2019-06-06,7,0,NA,0,NA,"CGMP"
"1353",2019-06-06,8,0,NA,0,NA,"CGMP"
"1354",2019-06-06,9,0,NA,0,NA,"CGMP"
"1355",2019-06-06,10,0,NA,0,NA,"CGMP"
"1356",2019-06-06,11,0,NA,0,NA,"CGMP"
"1357",2019-06-06,12,0,NA,0,NA,"CGMP"
"1358",2019-06-06,13,0,NA,0,NA,"CGMP"
"1359",2019-06-06,14,0,NA,0,NA,"CGMP"
"1360",2019-06-06,15,0,NA,0,NA,"CGMP"
"1361",2019-06-06,16,0,NA,0,NA,"CGMP"
"1362",2019-06-06,17,0,NA,0,NA,"CGMP"
"1363",2019-06-06,18,0,NA,0,NA,"CGMP"
"1364",2019-06-06,19,0,NA,0,NA,"CGMP"
"1365",2019-06-06,20,0,NA,0,NA,"CGMP"
"1366",2019-06-06,21,0,NA,0,NA,"CGMP"
"1367",2019-06-06,22,0,NA,0,NA,"CGMP"
"1368",2019-06-06,23,0,NA,0,NA,"CGMP"
"1369",2019-06-07,0,0,NA,0,NA,"CGMP"
"1370",2019-06-07,1,0,NA,0,NA,"CGMP"
"1371",2019-06-07,2,0,NA,0,NA,"CGMP"
"1372",2019-06-07,3,0,NA,0,NA,"CGMP"
"1373",2019-06-07,4,0,NA,0,NA,"CGMP"
"1374",2019-06-07,5,0,NA,0,NA,"CGMP"
"1375",2019-06-07,6,0,NA,0,NA,"CGMP"
"1376",2019-06-07,7,0,NA,0,NA,"CGMP"
"1377",2019-06-07,8,0,NA,0,NA,"CGMP"
"1378",2019-06-07,9,0,NA,0,NA,"CGMP"
"1379",2019-06-07,10,0,NA,0,NA,"CGMP"
"1380",2019-06-07,11,0,NA,0,NA,"CGMP"
"1381",2019-06-07,12,0,NA,0,NA,"CGMP"
"1382",2019-06-07,13,0,NA,0,NA,"CGMP"
"1383",2019-06-07,14,0,0,1,NA,"CGMP"
"1384",2019-06-07,15,0,0,1,NA,"CGMP"
"1385",2019-06-07,16,0,NA,0,NA,"CGMP"
"1386",2019-06-07,17,0,NA,0,NA,"CGMP"
"1387",2019-06-07,18,0,NA,0,NA,"CGMP"
"1388",2019-06-07,19,0,NA,0,NA,"CGMP"
"1389",2019-06-07,20,0,NA,0,NA,"CGMP"
"1390",2019-06-07,21,0,NA,0,NA,"CGMP"
"1391",2019-06-07,22,0,NA,0,NA,"CGMP"
"1392",2019-06-07,23,0,NA,0,NA,"CGMP"
"1393",2019-06-08,0,0,NA,0,NA,"CGMP"
"1394",2019-06-08,1,0,NA,0,NA,"CGMP"
"1395",2019-06-08,2,0,NA,0,NA,"CGMP"
"1396",2019-06-08,3,0,NA,0,NA,"CGMP"
"1397",2019-06-08,4,0,NA,0,NA,"CGMP"
"1398",2019-06-08,5,0,NA,0,NA,"CGMP"
"1399",2019-06-08,6,0,NA,0,NA,"CGMP"
"1400",2019-06-08,7,0,0,1,NA,"CGMP"
"1401",2019-06-08,8,0,0,1,NA,"CGMP"
"1402",2019-06-08,9,0,0,2,NA,"CGMP"
"1403",2019-06-08,10,0,0,1,NA,"CGMP"
"1404",2019-06-08,11,0,0,2,NA,"CGMP"
"1405",2019-06-08,12,0,0,1,NA,"CGMP"
"1406",2019-06-08,13,0,NA,0,NA,"CGMP"
"1407",2019-06-08,14,0,NA,0,NA,"CGMP"
"1408",2019-06-08,15,0,0,1,NA,"CGMP"
"1409",2019-06-08,16,0,0,1,NA,"CGMP"
"1410",2019-06-08,17,0,NA,0,NA,"CGMP"
"1411",2019-06-08,18,1,0,0,NA,"CGMP"
"1412",2019-06-08,19,0,NA,0,NA,"CGMP"
"1413",2019-06-08,20,0,NA,0,NA,"CGMP"
"1414",2019-06-08,21,0,NA,0,NA,"CGMP"
"1415",2019-06-08,22,0,0,1,NA,"CGMP"
"1416",2019-06-08,23,0,NA,0,NA,"CGMP"
"1417",2019-06-09,0,0,NA,0,NA,"CGMP"
"1418",2019-06-09,1,0,NA,0,NA,"CGMP"
"1419",2019-06-09,2,0,NA,0,NA,"CGMP"
"1420",2019-06-09,3,0,NA,0,NA,"CGMP"
"1421",2019-06-09,4,0,NA,0,NA,"CGMP"
"1422",2019-06-09,5,0,NA,0,NA,"CGMP"
"1423",2019-06-09,6,0,0,1,NA,"CGMP"
"1424",2019-06-09,7,0,0,1,NA,"CGMP"
"1425",2019-06-09,8,0,0,2,NA,"CGMP"
"1426",2019-06-09,9,1,0,0,NA,"CGMP"
"1427",2019-06-09,10,1,0,2,NA,"CGMP"
"1428",2019-06-09,11,1,0,0,NA,"CGMP"
"1429",2019-06-09,12,1,0,0,NA,"CGMP"
"1430",2019-06-09,13,0,0,2,NA,"CGMP"
"1431",2019-06-09,14,0,0,1,NA,"CGMP"
"1432",2019-06-09,15,0,NA,0,NA,"CGMP"
"1433",2019-06-09,16,0,0,1,NA,"CGMP"
"1434",2019-06-09,17,0,NA,0,NA,"CGMP"
"1435",2019-06-09,18,0,NA,0,NA,"CGMP"
"1436",2019-06-09,19,0,NA,0,NA,"CGMP"
"1437",2019-06-09,20,0,NA,0,NA,"CGMP"
"1438",2019-06-09,21,0,NA,0,NA,"CGMP"
"1439",2019-06-09,22,0,NA,0,NA,"CGMP"
"1440",2019-06-09,23,0,NA,0,NA,"CGMP"
"1441",2019-06-10,0,0,NA,0,NA,"CGMP"
"1442",2019-06-10,1,0,NA,0,NA,"CGMP"
"1443",2019-06-10,2,0,NA,0,NA,"CGMP"
"1444",2019-06-10,3,0,0,1,NA,"CGMP"
"1445",2019-06-10,4,0,NA,0,NA,"CGMP"
"1446",2019-06-10,5,0,NA,0,NA,"CGMP"
"1447",2019-06-10,6,0,0,1,NA,"CGMP"
"1448",2019-06-10,7,0,NA,0,NA,"CGMP"
"1449",2019-06-10,8,1,0,0,NA,"CGMP"
"1450",2019-06-10,9,0,0,1,NA,"CGMP"
"1451",2019-06-10,10,0,0,1,NA,"CGMP"
"1452",2019-06-10,11,0,0,1,NA,"CGMP"
"1453",2019-06-10,12,1,0,0,NA,"CGMP"
"1454",2019-06-10,13,0,0,1,NA,"CGMP"
"1455",2019-06-10,14,0,NA,0,NA,"CGMP"
"1456",2019-06-10,15,0,0,1,NA,"CGMP"
"1457",2019-06-10,16,0,NA,0,NA,"CGMP"
"1458",2019-06-10,17,0,NA,0,NA,"CGMP"
"1459",2019-06-10,18,0,NA,0,NA,"CGMP"
"1460",2019-06-10,19,0,NA,0,NA,"CGMP"
"1461",2019-06-10,20,0,NA,0,NA,"CGMP"
"1462",2019-06-10,21,0,NA,0,NA,"CGMP"
"1463",2019-06-10,22,0,NA,0,NA,"CGMP"
"1464",2019-06-10,23,0,NA,0,NA,"CGMP"
"1465",2019-06-11,0,0,NA,0,NA,"CGMP"
"1466",2019-06-11,1,0,NA,0,NA,"CGMP"
"1467",2019-06-11,2,0,NA,0,NA,"CGMP"
"1468",2019-06-11,3,0,NA,0,NA,"CGMP"
"1469",2019-06-11,4,0,0,1,NA,"CGMP"
"1470",2019-06-11,5,0,NA,0,NA,"CGMP"
"1471",2019-06-11,6,1,0,0,NA,"CGMP"
"1472",2019-06-11,7,1,0,1,NA,"CGMP"
"1473",2019-06-11,8,1,0,1,NA,"CGMP"
"1474",2019-06-11,9,2,0,1,NA,"CGMP"
"1475",2019-06-11,10,1,0,0,NA,"CGMP"
"1476",2019-06-11,11,0,0,1,NA,"CGMP"
"1477",2019-06-11,12,0,0,2,NA,"CGMP"
"1478",2019-06-11,13,0,0,3,NA,"CGMP"
"1479",2019-06-11,14,0,0,2,NA,"CGMP"
"1480",2019-06-11,15,0,0,1,NA,"CGMP"
"1481",2019-06-11,16,0,NA,0,NA,"CGMP"
"1482",2019-06-11,17,0,NA,0,NA,"CGMP"
"1483",2019-06-11,18,0,NA,0,NA,"CGMP"
"1484",2019-06-11,19,0,NA,0,NA,"CGMP"
"1485",2019-06-11,20,0,NA,0,NA,"CGMP"
"1486",2019-06-11,21,0,NA,0,NA,"CGMP"
"1487",2019-06-11,22,0,NA,0,NA,"CGMP"
"1488",2019-06-11,23,0,NA,0,NA,"CGMP"
"1489",2019-06-12,0,0,NA,0,NA,"CGMP"
"1490",2019-06-12,1,0,NA,0,NA,"CGMP"
"1491",2019-06-12,2,0,NA,0,NA,"CGMP"
"1492",2019-06-12,3,0,NA,0,NA,"CGMP"
"1493",2019-06-12,4,0,NA,0,NA,"CGMP"
"1494",2019-06-12,5,0,NA,0,NA,"CGMP"
"1495",2019-06-12,6,1,0,0,NA,"CGMP"
"1496",2019-06-12,7,0,0,2,NA,"CGMP"
"1497",2019-06-12,8,0,0,1,NA,"CGMP"
"1498",2019-06-12,9,0,0,1,NA,"CGMP"
"1499",2019-06-12,10,0,0,2,NA,"CGMP"
"1500",2019-06-12,11,0,0,1,NA,"CGMP"
"1501",2019-06-12,12,0,NA,0,NA,"CGMP"
"1502",2019-06-12,13,0,NA,0,NA,"CGMP"
"1503",2019-06-12,14,0,NA,0,NA,"CGMP"
"1504",2019-06-12,15,0,NA,0,NA,"CGMP"
"1505",2019-06-12,16,0,NA,0,NA,"CGMP"
"1506",2019-06-12,17,0,NA,0,NA,"CGMP"
"1507",2019-06-12,18,0,NA,0,NA,"CGMP"
"1508",2019-06-12,19,0,NA,0,NA,"CGMP"
"1509",2019-06-12,20,0,NA,0,NA,"CGMP"
"1510",2019-06-12,21,0,NA,0,NA,"CGMP"
"1511",2019-06-12,22,0,NA,0,NA,"CGMP"
"1512",2019-06-12,23,0,NA,0,NA,"CGMP"
"1513",2019-06-13,0,0,NA,0,NA,"CGMP"
"1514",2019-06-13,1,0,NA,0,NA,"CGMP"
"1515",2019-06-13,2,0,NA,0,NA,"CGMP"
"1516",2019-06-13,3,0,NA,0,NA,"CGMP"
"1517",2019-06-13,4,0,NA,0,NA,"CGMP"
"1518",2019-06-13,5,0,NA,0,NA,"CGMP"
"1519",2019-06-13,6,1,0,0,NA,"CGMP"
"1520",2019-06-13,7,0,0,1,NA,"CGMP"
"1521",2019-06-13,8,1,0,1,NA,"CGMP"
"1522",2019-06-13,9,1,0,0,NA,"CGMP"
"1523",2019-06-13,10,0,0,1,NA,"CGMP"
"1524",2019-06-13,11,1,0,0,NA,"CGMP"
"1525",2019-06-13,12,0,0,2,NA,"CGMP"
"1526",2019-06-13,13,0,0,3,NA,"CGMP"
"1527",2019-06-13,14,1,0,0,NA,"CGMP"
"1528",2019-06-13,15,0,0,1,NA,"CGMP"
"1529",2019-06-13,16,0,0,1,NA,"CGMP"
"1530",2019-06-13,17,0,NA,0,NA,"CGMP"
"1531",2019-06-13,18,0,NA,0,NA,"CGMP"
"1532",2019-06-13,19,0,NA,0,NA,"CGMP"
"1533",2019-06-13,20,0,NA,0,NA,"CGMP"
"1534",2019-06-13,21,0,NA,0,NA,"CGMP"
"1535",2019-06-13,22,0,NA,0,NA,"CGMP"
"1536",2019-06-13,23,0,NA,0,NA,"CGMP"
"1537",2019-06-14,0,0,NA,0,NA,"CGMP"
"1538",2019-06-14,1,0,NA,0,NA,"CGMP"
"1539",2019-06-14,2,0,NA,0,NA,"CGMP"
"1540",2019-06-14,3,0,NA,0,NA,"CGMP"
"1541",2019-06-14,4,0,NA,0,NA,"CGMP"
"1542",2019-06-14,5,0,NA,0,NA,"CGMP"
"1543",2019-06-14,6,0,NA,0,NA,"CGMP"
"1544",2019-06-14,7,0,NA,0,NA,"CGMP"
"1545",2019-06-14,8,0,0,1,NA,"CGMP"
"1546",2019-06-14,9,0,0,1,NA,"CGMP"
"1547",2019-06-14,10,0,0,1,NA,"CGMP"
"1548",2019-06-14,11,0,NA,0,NA,"CGMP"
"1549",2019-06-14,12,0,0,1,NA,"CGMP"
"1550",2019-06-14,13,0,NA,0,NA,"CGMP"
"1551",2019-06-14,14,0,0,1,NA,"CGMP"
"1552",2019-06-14,15,0,0,1,NA,"CGMP"
"1553",2019-06-14,16,0,NA,0,NA,"CGMP"
"1554",2019-06-14,17,1,0,0,NA,"CGMP"
"1555",2019-06-14,18,1,0,0,NA,"CGMP"
"1556",2019-06-14,19,0,NA,0,NA,"CGMP"
"1557",2019-06-14,20,0,0,1,NA,"CGMP"
"1558",2019-06-14,21,0,NA,0,NA,"CGMP"
"1559",2019-06-14,22,0,NA,0,NA,"CGMP"
"1560",2019-06-14,23,0,NA,0,NA,"CGMP"
"1561",2019-06-15,0,0,0,1,NA,"CGMP"
"1562",2019-06-15,1,0,0,1,NA,"CGMP"
"1563",2019-06-15,2,0,0,1,NA,"CGMP"
"1564",2019-06-15,3,0,NA,0,NA,"CGMP"
"1565",2019-06-15,4,0,NA,0,NA,"CGMP"
"1566",2019-06-15,5,0,0,1,NA,"CGMP"
"1567",2019-06-15,6,1,0,0,NA,"CGMP"
"1568",2019-06-15,7,1,0,0,NA,"CGMP"
"1569",2019-06-15,8,1,0,0,NA,"CGMP"
"1570",2019-06-15,9,0,0,1,NA,"CGMP"
"1571",2019-06-15,10,0,0,2,NA,"CGMP"
"1572",2019-06-15,11,0,0,3,NA,"CGMP"
"1573",2019-06-15,12,0,0,1,NA,"CGMP"
"1574",2019-06-15,13,0,0,1,NA,"CGMP"
"1575",2019-06-15,14,0,NA,0,NA,"CGMP"
"1576",2019-06-15,15,1,0,0,NA,"CGMP"
"1577",2019-06-15,16,0,0,1,NA,"CGMP"
"1578",2019-06-15,17,0,NA,0,NA,"CGMP"
"1579",2019-06-15,18,0,NA,0,NA,"CGMP"
"1580",2019-06-15,19,0,NA,0,NA,"CGMP"
"1581",2019-06-15,20,0,NA,0,NA,"CGMP"
"1582",2019-06-15,21,0,NA,0,NA,"CGMP"
"1583",2019-06-15,22,0,NA,0,NA,"CGMP"
"1584",2019-06-15,23,0,NA,0,NA,"CGMP"
"1585",2019-06-16,0,0,NA,0,NA,"CGMP"
"1586",2019-06-16,1,0,NA,0,NA,"CGMP"
"1587",2019-06-16,2,0,NA,0,NA,"CGMP"
"1588",2019-06-16,3,0,NA,0,NA,"CGMP"
"1589",2019-06-16,4,0,NA,0,NA,"CGMP"
"1590",2019-06-16,5,0,0,2,NA,"CGMP"
"1591",2019-06-16,6,1,0,0,NA,"CGMP"
"1592",2019-06-16,7,0,NA,0,NA,"CGMP"
"1593",2019-06-16,8,1,0,1,NA,"CGMP"
"1594",2019-06-16,9,0,NA,0,NA,"CGMP"
"1595",2019-06-16,10,0,0,1,NA,"CGMP"
"1596",2019-06-16,11,0,0,1,NA,"CGMP"
"1597",2019-06-16,12,0,0,1,NA,"CGMP"
"1598",2019-06-16,13,0,0,1,NA,"CGMP"
"1599",2019-06-16,14,0,NA,0,NA,"CGMP"
"1600",2019-06-16,15,0,NA,0,NA,"CGMP"
"1601",2019-06-16,16,0,NA,0,NA,"CGMP"
"1602",2019-06-16,17,0,NA,0,NA,"CGMP"
"1603",2019-06-16,18,0,NA,0,NA,"CGMP"
"1604",2019-06-16,19,0,NA,0,NA,"CGMP"
"1605",2019-06-16,20,0,NA,0,NA,"CGMP"
"1606",2019-06-16,21,0,NA,0,NA,"CGMP"
"1607",2019-06-16,22,0,NA,0,NA,"CGMP"
"1608",2019-06-16,23,0,NA,0,NA,"CGMP"
"1609",2019-06-17,0,0,NA,0,NA,"CGMP"
"1610",2019-06-17,1,0,NA,0,NA,"CGMP"
"1611",2019-06-17,2,0,NA,0,NA,"CGMP"
"1612",2019-06-17,3,0,NA,0,NA,"CGMP"
"1613",2019-06-17,4,0,NA,0,NA,"CGMP"
"1614",2019-06-17,5,0,NA,0,NA,"CGMP"
"1615",2019-06-17,6,0,NA,0,NA,"CGMP"
"1616",2019-06-17,7,0,NA,0,NA,"CGMP"
"1617",2019-06-17,8,0,NA,0,NA,"CGMP"
"1618",2019-06-17,9,0,NA,0,NA,"CGMP"
"1619",2019-06-17,10,0,NA,0,NA,"CGMP"
"1620",2019-06-17,11,0,NA,0,NA,"CGMP"
"1621",2019-06-17,12,0,NA,0,NA,"CGMP"
"1622",2019-06-17,13,0,NA,0,NA,"CGMP"
"1623",2019-06-17,14,0,NA,0,NA,"CGMP"
"1624",2019-06-17,15,0,NA,0,NA,"CGMP"
"1625",2019-06-17,16,0,NA,0,NA,"CGMP"
"1626",2019-06-17,17,0,NA,0,NA,"CGMP"
"1627",2019-06-17,18,0,NA,0,NA,"CGMP"
"1628",2019-06-17,19,0,NA,0,NA,"CGMP"
"1629",2019-06-17,20,0,NA,0,NA,"CGMP"
"1630",2019-06-17,21,0,NA,0,NA,"CGMP"
"1631",2019-06-17,22,0,NA,0,NA,"CGMP"
"1632",2019-06-17,23,0,NA,0,NA,"CGMP"
"1633",2019-06-18,0,0,NA,0,NA,"CGMP"
"1634",2019-06-18,1,0,NA,0,NA,"CGMP"
"1635",2019-06-18,2,0,NA,0,NA,"CGMP"
"1636",2019-06-18,3,0,NA,0,NA,"CGMP"
"1637",2019-06-18,4,0,NA,0,NA,"CGMP"
"1638",2019-06-18,5,0,NA,0,NA,"CGMP"
"1639",2019-06-18,6,0,NA,0,NA,"CGMP"
"1640",2019-06-18,7,0,NA,0,NA,"CGMP"
"1641",2019-06-18,8,0,NA,0,NA,"CGMP"
"1642",2019-06-18,9,0,0,1,NA,"CGMP"
"1643",2019-06-18,10,0,NA,0,NA,"CGMP"
"1644",2019-06-18,11,0,NA,0,NA,"CGMP"
"1645",2019-06-18,12,0,NA,0,NA,"CGMP"
"1646",2019-06-18,13,0,0,2,NA,"CGMP"
"1647",2019-06-18,14,0,NA,0,NA,"CGMP"
"1648",2019-06-18,15,0,0,2,NA,"CGMP"
"1649",2019-06-18,16,0,0,1,NA,"CGMP"
"1650",2019-06-18,17,0,NA,0,NA,"CGMP"
"1651",2019-06-18,18,0,NA,0,NA,"CGMP"
"1652",2019-06-18,19,0,NA,0,NA,"CGMP"
"1653",2019-06-18,20,0,NA,0,NA,"CGMP"
"1654",2019-06-18,21,0,NA,0,NA,"CGMP"
"1655",2019-06-18,22,0,NA,0,NA,"CGMP"
"1656",2019-06-18,23,0,NA,0,NA,"CGMP"
"1657",2019-06-19,0,0,NA,0,NA,"CGMP"
"1658",2019-06-19,1,0,NA,0,NA,"CGMP"
"1659",2019-06-19,2,0,NA,0,NA,"CGMP"
"1660",2019-06-19,3,0,NA,0,NA,"CGMP"
"1661",2019-06-19,4,0,NA,0,NA,"CGMP"
"1662",2019-06-19,5,0,NA,0,NA,"CGMP"
"1663",2019-06-19,6,0,NA,0,NA,"CGMP"
"1664",2019-06-19,7,0,NA,0,NA,"CGMP"
"1665",2019-06-19,8,0,NA,0,NA,"CGMP"
"1666",2019-06-19,9,0,NA,0,NA,"CGMP"
"1667",2019-06-19,10,0,NA,0,NA,"CGMP"
"1668",2019-06-19,11,0,NA,0,NA,"CGMP"
"1669",2019-06-19,12,0,NA,0,NA,"CGMP"
"1670",2019-06-19,13,0,NA,0,NA,"CGMP"
"1671",2019-06-19,14,0,NA,0,NA,"CGMP"
"1672",2019-06-19,15,0,NA,0,NA,"CGMP"
"1673",2019-06-19,16,0,NA,0,NA,"CGMP"
"1674",2019-06-19,17,0,NA,0,NA,"CGMP"
"1675",2019-06-19,18,0,NA,0,NA,"CGMP"
"1676",2019-06-19,19,0,NA,0,NA,"CGMP"
"1677",2019-06-19,20,0,NA,0,NA,"CGMP"
"1678",2019-06-19,21,0,NA,0,NA,"CGMP"
"1679",2019-06-19,22,0,NA,0,NA,"CGMP"
"1680",2019-06-19,23,0,NA,0,NA,"CGMP"
"1681",2019-06-20,0,0,NA,0,NA,"CGMP"
"1682",2019-06-20,1,0,0,1,NA,"CGMP"
"1683",2019-06-20,2,0,NA,0,NA,"CGMP"
"1684",2019-06-20,3,0,NA,0,NA,"CGMP"
"1685",2019-06-20,4,0,NA,0,NA,"CGMP"
"1686",2019-06-20,5,0,NA,0,NA,"CGMP"
"1687",2019-06-20,6,0,NA,0,NA,"CGMP"
"1688",2019-06-20,7,0,NA,0,NA,"CGMP"
"1689",2019-06-20,8,0,NA,0,NA,"CGMP"
"1690",2019-06-20,9,0,NA,0,NA,"CGMP"
"1691",2019-06-20,10,0,0,1,NA,"CGMP"
"1692",2019-06-20,11,0,NA,0,NA,"CGMP"
"1693",2019-06-20,12,0,NA,0,NA,"CGMP"
"1694",2019-06-20,13,0,NA,0,NA,"CGMP"
"1695",2019-06-20,14,0,NA,0,NA,"CGMP"
"1696",2019-06-20,15,0,NA,0,NA,"CGMP"
"1697",2019-06-20,16,0,NA,0,NA,"CGMP"
"1698",2019-06-20,17,0,NA,0,NA,"CGMP"
"1699",2019-06-20,18,0,NA,0,NA,"CGMP"
"1700",2019-06-20,19,0,0,1,NA,"CGMP"
"1701",2019-06-20,20,0,NA,0,NA,"CGMP"
"1702",2019-06-20,21,0,NA,0,NA,"CGMP"
"1703",2019-06-20,22,0,NA,0,NA,"CGMP"
"1704",2019-06-20,23,0,0,1,NA,"CGMP"
"1705",2019-06-21,0,0,0,1,NA,"CGMP"
"1706",2019-06-21,1,0,0,1,NA,"CGMP"
"1707",2019-06-21,2,0,NA,0,NA,"CGMP"
"1708",2019-06-21,3,0,NA,0,NA,"CGMP"
"1709",2019-06-21,4,0,NA,0,NA,"CGMP"
"1710",2019-06-21,5,0,0,1,NA,"CGMP"
"1711",2019-06-21,6,0,0,1,NA,"CGMP"
"1712",2019-06-21,7,0,NA,0,NA,"CGMP"
"1713",2019-06-21,8,0,NA,0,NA,"CGMP"
"1714",2019-06-21,9,0,NA,0,NA,"CGMP"
"1715",2019-06-21,10,0,NA,0,NA,"CGMP"
"1716",2019-06-21,11,0,0,2,NA,"CGMP"
"1717",2019-06-21,12,0,NA,0,NA,"CGMP"
"1718",2019-06-21,13,0,NA,0,NA,"CGMP"
"1719",2019-06-21,14,0,NA,0,NA,"CGMP"
"1720",2019-06-21,15,0,NA,0,NA,"CGMP"
"1721",2019-06-21,16,0,NA,0,NA,"CGMP"
"1722",2019-06-21,17,0,NA,0,NA,"CGMP"
"1723",2019-06-21,18,0,NA,0,NA,"CGMP"
"1724",2019-06-21,19,0,NA,0,NA,"CGMP"
"1725",2019-06-21,20,0,NA,0,NA,"CGMP"
"1726",2019-06-21,21,0,NA,0,NA,"CGMP"
"1727",2019-06-21,22,0,NA,0,NA,"CGMP"
"1728",2019-06-21,23,0,NA,0,NA,"CGMP"
"1729",2019-06-22,0,0,NA,0,NA,"CGMP"
"1730",2019-06-22,1,0,NA,0,NA,"CGMP"
"1731",2019-06-22,2,0,NA,0,NA,"CGMP"
"1732",2019-06-22,3,0,NA,0,NA,"CGMP"
"1733",2019-06-22,4,0,NA,0,NA,"CGMP"
"1734",2019-06-22,5,0,NA,0,NA,"CGMP"
"1735",2019-06-22,6,0,0,2,NA,"CGMP"
"1736",2019-06-22,7,0,0,1,NA,"CGMP"
"1737",2019-06-22,8,0,NA,0,NA,"CGMP"
"1738",2019-06-22,9,0,NA,0,NA,"CGMP"
"1739",2019-06-22,10,0,NA,0,NA,"CGMP"
"1740",2019-06-22,11,0,NA,0,NA,"CGMP"
"1741",2019-06-22,12,0,NA,0,NA,"CGMP"
"1742",2019-06-22,13,0,NA,0,NA,"CGMP"
"1743",2019-06-22,14,0,NA,0,NA,"CGMP"
"1744",2019-06-22,15,0,NA,0,NA,"CGMP"
"1745",2019-06-22,16,0,NA,0,NA,"CGMP"
"1746",2019-06-22,17,0,NA,0,NA,"CGMP"
"1747",2019-06-22,18,0,NA,0,NA,"CGMP"
"1748",2019-06-22,19,0,NA,0,NA,"CGMP"
"1749",2019-06-22,20,0,NA,0,NA,"CGMP"
"1750",2019-06-22,21,0,NA,0,NA,"CGMP"
"1751",2019-06-22,22,0,NA,0,NA,"CGMP"
"1752",2019-06-22,23,0,NA,0,NA,"CGMP"
"1753",2019-06-23,0,0,NA,0,NA,"CGMP"
"1754",2019-06-23,1,0,NA,0,NA,"CGMP"
"1755",2019-06-23,2,0,NA,0,NA,"CGMP"
"1756",2019-06-23,3,0,NA,0,NA,"CGMP"
"1757",2019-06-23,4,0,NA,0,NA,"CGMP"
"1758",2019-06-23,5,0,0,1,NA,"CGMP"
"1759",2019-06-23,6,0,NA,0,NA,"CGMP"
"1760",2019-06-23,7,0,NA,0,NA,"CGMP"
"1761",2019-06-23,8,0,NA,0,NA,"CGMP"
"1762",2019-06-23,9,0,0,1,NA,"CGMP"
"1763",2019-06-23,10,0,NA,0,NA,"CGMP"
"1764",2019-06-23,11,0,NA,0,NA,"CGMP"
"1765",2019-06-23,12,0,NA,0,NA,"CGMP"
"1766",2019-06-23,13,0,NA,0,NA,"CGMP"
"1767",2019-06-23,14,0,NA,0,NA,"CGMP"
"1768",2019-06-23,15,0,NA,0,NA,"CGMP"
"1769",2019-06-23,16,0,NA,0,NA,"CGMP"
"1770",2019-06-23,17,0,NA,0,NA,"CGMP"
"1771",2019-06-23,18,0,NA,0,NA,"CGMP"
"1772",2019-06-23,19,0,NA,0,NA,"CGMP"
"1773",2019-06-23,20,0,NA,0,NA,"CGMP"
"1774",2019-06-23,21,0,NA,0,NA,"CGMP"
"1775",2019-06-23,22,0,NA,0,NA,"CGMP"
"1776",2019-06-23,23,0,NA,0,NA,"CGMP"
"1777",2019-06-24,0,0,NA,0,NA,"CGMP"
"1778",2019-06-24,1,0,NA,0,NA,"CGMP"
"1779",2019-06-24,2,0,NA,0,NA,"CGMP"
"1780",2019-06-24,3,0,NA,0,NA,"CGMP"
"1781",2019-06-24,4,0,NA,0,NA,"CGMP"
"1782",2019-06-24,5,0,NA,0,NA,"CGMP"
"1783",2019-06-24,6,0,0,1,NA,"CGMP"
"1784",2019-06-24,7,0,NA,0,NA,"CGMP"
"1785",2019-06-24,8,0,NA,0,NA,"CGMP"
"1786",2019-06-24,9,0,NA,0,NA,"CGMP"
"1787",2019-06-24,10,0,NA,0,NA,"CGMP"
"1788",2019-06-24,11,0,NA,0,NA,"CGMP"
"1789",2019-06-24,12,0,NA,0,NA,"CGMP"
"1790",2019-06-24,13,0,NA,0,NA,"CGMP"
"1791",2019-06-24,14,0,NA,0,NA,"CGMP"
"1792",2019-06-24,15,0,NA,0,NA,"CGMP"
"1793",2019-06-24,16,0,NA,0,NA,"CGMP"
"1794",2019-06-24,17,0,NA,0,NA,"CGMP"
"1795",2019-06-24,18,0,NA,0,NA,"CGMP"
"1796",2019-06-24,19,0,NA,0,NA,"CGMP"
"1797",2019-06-24,20,0,NA,0,NA,"CGMP"
"1798",2019-06-24,21,0,NA,0,NA,"CGMP"
"1799",2019-06-24,22,0,NA,0,NA,"CGMP"
"1800",2019-06-24,23,0,NA,0,NA,"CGMP"
